{
"type": "FeatureCollection",
"name": "06mun",
"crs": { "type": "name", "properties": { "name": "urn:ogc:def:crs:OGC:1.3:CRS84" } },
"features": [
{ "type": "Feature", "properties": { "CVEGEO": "06009", "CVE_ENT": "06", "CVE_MUN": "009", "NOMGEO": "Tecomán" }, "geometry": { "type": "MultiPolygon", "coordinates": [ [ [ [ -114.737343155984647, 18.372059999343922 ], [ -114.736475657801606, 18.37166509284754 ], [ -114.735426759397754, 18.371754260865941 ], [ -114.733986577722362, 18.371696426815653 ], [ -114.733027497508516, 18.371129032762159 ], [ -114.732160799788929, 18.370337478738566 ], [ -114.731159179831891, 18.368908478352424 ], [ -114.73019679705267, 18.368305301029466 ], [ -114.729809653388259, 18.367797442770474 ], [ -114.728554274764036, 18.367291253700625 ], [ -114.727697626433468, 18.366606979695959 ], [ -114.726795265905707, 18.366647589321822 ], [ -114.726606370927186, 18.367456741965558 ], [ -114.726172718111712, 18.368070384556159 ], [ -114.725743995531928, 18.367926551272433 ], [ -114.725409263890185, 18.366765326750858 ], [ -114.724191369894285, 18.366255920091472 ], [ -114.722503172463504, 18.365966695988849 ], [ -114.72155920954323, 18.366371308475141 ], [ -114.71971036648749, 18.366384095539331 ], [ -114.718684812652455, 18.366723516705974 ], [ -114.718711458538991, 18.367009655363482 ], [ -114.717946433707297, 18.366497800959806 ], [ -114.717590994180739, 18.36714082557716 ], [ -114.717699219447795, 18.367492139096452 ], [ -114.716847630660467, 18.367672579068685 ], [ -114.716058470012214, 18.367306964320132 ], [ -114.715533199742794, 18.367748098197996 ], [ -114.715268481526849, 18.367337965901463 ], [ -114.714709911535422, 18.367421423583387 ], [ -114.714252897389002, 18.367784659824292 ], [ -114.713613582763344, 18.367406315555602 ], [ -114.712605490806013, 18.367527912544233 ], [ -114.711768053881983, 18.367454771789557 ], [ -114.710514382173812, 18.367777441734876 ], [ -114.709584533380649, 18.367928429086607 ], [ -114.708570629158075, 18.367581842607301 ], [ -114.707545893169197, 18.367524567725894 ], [ -114.706613572312904, 18.367243148260677 ], [ -114.70593682088905, 18.36686794887596 ], [ -114.705135129281473, 18.367584835526966 ], [ -114.704156106895582, 18.368424906179246 ], [ -114.70316130682032, 18.368689510409006 ], [ -114.701877665947805, 18.368690198493706 ], [ -114.700941150109017, 18.368769597072763 ], [ -114.700028789765156, 18.368702743344045 ], [ -114.699047281327765, 18.369110391491834 ], [ -114.698427074627091, 18.369343210639496 ], [ -114.697766080030704, 18.369543434030863 ], [ -114.696980283761661, 18.369213486402021 ], [ -114.6964533928262, 18.368825543736182 ], [ -114.696048860769068, 18.368535378690304 ], [ -114.695457027126309, 18.368261085992597 ], [ -114.694584566443808, 18.368623413905045 ], [ -114.694171604935107, 18.369054951116212 ], [ -114.694094897511334, 18.369854543156002 ], [ -114.693790096214769, 18.370637412193702 ], [ -114.693349637858333, 18.371179426821634 ], [ -114.693713385676872, 18.371437005856741 ], [ -114.693338769686946, 18.37146874578406 ], [ -114.692273225018496, 18.371378771897128 ], [ -114.69056751082654, 18.371306968611265 ], [ -114.68960770689317, 18.371135919974368 ], [ -114.689346382975373, 18.370761508517116 ], [ -114.688956060804045, 18.37021777469597 ], [ -114.687915609703907, 18.36958490255007 ], [ -114.686280028893904, 18.368641927187007 ], [ -114.685678247906026, 18.368260291431756 ], [ -114.684893408077755, 18.367533659831185 ], [ -114.684758692940662, 18.366896178745655 ], [ -114.684412503366602, 18.366420800290275 ], [ -114.684201949201878, 18.366186282525344 ], [ -114.684196227764801, 18.365718126326009 ], [ -114.68369503545712, 18.366012904398971 ], [ -114.683692637352223, 18.365580516675337 ], [ -114.684000805744219, 18.364833441331761 ], [ -114.682929601879664, 18.364275247688543 ], [ -114.682259572293944, 18.363971478954745 ], [ -114.681460561679458, 18.363498381354393 ], [ -114.680945560906224, 18.362424455427963 ], [ -114.680502165638899, 18.361308419800558 ], [ -114.680977712052893, 18.360330895277638 ], [ -114.681625404069024, 18.359987676676756 ], [ -114.682014202645604, 18.359702421327746 ], [ -114.682686988883631, 18.358816341420681 ], [ -114.682817821016798, 18.358192434889258 ], [ -114.683547056127196, 18.357914402616203 ], [ -114.68426724540376, 18.357132448546722 ], [ -114.685159590581378, 18.356984792143187 ], [ -114.68626762978613, 18.356314181225876 ], [ -114.686708069304771, 18.355772198877688 ], [ -114.686822269592355, 18.354969454542967 ], [ -114.687742087453955, 18.354711308699603 ], [ -114.687981030407784, 18.354438729857371 ], [ -114.688503924339159, 18.353565320701495 ], [ -114.689206542500273, 18.353001123468115 ], [ -114.689582014342889, 18.352572782840163 ], [ -114.690440191132794, 18.352464035575853 ], [ -114.690932251442376, 18.351665327735436 ], [ -114.691532451295657, 18.351217943336074 ], [ -114.691795543768833, 18.350799118373619 ], [ -114.692801103518477, 18.350245286029743 ], [ -114.693844111151961, 18.349688273396325 ], [ -114.694247043520278, 18.349149448117426 ], [ -114.694536715596655, 18.349016755175452 ], [ -114.69502452588047, 18.3485788800241 ], [ -114.695406615777586, 18.348222061131164 ], [ -114.695400856874627, 18.347753918378007 ], [ -114.695251925818539, 18.34737000587193 ], [ -114.695998587333463, 18.346874141954611 ], [ -114.695771422108621, 18.346460813184116 ], [ -114.696163478142594, 18.346211293807485 ], [ -114.697673400114013, 18.345398388534491 ], [ -114.698368408068731, 18.345159230404761 ], [ -114.698956822622719, 18.345397735500114 ], [ -114.699566067036017, 18.345454230769008 ], [ -114.699779064169149, 18.346121095059079 ], [ -114.700336681304023, 18.346434304614977 ], [ -114.70090340521358, 18.34725142107667 ], [ -114.701423574262549, 18.347567802858809 ], [ -114.701886335999561, 18.3476727583644 ], [ -114.702054371306644, 18.348667873750276 ], [ -114.702458857319854, 18.348958013418731 ], [ -114.703123072906536, 18.348793542316393 ], [ -114.703724816020042, 18.349175097561151 ], [ -114.704228367175659, 18.349312636718128 ], [ -114.705141460725514, 18.348982853185692 ], [ -114.705900544845591, 18.34902661487871 ], [ -114.706440694852887, 18.349557580630094 ], [ -114.706927613931427, 18.349516277351785 ], [ -114.707205581970015, 18.350069480241235 ], [ -114.707937199531642, 18.350223709338511 ], [ -114.708792019330673, 18.350079091441383 ], [ -114.709431239751481, 18.350457446790148 ], [ -114.709983087675269, 18.350302477654139 ], [ -114.710627330453605, 18.349923372950563 ], [ -114.711274898932345, 18.349580031652909 ], [ -114.711653620866798, 18.349187404889722 ], [ -114.711909990794851, 18.34869701213978 ], [ -114.71210809139113, 18.348391809813158 ], [ -114.713156826039892, 18.348302807621753 ], [ -114.71458426994009, 18.347821163758677 ], [ -114.716298020351559, 18.347171005463249 ], [ -114.717530684827864, 18.347030308271165 ], [ -114.719465806098825, 18.346325268551485 ], [ -114.720661006300631, 18.346187727033946 ], [ -114.721484994041958, 18.346117750699818 ], [ -114.721391727997641, 18.345116299117706 ], [ -114.721304311532307, 18.344582988138356 ], [ -114.721777883549507, 18.344398573062925 ], [ -114.722655970793255, 18.344504238968032 ], [ -114.722806593752253, 18.344094907203079 ], [ -114.72348822552712, 18.343712569527781 ], [ -114.723971787100353, 18.343635444974137 ], [ -114.725001290430029, 18.342935157808302 ], [ -114.725408337603383, 18.343657607278953 ], [ -114.726015053767355, 18.343281621070549 ], [ -114.725355150156417, 18.344707547005537 ], [ -114.723600687986874, 18.345325222194969 ], [ -114.7244139814741, 18.347166741193462 ], [ -114.725997983911114, 18.348365999312758 ], [ -114.727287302056794, 18.348833247059876 ], [ -114.728750570917484, 18.349141506427006 ], [ -114.730831362294765, 18.348784431474535 ], [ -114.731105115539961, 18.348076227179444 ], [ -114.7315894719586, 18.347602468373395 ], [ -114.731128258687562, 18.346704385743529 ], [ -114.731203952190128, 18.346301410652032 ], [ -114.732226771096407, 18.345529539571604 ], [ -114.733092317141043, 18.345095473535704 ], [ -114.73285248839457, 18.344142531566639 ], [ -114.732301268295743, 18.342278781851665 ], [ -114.733725247048326, 18.341761194268337 ], [ -114.735095091354211, 18.341067950553803 ], [ -114.735792575047711, 18.341260992108825 ], [ -114.73593929800289, 18.342834680308506 ], [ -114.736862276573277, 18.342612003321914 ], [ -114.737460485955395, 18.341335463599716 ], [ -114.738291383625551, 18.342959117616608 ], [ -114.739216170663823, 18.343565406343693 ], [ -114.740011928732457, 18.344002417967314 ], [ -114.741145525478629, 18.344014147125883 ], [ -114.742246512845142, 18.343271603931164 ], [ -114.743973422009475, 18.342764196830181 ], [ -114.746223910053672, 18.34260875850352 ], [ -114.748421721560334, 18.341484435195067 ], [ -114.749297938368855, 18.340760968960744 ], [ -114.750415547200561, 18.340197195623482 ], [ -114.75052936110437, 18.339394420978365 ], [ -114.751376662862896, 18.33957463747765 ], [ -114.752103046935943, 18.338863909849557 ], [ -114.753636387925582, 18.339922990102234 ], [ -114.754488940280098, 18.340967930712647 ], [ -114.755001814150972, 18.341609199525738 ], [ -114.755728672116632, 18.342520642456428 ], [ -114.756254917432685, 18.343304969144064 ], [ -114.75843910382514, 18.34405623763233 ], [ -114.759389307703515, 18.34574174243129 ], [ -114.759108318852412, 18.34677507410154 ], [ -114.759500786883933, 18.348147591753669 ], [ -114.758725505288439, 18.349547480332895 ], [ -114.758454525798058, 18.350688113389612 ], [ -114.758078566681021, 18.351513237345237 ], [ -114.758501811798041, 18.352811045704069 ], [ -114.758220801745821, 18.353844386254288 ], [ -114.757872266425778, 18.354559025781622 ], [ -114.757815274335286, 18.355969843088086 ], [ -114.757674054831128, 18.356883129479865 ], [ -114.757572922446911, 18.35822560947252 ], [ -114.75743433075516, 18.359571281004932 ], [ -114.756510558778601, 18.360190706285092 ], [ -114.755744072935002, 18.361339092670235 ], [ -114.756041067388281, 18.362794283007499 ], [ -114.756661011767534, 18.363395212761535 ], [ -114.756376124532011, 18.365303726213977 ], [ -114.755625749160743, 18.366540473632181 ], [ -114.754378204007821, 18.366550556399854 ], [ -114.753615476474579, 18.366577036277977 ], [ -114.75237288758926, 18.36685585985197 ], [ -114.753105963711576, 18.367158770601229 ], [ -114.752417028304222, 18.367544277970314 ], [ -114.751603651983032, 18.367459696132446 ], [ -114.750955672248622, 18.368630825379846 ], [ -114.749969101131967, 18.368174029501951 ], [ -114.750280253727354, 18.367462582393756 ], [ -114.749430906377626, 18.366453345020503 ], [ -114.747990037266433, 18.366792265822468 ], [ -114.746723480993353, 18.368594421541296 ], [ -114.745677207599599, 18.369116049267546 ], [ -114.744008205110717, 18.369438288583641 ], [ -114.742534999759229, 18.370645124870254 ], [ -114.742625853530939, 18.371214209888461 ], [ -114.741310646289449, 18.371686578783756 ], [ -114.739386050089436, 18.372102603054991 ], [ -114.739283676488739, 18.372219460883539 ], [ -114.73858269503998, 18.371990659357685 ], [ -114.737343155984647, 18.372059999343922 ] ] ], [ [ [ -103.882739430030753, 19.11653315003479 ], [ -103.882335029551015, 19.115845489755372 ], [ -103.882294309877409, 19.115095550400234 ], [ -103.882317489608866, 19.114575719718705 ], [ -103.882313110327544, 19.114258290125118 ], [ -103.882368290143674, 19.113853509604638 ], [ -103.882878600443021, 19.113414199899072 ], [ -103.883326580066921, 19.112860199861196 ], [ -103.88384223007715, 19.112318289786504 ], [ -103.882599799867933, 19.112066779702992 ], [ -103.882351200425049, 19.112015580110569 ], [ -103.876622339856624, 19.11090539970326 ], [ -103.87195788000227, 19.10380151976846 ], [ -103.869146909740778, 19.102966489853301 ], [ -103.869088830321857, 19.101809509908829 ], [ -103.867846720404657, 19.101090289928894 ], [ -103.857935600342515, 19.105142800292878 ], [ -103.856423820383085, 19.106319419890326 ], [ -103.855055149724592, 19.10603755034229 ], [ -103.853662199572625, 19.106419549556882 ], [ -103.853073619817025, 19.106580950045323 ], [ -103.852818799692869, 19.106656180404951 ], [ -103.848409860259395, 19.107868859996696 ], [ -103.848687980379481, 19.105155539599085 ], [ -103.848900449791671, 19.103082770136385 ], [ -103.849922569568349, 19.09272242988099 ], [ -103.8503276596483, 19.090323599899236 ], [ -103.850732720148173, 19.087924769706309 ], [ -103.852408549609279, 19.084212319708357 ], [ -103.856002780410961, 19.085113430169809 ], [ -103.861173619915036, 19.086766770287269 ], [ -103.856038179775837, 19.080594830294526 ], [ -103.856088150127562, 19.078951279773772 ], [ -103.856380029813806, 19.071173740141397 ], [ -103.857339350200618, 19.045606600099294 ], [ -103.854839739650373, 19.045572880330354 ], [ -103.853259259817349, 19.047151170072311 ], [ -103.85266911973774, 19.047133479590411 ], [ -103.851642999755441, 19.047102719866587 ], [ -103.846249180200502, 19.047021650294159 ], [ -103.840027800248478, 19.048948030305183 ], [ -103.788945479666594, 19.059360400130203 ], [ -103.785590829898766, 19.059353029789008 ], [ -103.785305369937745, 19.05935414036524 ], [ -103.785019480208874, 19.059353780129467 ], [ -103.783913399913814, 19.059351720208504 ], [ -103.783541280258333, 19.05927799965448 ], [ -103.783460220407548, 19.059631119563338 ], [ -103.783171220337763, 19.060889800441647 ], [ -103.782670059733476, 19.063072429778707 ], [ -103.7853453796194, 19.064106619742073 ], [ -103.78582548987535, 19.064405720070436 ], [ -103.78728583021433, 19.065736850321208 ], [ -103.788840520076533, 19.068390080014755 ], [ -103.790717749806177, 19.07419802971404 ], [ -103.788321880113642, 19.074558949700059 ], [ -103.785969600363543, 19.074913279933234 ], [ -103.785009059773913, 19.075057950243696 ], [ -103.784529029744149, 19.078230350105322 ], [ -103.773016169636449, 19.078699280456135 ], [ -103.773021219785861, 19.078684509747287 ], [ -103.773398879997231, 19.07757959990958 ], [ -103.773592720118785, 19.077107719560313 ], [ -103.773584880320485, 19.076504050087927 ], [ -103.773750419795078, 19.075582710187057 ], [ -103.774440170176391, 19.075250339634334 ], [ -103.774719420160423, 19.075012259697544 ], [ -103.774914429651105, 19.074629820307695 ], [ -103.774956089899945, 19.07421563020149 ], [ -103.774789429609015, 19.073930079895216 ], [ -103.774808710125427, 19.073625000337913 ], [ -103.774974029540218, 19.07330623000129 ], [ -103.775274379931773, 19.073120400016048 ], [ -103.775765460171954, 19.073053520076289 ], [ -103.776011739716978, 19.072929679901605 ], [ -103.776105719750433, 19.07278454020458 ], [ -103.776118949698372, 19.072567320447174 ], [ -103.776083660118275, 19.07201395028417 ], [ -103.774386829616148, 19.071100940083372 ], [ -103.769818000089856, 19.068663750107632 ], [ -103.769769319682126, 19.068637779989871 ], [ -103.768649820309577, 19.068074399554551 ], [ -103.771032249984458, 19.065733050390612 ], [ -103.77171694000765, 19.064981629637554 ], [ -103.772358850324053, 19.064228910395975 ], [ -103.774138720243187, 19.059913939736671 ], [ -103.773948579992506, 19.058110969903474 ], [ -103.773576889736447, 19.056628400059068 ], [ -103.773697770302263, 19.055449599809023 ], [ -103.773705939562348, 19.05461282972756 ], [ -103.773256420107714, 19.053590180085038 ], [ -103.772722570003666, 19.052600220353831 ], [ -103.772475690219309, 19.051850889745364 ], [ -103.772325940193795, 19.051396340442277 ], [ -103.772287000119178, 19.050452089755687 ], [ -103.771640289975167, 19.049203620370932 ], [ -103.771422880046785, 19.04832840024504 ], [ -103.771245339650434, 19.047613739574647 ], [ -103.770740059624444, 19.045520779630206 ], [ -103.770702089741405, 19.044429349858166 ], [ -103.770667229525458, 19.043211649944091 ], [ -103.771071179722043, 19.042417250162163 ], [ -103.77129839962214, 19.041579110276988 ], [ -103.771797550328742, 19.039536689803295 ], [ -103.772030979680437, 19.037859020044614 ], [ -103.771600060387655, 19.036429150364061 ], [ -103.771475000020885, 19.03537897989969 ], [ -103.770691710148824, 19.03394702026532 ], [ -103.769937680257513, 19.031937080300025 ], [ -103.769823649896097, 19.031633110032075 ], [ -103.769337630342804, 19.029796290169099 ], [ -103.769222829928765, 19.029362460225446 ], [ -103.767871460086369, 19.027003249901632 ], [ -103.771884739916985, 19.021837539905096 ], [ -103.771622179779243, 19.021479890451577 ], [ -103.771050800286773, 19.021112680318662 ], [ -103.770917859666795, 19.018587289962191 ], [ -103.770897649668896, 19.018203369986296 ], [ -103.770809690065661, 19.016532490056239 ], [ -103.770037600142331, 19.001864289897881 ], [ -103.769944970428682, 19.000104260088381 ], [ -103.780716169971058, 18.999909399742084 ], [ -103.780593820123912, 18.998578580293767 ], [ -103.777939649618588, 18.983761419852048 ], [ -103.77815905019645, 18.978319879693128 ], [ -103.777710450335661, 18.978005260439222 ], [ -103.77757089037074, 18.977907379887405 ], [ -103.778240800238152, 18.975629290391499 ], [ -103.783978970347945, 18.956112769812218 ], [ -103.775334520251718, 18.951347880402121 ], [ -103.774175680176015, 18.950709059672626 ], [ -103.774076600379786, 18.950654429863025 ], [ -103.769864720099022, 18.948332519557717 ], [ -103.772077539770251, 18.946453089704463 ], [ -103.773345740443077, 18.945412980132947 ], [ -103.774265250269551, 18.944651940078423 ], [ -103.775081920232651, 18.943988659858157 ], [ -103.775257379925293, 18.943845139682814 ], [ -103.776211520101668, 18.943064679923673 ], [ -103.776344709973827, 18.942954550010981 ], [ -103.765117690365557, 18.940634150318107 ], [ -103.762219149710702, 18.948680580198108 ], [ -103.751467180172739, 18.94492668971543 ], [ -103.754209370422359, 18.941922880405151 ], [ -103.760502170259116, 18.934361290050095 ], [ -103.763770059849847, 18.930529750193298 ], [ -103.765146920204089, 18.929038219784143 ], [ -103.76529163002256, 18.928894799614255 ], [ -103.770691629936707, 18.923747850167434 ], [ -103.771419740439072, 18.922104820276232 ], [ -103.776181079577412, 18.917786020003657 ], [ -103.775349920058389, 18.916064549665869 ], [ -103.773603979667442, 18.915334150127116 ], [ -103.772294279957691, 18.915956260124755 ], [ -103.772172879597676, 18.918331249594861 ], [ -103.770829549789255, 18.918785680163488 ], [ -103.770047420305133, 18.919004849917847 ], [ -103.769262310410738, 18.919362689874955 ], [ -103.768547000393539, 18.92048036963584 ], [ -103.766959620062451, 18.922664280255688 ], [ -103.763910119870118, 18.921203079787006 ], [ -103.766938690020822, 18.916050849654766 ], [ -103.768044860370907, 18.914624089751651 ], [ -103.768581089933789, 18.913565680332809 ], [ -103.769220649947741, 18.911010320010103 ], [ -103.767391629834478, 18.910840859728189 ], [ -103.767336769723897, 18.910835780326661 ], [ -103.747971739873392, 18.909040540299394 ], [ -103.747462709999738, 18.910565149564988 ], [ -103.745753350165643, 18.915684859620875 ], [ -103.745175630447847, 18.917415120316544 ], [ -103.742687950121947, 18.917636450333852 ], [ -103.742498460264841, 18.917653310086433 ], [ -103.742424259685976, 18.917639150032986 ], [ -103.741559349546549, 18.917601779713703 ], [ -103.740783169840682, 18.917568230323734 ], [ -103.740730169930004, 18.916939229955247 ], [ -103.740672820424408, 18.91625830994851 ], [ -103.74050981955844, 18.913309740406206 ], [ -103.739778059916461, 18.910006430146005 ], [ -103.739568549587389, 18.907494749863318 ], [ -103.739528109661194, 18.905385199928823 ], [ -103.738345219769769, 18.904176020230448 ], [ -103.741424600363047, 18.90186374036141 ], [ -103.741506799701696, 18.901792200199804 ], [ -103.741103109601426, 18.900806620227076 ], [ -103.740285089922835, 18.90111406044268 ], [ -103.740088379968725, 18.901299580142098 ], [ -103.738901970003567, 18.902153350365786 ], [ -103.737659320042908, 18.903983320126535 ], [ -103.73764028000349, 18.903877580439744 ], [ -103.735631490417219, 18.902506509983677 ], [ -103.734183089702924, 18.905267580196771 ], [ -103.731989749577707, 18.907690090025206 ], [ -103.730029120221374, 18.90784574989824 ], [ -103.729404490117744, 18.906438019589945 ], [ -103.728202120339489, 18.903728120028202 ], [ -103.727962630122505, 18.90391205039656 ], [ -103.728065939970634, 18.904044879987946 ], [ -103.728386910014123, 18.905230420448245 ], [ -103.728077220208036, 18.906727090000981 ], [ -103.729007430116454, 18.907859090290088 ], [ -103.729316880119612, 18.908527519875193 ], [ -103.72957525970503, 18.908753110012807 ], [ -103.729599569831748, 18.909104219801069 ], [ -103.729889939600156, 18.90986391006156 ], [ -103.730107260289174, 18.910247460039415 ], [ -103.730349620083118, 18.910663050003787 ], [ -103.73052017040871, 18.910911879827893 ], [ -103.730641690313263, 18.911681570370298 ], [ -103.730751110291862, 18.912171179829304 ], [ -103.730364830450554, 18.912183819970071 ], [ -103.728843179802126, 18.912868650051564 ], [ -103.723602370199757, 18.905562279787837 ], [ -103.72074474017333, 18.901577980224644 ], [ -103.720767820317931, 18.901490430160042 ], [ -103.719695890099331, 18.901903460030677 ], [ -103.71820253990245, 18.901868479891327 ], [ -103.717474280289537, 18.901902509615748 ], [ -103.716816599946682, 18.90184433962796 ], [ -103.716142879785536, 18.901730000265779 ], [ -103.71556822032241, 18.901440649891249 ], [ -103.715366830300255, 18.901251290353667 ], [ -103.714737689616513, 18.900736170126255 ], [ -103.713099479596181, 18.900677859745596 ], [ -103.711742779690042, 18.900899109781996 ], [ -103.711324180357892, 18.900884279616804 ], [ -103.710980459746736, 18.900886259770672 ], [ -103.710852620277436, 18.894212180051284 ], [ -103.708552710465554, 18.893423120074157 ], [ -103.706310319945217, 18.892771429892708 ], [ -103.704565429683583, 18.892213280210633 ], [ -103.702724110423844, 18.891662549936306 ], [ -103.705069690118719, 18.890070030353016 ], [ -103.698340650053538, 18.88578915040663 ], [ -103.698296379591127, 18.885752310193158 ], [ -103.696597080089205, 18.884338680123598 ], [ -103.697420679965802, 18.883616570280651 ], [ -103.695570679849567, 18.88220967963635 ], [ -103.695299219716787, 18.882787319974835 ], [ -103.69385031999731, 18.882440819918454 ], [ -103.693754649565392, 18.882468119857457 ], [ -103.693508180184494, 18.883205739875457 ], [ -103.69172714996283, 18.883133480143066 ], [ -103.691648770278576, 18.883211520324185 ], [ -103.691557709916992, 18.883253819748909 ], [ -103.689056710253325, 18.882796220194411 ], [ -103.689031690176805, 18.88285436959756 ], [ -103.687851909827572, 18.882261740031332 ], [ -103.68786348981952, 18.882214859761277 ], [ -103.686714089987859, 18.881607749807284 ], [ -103.687374580460997, 18.879981229582516 ], [ -103.687973090084071, 18.878462820013411 ], [ -103.688566400158848, 18.876890400036679 ], [ -103.688614419911588, 18.876825690394892 ], [ -103.688943999609847, 18.876799380085131 ], [ -103.688952179717347, 18.876737549955614 ], [ -103.691292850247009, 18.871578029702729 ], [ -103.694171710380061, 18.865463630416983 ], [ -103.686947319670878, 18.861180999923445 ], [ -103.678649079968338, 18.858028570417321 ], [ -103.675655000292693, 18.856890999996214 ], [ -103.671752800289056, 18.85484742977329 ], [ -103.671508490416684, 18.854718110423455 ], [ -103.671042049539111, 18.854466170214966 ], [ -103.668637820456865, 18.858544890246748 ], [ -103.658592180352272, 18.85263610978263 ], [ -103.652223370085466, 18.848889540288848 ], [ -103.653256430098722, 18.845484630137669 ], [ -103.651465910203456, 18.844702230026012 ], [ -103.650287429692185, 18.840827519559536 ], [ -103.644059570023543, 18.837237859729978 ], [ -103.625818150325046, 18.826721279896212 ], [ -103.624889480006871, 18.826185800289863 ], [ -103.624624229827774, 18.826109429863578 ], [ -103.624265309858998, 18.825671379909501 ], [ -103.623401850109033, 18.823985460346716 ], [ -103.621948890129403, 18.822213349557646 ], [ -103.621052969579864, 18.820957510231786 ], [ -103.620691419638831, 18.820351820055212 ], [ -103.620463550338371, 18.818704350115429 ], [ -103.620367519838055, 18.816508599696764 ], [ -103.620629180408429, 18.814974690334616 ], [ -103.621031949757523, 18.81353912003334 ], [ -103.621406109548275, 18.812139509805892 ], [ -103.621454680250466, 18.811957829764264 ], [ -103.621424819569, 18.811271550430398 ], [ -103.621597919945714, 18.810095950266827 ], [ -103.621524939557474, 18.809472660027549 ], [ -103.621117110145008, 18.808270489840524 ], [ -103.620692480233458, 18.806485060334499 ], [ -103.620188000188747, 18.805513739601714 ], [ -103.619846219940058, 18.804235139633867 ], [ -103.619757450105681, 18.802280660277852 ], [ -103.620031019655826, 18.801383199789424 ], [ -103.622367029837619, 18.798746429901477 ], [ -103.623683120313416, 18.797276080254743 ], [ -103.62445914988173, 18.796352400397932 ], [ -103.624995739813897, 18.795514520317585 ], [ -103.626786460296159, 18.793518969764996 ], [ -103.628633419746222, 18.791816289617351 ], [ -103.629616539811167, 18.791177260373381 ], [ -103.630674649903199, 18.790677049821404 ], [ -103.631738150079528, 18.790309909871453 ], [ -103.633240050305091, 18.789620150075848 ], [ -103.634483179677233, 18.788551750208711 ], [ -103.636467939568107, 18.785772349787912 ], [ -103.637150319756515, 18.784543090165336 ], [ -103.637468350007836, 18.783527280194463 ], [ -103.63797822035113, 18.783207540314955 ], [ -103.638821979752748, 18.783198350109984 ], [ -103.639149629895698, 18.782985339889994 ], [ -103.639882520008797, 18.782907509823861 ], [ -103.641313349936809, 18.782891909740449 ], [ -103.643258479756327, 18.782940540326884 ], [ -103.645085649679913, 18.782327089926902 ], [ -103.646398350290909, 18.781649490175145 ], [ -103.647721349568229, 18.780508650276158 ], [ -103.64894322999254, 18.779525120447236 ], [ -103.650756380180368, 18.777936309813491 ], [ -103.652176519684858, 18.777047980104911 ], [ -103.653711339831418, 18.776542420199636 ], [ -103.655370650202229, 18.777222349735084 ], [ -103.655997599828069, 18.777494720214396 ], [ -103.656729919672401, 18.778424430177346 ], [ -103.65850746031316, 18.779198339799461 ], [ -103.660890689932359, 18.779067340330911 ], [ -103.661843229737116, 18.778952109823951 ], [ -103.662500630222993, 18.778700510125073 ], [ -103.663085019857519, 18.778484599936085 ], [ -103.663742420007011, 18.77823294965641 ], [ -103.664802000317295, 18.777872170050198 ], [ -103.665928949806727, 18.77702187957328 ], [ -103.666663309551311, 18.776370620077195 ], [ -103.667056539771409, 18.775915619893368 ], [ -103.667845880019087, 18.77524274988852 ], [ -103.669356720220037, 18.774466999946664 ], [ -103.670435020344399, 18.774210139900141 ], [ -103.671602770420378, 18.773912549813634 ], [ -103.672679249820334, 18.773577310116778 ], [ -103.674205170391062, 18.773336349570283 ], [ -103.675757740041732, 18.773341480190421 ], [ -103.677663830236426, 18.773409819994583 ], [ -103.679017000374529, 18.773211050447095 ], [ -103.679928030036578, 18.772712119575832 ], [ -103.680670459968752, 18.772130969972022 ], [ -103.681631880154185, 18.770268259729463 ], [ -103.683027480031015, 18.766903219832759 ], [ -103.684051910146437, 18.764070280083107 ], [ -103.684731769765193, 18.762311120214008 ], [ -103.68507833973851, 18.760251910178489 ], [ -103.685221150157844, 18.75959279958586 ], [ -103.685254109672584, 18.75845005967567 ], [ -103.685438379932847, 18.757292770117061 ], [ -103.687765349877026, 18.755696279904473 ], [ -103.687829450350279, 18.755652290351644 ], [ -103.687932340395847, 18.755581690209134 ], [ -103.689543339650697, 18.754531950261281 ], [ -103.690366139961199, 18.754646659906047 ], [ -103.69144896953118, 18.754724120197828 ], [ -103.692727030244257, 18.755448719953986 ], [ -103.694849170055491, 18.755534629821273 ], [ -103.69639666046146, 18.755900909730276 ], [ -103.697570799965675, 18.75592254955663 ], [ -103.698595249975043, 18.755701539881457 ], [ -103.698850452416622, 18.755585466457013 ], [ -103.698889754347817, 18.755567590899101 ], [ -103.698934850104322, 18.75554707972773 ], [ -103.699663949694127, 18.75474404957605 ], [ -103.700302650216429, 18.754355749938465 ], [ -103.700750400383782, 18.753739779626887 ], [ -103.701006466572224, 18.753362023813832 ], [ -103.702443419996868, 18.751242150098054 ], [ -103.703167579544868, 18.748494419887958 ], [ -103.703187199969477, 18.746172110130225 ], [ -103.703031370125345, 18.744803829966969 ], [ -103.702954336765387, 18.743966483425549 ], [ -103.702852510207734, 18.742859630181457 ], [ -103.702922770215636, 18.74232748970531 ], [ -103.70311743003532, 18.740853139758809 ], [ -103.703454574525438, 18.739644359613258 ], [ -103.703645799736051, 18.738958739835393 ], [ -103.704687430072653, 18.73712505999973 ], [ -103.705475719718422, 18.73569427982158 ], [ -103.706142019314228, 18.73421148616481 ], [ -103.706158540377459, 18.73417472023759 ], [ -103.706163422086178, 18.734166390458583 ], [ -103.706600880121343, 18.733419939920104 ], [ -103.706872370292047, 18.732864689692477 ], [ -103.707033060120864, 18.732536079951657 ], [ -103.707248919818667, 18.732076570232955 ], [ -103.707791430456524, 18.731156290076427 ], [ -103.708588059899398, 18.729881550393092 ], [ -103.709353000094751, 18.729029059948846 ], [ -103.71041468971093, 18.728278680435153 ], [ -103.711807399711404, 18.727419049648372 ], [ -103.712717380297107, 18.72635394024875 ], [ -103.713064629781087, 18.724592079996111 ], [ -103.713263795937181, 18.724201291028379 ], [ -103.713785540465096, 18.723177550028044 ], [ -103.714407139819386, 18.721918000100221 ], [ -103.715033370059572, 18.720717050232302 ], [ -103.715169878731984, 18.720455257923682 ], [ -103.715992579851488, 18.718877490077908 ], [ -103.716337490187399, 18.716280800070866 ], [ -103.716671220228264, 18.715146750396432 ], [ -103.717241600313997, 18.713208370278707 ], [ -103.718930310177214, 18.710431490260085 ], [ -103.719230279598392, 18.710322060153803 ], [ -103.721421690175021, 18.709522520152294 ], [ -103.723725920133589, 18.709166769619213 ], [ -103.72568890989524, 18.707676680138402 ], [ -103.726582279635579, 18.705734570133338 ], [ -103.727212379800179, 18.703478370444515 ], [ -103.727523350169307, 18.702008310346255 ], [ -103.727601310307818, 18.70163976999017 ], [ -103.728055489932331, 18.701046400215574 ], [ -103.72875005039279, 18.700138979830356 ], [ -103.730147430178633, 18.698791919864902 ], [ -103.731609049650331, 18.698204949835223 ], [ -103.733107259754945, 18.697697489732846 ], [ -103.73449759980501, 18.697196770339758 ], [ -103.736165720095443, 18.695959600144413 ], [ -103.736720019599446, 18.695210449786867 ], [ -103.736945979993649, 18.695007079780368 ], [ -103.737982229904475, 18.694074429904532 ], [ -103.738127079659151, 18.692960689775642 ], [ -103.737737049769819, 18.691979149557245 ], [ -103.737350992167961, 18.69100761301306 ], [ -103.737174219551207, 18.690562749684613 ], [ -103.736521029579919, 18.688308920074984 ], [ -103.736562300741454, 18.68810822575599 ], [ -103.736582253265695, 18.688011201961807 ], [ -103.736626033609113, 18.687798304083461 ], [ -103.736642489898429, 18.687718279558926 ], [ -103.736674518319973, 18.687634872567823 ], [ -103.736714238916335, 18.687531436940723 ], [ -103.736800968430629, 18.687305584564076 ], [ -103.736906734862643, 18.687030154849499 ], [ -103.736917120051146, 18.687003110254313 ], [ -103.736966084188282, 18.686697474591995 ], [ -103.73697117357186, 18.686665705099394 ], [ -103.736979181208895, 18.686615717354456 ], [ -103.737056650075388, 18.686132150083555 ], [ -103.737057198166681, 18.68612505116397 ], [ -103.737066833621043, 18.686000161010426 ], [ -103.73706997659923, 18.685959417690952 ], [ -103.73707355508833, 18.685913031483647 ], [ -103.737120317560766, 18.685306881533247 ], [ -103.737124223064455, 18.685256258670282 ], [ -103.737128394392585, 18.685202187384675 ], [ -103.737133169967819, 18.685140279675757 ], [ -103.737259597367, 18.684836525901943 ], [ -103.737300430255559, 18.684738420398006 ], [ -103.73733486318865, 18.684682182948556 ], [ -103.737353929119791, 18.684651045157509 ], [ -103.737397042122964, 18.684580631863398 ], [ -103.73750617045566, 18.68440239961598 ], [ -103.737689340407556, 18.684228228718492 ], [ -103.737765279264522, 18.684156020493635 ], [ -103.737765490431215, 18.684155819806936 ], [ -103.737905232960969, 18.684022942220828 ], [ -103.738545453311815, 18.684252763920334 ], [ -103.7388619206057, 18.684444310284874 ], [ -103.739195045733751, 18.684594216060109 ], [ -103.739361608352212, 18.684644184878998 ], [ -103.739444888675223, 18.684660840995285 ], [ -103.739519841962149, 18.684669169131194 ], [ -103.739619779306466, 18.684702481892664 ], [ -103.739661419588415, 18.68471913766999 ], [ -103.739728044920611, 18.684760778977253 ], [ -103.739761357227167, 18.684810747103427 ], [ -103.739761357450448, 18.684869043871569 ], [ -103.739753029454548, 18.68494399654913 ], [ -103.739736373034205, 18.685018949563798 ], [ -103.739703061267051, 18.685102230560933 ], [ -103.739644763614365, 18.685177184300304 ], [ -103.739448021959547, 18.685478738602114 ], [ -103.739454236556583, 18.685708656756752 ], [ -103.739478200568655, 18.686168229588972 ], [ -103.739644763862159, 18.686909431913477 ], [ -103.739703060589704, 18.687100978819984 ], [ -103.739802997697382, 18.687392463329488 ], [ -103.740152779416306, 18.688200289762428 ], [ -103.740527543954485, 18.689024772701767 ], [ -103.740817667684595, 18.689602644571696 ], [ -103.741077241569599, 18.690099936846423 ], [ -103.741407649622644, 18.690553080451458 ], [ -103.743123580369868, 18.692990480225163 ], [ -103.747017219770157, 18.697023999754588 ], [ -103.749034659992773, 18.699462230118804 ], [ -103.75264114029919, 18.703059249629501 ], [ -103.756381279984069, 18.705727629985688 ], [ -103.760315120072832, 18.709603630157268 ], [ -103.762232480017971, 18.71149266044911 ], [ -103.762821149958143, 18.712072650172285 ], [ -103.775304250004609, 18.724405259876971 ], [ -103.787839739558635, 18.735712680291599 ], [ -103.793069620106678, 18.740190600358385 ], [ -103.800731379761814, 18.746646049579279 ], [ -103.803418939847347, 18.748910230136545 ], [ -103.811884830070781, 18.754961309887488 ], [ -103.816627349683642, 18.758350649949289 ], [ -103.821081150462504, 18.761550600294996 ], [ -103.824547649993264, 18.764041000082759 ], [ -103.826339219999952, 18.76532804968231 ], [ -103.828613219902095, 18.766961599970337 ], [ -103.830795769528564, 18.768529400039537 ], [ -103.833744139539931, 18.770647179814095 ], [ -103.835133150172481, 18.77158348025235 ], [ -103.839113080421839, 18.774266030359669 ], [ -103.846879289571163, 18.779509450240333 ], [ -103.857495310059207, 18.786690510406313 ], [ -103.876595600293939, 18.799230910432978 ], [ -103.895803150321754, 18.810988629576862 ], [ -103.917508950475906, 18.824047060319696 ], [ -103.933464079998231, 18.833740550070122 ], [ -103.941591459611502, 18.838612820084162 ], [ -103.947504140461049, 18.842092250185495 ], [ -103.951598079755101, 18.84498371036209 ], [ -103.952484999344293, 18.845793849021248 ], [ -103.952677551299914, 18.84594292123295 ], [ -103.952994018653925, 18.846176107683064 ], [ -103.953360455961302, 18.846442608197155 ], [ -103.953535346023315, 18.846584185889196 ], [ -103.953851815286768, 18.846867341857173 ], [ -103.954026705121066, 18.84702557581301 ], [ -103.955084375227031, 18.847999965360767 ], [ -103.955836982178724, 18.848730419812824 ], [ -103.956192014969389, 18.849082620099534 ], [ -103.956477649963617, 18.849339425745296 ], [ -103.957210178200057, 18.849998012220109 ], [ -103.957940918235934, 18.85079821110428 ], [ -103.958090823904556, 18.850931461151305 ], [ -103.958316769221511, 18.851178360944658 ], [ -103.958755309843113, 18.851501599809094 ], [ -103.959482243631655, 18.852522922618412 ], [ -103.959631273862172, 18.852732304110432 ], [ -103.959997456420112, 18.853246771544644 ], [ -103.960097899967536, 18.853354942192244 ], [ -103.960289445977111, 18.853546489285836 ], [ -103.96034774324707, 18.853596458247218 ], [ -103.96048099282055, 18.853696394848903 ], [ -103.960922382808178, 18.854179424835184 ], [ -103.961560793398291, 18.854928552274796 ], [ -103.961661838390583, 18.855036707976542 ], [ -103.961845203752162, 18.855234983576082 ], [ -103.962063334856055, 18.855503596337623 ], [ -103.962296521912435, 18.855795078581618 ], [ -103.962421442639339, 18.855961642325983 ], [ -103.962555283943502, 18.856128943638176 ], [ -103.96261619979029, 18.856195800049523 ], [ -103.962683619942936, 18.856285603129177 ], [ -103.963104349165164, 18.856786125152809 ], [ -103.963212614271001, 18.856886062165625 ], [ -103.963695644641746, 18.857377420779116 ], [ -103.963920504319148, 18.857618935681451 ], [ -103.964286941375377, 18.858010357972567 ], [ -103.964628394423443, 18.858368467285239 ], [ -103.964819939615097, 18.858568341262895 ], [ -103.965053127127433, 18.858776543624728 ], [ -103.965402908456454, 18.859026388231104 ], [ -103.965552813955128, 18.859101341067159 ], [ -103.965686063947942, 18.859167965281841 ], [ -103.965944234813179, 18.859317872260295 ], [ -103.966185750786039, 18.859484434124198 ], [ -103.96635231339414, 18.859601026880647 ], [ -103.966477235008469, 18.85970096457261 ], [ -103.966702094170017, 18.859892511393859 ], [ -103.96680203098181, 18.860000776701106 ], [ -103.966910297050447, 18.860125698901335 ], [ -103.967093514811097, 18.860342229451348 ], [ -103.967125010670273, 18.860374709402745 ], [ -103.967599170176982, 18.860777579824607 ], [ -103.967629996335532, 18.860814721658304 ], [ -103.968184497636628, 18.861258322275933 ], [ -103.968367717323545, 18.861449868720111 ], [ -103.968592576365523, 18.861674728287014 ], [ -103.968859074855786, 18.861924571375244 ], [ -103.968950684206149, 18.862007851947123 ], [ -103.96913390325517, 18.862174413855648 ], [ -103.970233213982752, 18.863157131678598 ], [ -103.970566339247739, 18.863431960336506 ], [ -103.971191714957342, 18.863861245200439 ], [ -103.9715490564259, 18.86410653720576 ], [ -103.971707289899982, 18.864206474422243 ], [ -103.972157008321247, 18.86448963001828 ], [ -103.972546821056355, 18.86471167587348 ], [ -103.972148577239125, 18.864985487997085 ], [ -103.971483665225406, 18.865442642473138 ], [ -103.971008040075645, 18.865597816451263 ], [ -103.970533245129133, 18.865616710030778 ], [ -103.970021392048153, 18.865534975688533 ], [ -103.969833050598666, 18.865777811204804 ], [ -103.969591530439274, 18.866092079605558 ], [ -103.969129687165548, 18.866415434889429 ], [ -103.96759128219631, 18.866676340962023 ], [ -103.967237605706956, 18.866602649680729 ], [ -103.966642346305875, 18.86660651840252 ], [ -103.96606285951087, 18.866495707449065 ], [ -103.964818896590415, 18.866617902771306 ], [ -103.964161414601477, 18.866693146210096 ], [ -103.96358765678238, 18.866876445477537 ], [ -103.962606637627317, 18.867159007776177 ], [ -103.962367579237906, 18.867034622517785 ], [ -103.962141989232748, 18.866961635720532 ], [ -103.961824530129746, 18.867124840234727 ], [ -103.961135543486833, 18.867666131424762 ], [ -103.960689200438964, 18.867957726048068 ], [ -103.960287134428853, 18.868400195657198 ], [ -103.959976896173401, 18.868613647243084 ], [ -103.959332351801564, 18.869277117902747 ], [ -103.958972693508812, 18.86968395744908 ], [ -103.958632491799762, 18.870356300502081 ], [ -103.958295433196298, 18.870763265247128 ], [ -103.957477531987124, 18.8719206831598 ], [ -103.957329897111251, 18.872156559444143 ], [ -103.957267799005407, 18.87293804967301 ], [ -103.956551774745989, 18.87418928043116 ], [ -103.956355687723814, 18.874948499731339 ], [ -103.955946850980141, 18.875749562679154 ], [ -103.955673377918501, 18.876106668154076 ], [ -103.955535841110503, 18.876414327595011 ], [ -103.955200887239641, 18.876964753863437 ], [ -103.954769713356072, 18.877234898747073 ], [ -103.954423016115143, 18.877491171927858 ], [ -103.954406351166156, 18.877505424121829 ], [ -103.954112174564045, 18.877797856090208 ], [ -103.953965992425466, 18.878040909605037 ], [ -103.953412785621097, 18.878547067954099 ], [ -103.953046219580813, 18.878829850668136 ], [ -103.952723279447028, 18.879160049133006 ], [ -103.952496376515057, 18.879538931256789 ], [ -103.952326336808966, 18.879982687434758 ], [ -103.95234652462932, 18.88061400910194 ], [ -103.952433048196085, 18.8808778751159 ], [ -103.952739414518618, 18.881656280513209 ], [ -103.952926683456823, 18.881982418307125 ], [ -103.953045198063364, 18.883135601973461 ], [ -103.953162275594394, 18.883939616134413 ], [ -103.95339163163635, 18.884622324490046 ], [ -103.953748553218574, 18.885391824460587 ], [ -103.953994363780211, 18.885852267749609 ], [ -103.954060310205676, 18.886153896506617 ], [ -103.954141728509214, 18.886391057693395 ], [ -103.954476540094305, 18.887081530811653 ], [ -103.955013695221155, 18.887952460932066 ], [ -103.95503136897544, 18.888100292096571 ], [ -103.955198223188276, 18.888233561987018 ], [ -103.955663668208047, 18.888616011685329 ], [ -103.956109184602354, 18.888820245983112 ], [ -103.956167153418008, 18.889085072100052 ], [ -103.956134123508988, 18.889551120129564 ], [ -103.955993645057148, 18.890088292706086 ], [ -103.95573405691573, 18.890875843698222 ], [ -103.955574433659123, 18.891097304289577 ], [ -103.955332009887798, 18.891303954071557 ], [ -103.954634251819172, 18.892024485205866 ], [ -103.953637028518088, 18.892427724346415 ], [ -103.952601453659526, 18.892938334752223 ], [ -103.951997094972086, 18.893178803476669 ], [ -103.950783614461585, 18.893939447333594 ], [ -103.95043926504141, 18.89429614388709 ], [ -103.949977823909904, 18.895061026965138 ], [ -103.949962446362832, 18.895608246622654 ], [ -103.950082325731074, 18.896085238653534 ], [ -103.950162283200541, 18.89641772809404 ], [ -103.950452865760823, 18.89695015662755 ], [ -103.950969922174906, 18.898024589664875 ], [ -103.951069614039014, 18.898352334423318 ], [ -103.951112057693138, 18.89879728786164 ], [ -103.951087399441249, 18.899328311287267 ], [ -103.951083551643237, 18.89974393652048 ], [ -103.951135116088537, 18.900418470424849 ], [ -103.950818437184509, 18.901169826871048 ], [ -103.950879081847305, 18.901512463695624 ], [ -103.950890967660641, 18.901865996919753 ], [ -103.950625466754019, 18.902144237316616 ], [ -103.950202694038765, 18.90226378615484 ], [ -103.949624113676748, 18.902231825599362 ], [ -103.949056378411882, 18.903842493774665 ], [ -103.948365543929938, 18.905854138026093 ], [ -103.948387523214308, 18.906072723152096 ], [ -103.948040139816001, 18.906591468376064 ], [ -103.947407832309025, 18.907154161681557 ], [ -103.946762770966444, 18.907867783660635 ], [ -103.945915443164694, 18.908867167152067 ], [ -103.945570287595345, 18.909345784657209 ], [ -103.945236849989698, 18.909637975379969 ], [ -103.944393024078821, 18.910379474426129 ], [ -103.94379175092314, 18.911014109700844 ], [ -103.943235903473834, 18.911678016117698 ], [ -103.943024705274709, 18.911705504889003 ], [ -103.942495313534849, 18.911996574861735 ], [ -103.941880899391066, 18.912624280000767 ], [ -103.941373723675937, 18.91321672922458 ], [ -103.940780915576582, 18.914002354072508 ], [ -103.9405430235594, 18.914438535317018 ], [ -103.940277123396783, 18.914774138289953 ], [ -103.939997903386754, 18.915061299803732 ], [ -103.939467389942166, 18.915537001835524 ], [ -103.939357658457709, 18.91596674123074 ], [ -103.939382512280204, 18.916806096618973 ], [ -103.93949376549223, 18.917330343892921 ], [ -103.939751200070404, 18.91809929985784 ], [ -103.940284823497834, 18.918575748962155 ], [ -103.940807447396253, 18.919123861120074 ], [ -103.94148998716598, 18.919651365343494 ], [ -103.941925852119468, 18.919854687502887 ], [ -103.942685028825338, 18.920181787018251 ], [ -103.943624307557016, 18.920702985065763 ], [ -103.943592419397064, 18.920911402347606 ], [ -103.943662364110935, 18.92105525612941 ], [ -103.943695487121687, 18.922741045011296 ], [ -103.94368197695799, 18.923931647764586 ], [ -103.943578633125028, 18.924784618845077 ], [ -103.943599756941666, 18.925021439556222 ], [ -103.943567708132662, 18.925175753761373 ], [ -103.943459673657102, 18.925723573510179 ], [ -103.943092468063881, 18.92634551385369 ], [ -103.94294338893269, 18.92678252723287 ], [ -103.942846818960248, 18.927054218184836 ], [ -103.942649276966534, 18.927304139298467 ], [ -103.942450696557643, 18.927719028058021 ], [ -103.942311663314683, 18.928156098584886 ], [ -103.942200618039152, 18.929130637272493 ], [ -103.942151467166951, 18.929754387194269 ], [ -103.942226565104193, 18.930995702894414 ], [ -103.942387598381003, 18.931756932967044 ], [ -103.94240007175398, 18.932409725108005 ], [ -103.942478495044739, 18.932883574421993 ], [ -103.942560565663356, 18.933257025337749 ], [ -103.942699964374029, 18.933623630345199 ], [ -103.9428562664786, 18.934241701882478 ], [ -103.942803411105928, 18.935152017082054 ], [ -103.942756380970096, 18.935438659477455 ], [ -103.942941990628157, 18.936128301967909 ], [ -103.943244958159966, 18.936931376836526 ], [ -103.943474246183982, 18.937551539302511 ], [ -103.943626800234043, 18.938432676754115 ], [ -103.943973190879689, 18.938759404023983 ], [ -103.943993503429141, 18.939125329718202 ], [ -103.944069597043253, 18.940309492157276 ], [ -103.944237993385428, 18.9407621103156 ], [ -103.944516725498545, 18.941029088214471 ], [ -103.944687097299877, 18.941266759028331 ], [ -103.944901572842866, 18.941426103503947 ], [ -103.944978046706311, 18.941748988600427 ], [ -103.945022282368271, 18.941907040764228 ], [ -103.945179402027804, 18.942094426126037 ], [ -103.945642589538153, 18.942434570173795 ], [ -103.945883197194178, 18.942614865991601 ], [ -103.945979521975119, 18.942880805537946 ], [ -103.945954612975385, 18.943246474661667 ], [ -103.945727869476798, 18.943654628174482 ], [ -103.944909534842836, 18.944015189180401 ], [ -103.944251267095694, 18.944405944563947 ], [ -103.943766830739506, 18.944858446401881 ], [ -103.943615917848291, 18.945227192605934 ], [ -103.943425350247267, 18.94556322668938 ], [ -103.943299562746319, 18.945906801922138 ], [ -103.943157688084597, 18.946171385396966 ], [ -103.942682461362011, 18.946641492405334 ], [ -103.942573987045435, 18.947151047975218 ], [ -103.942363368884699, 18.947336014662298 ], [ -103.941952308083842, 18.947544217197478 ], [ -103.941840046425483, 18.947703000048843 ], [ -103.941770979251672, 18.948035564033436 ], [ -103.94194902904583, 18.948969036333672 ], [ -103.941998675571483, 18.949464239755734 ], [ -103.942262193208578, 18.950233226857133 ], [ -103.942450180438769, 18.950786600743765 ], [ -103.942707790769276, 18.951297334068187 ], [ -103.943523034033745, 18.952320512199979 ], [ -103.943875766062163, 18.95281026830277 ], [ -103.944137372135103, 18.952926522548172 ], [ -103.944540825917485, 18.953502640141394 ], [ -103.944668614923799, 18.95356074954595 ], [ -103.944832290459019, 18.953905972705829 ], [ -103.94512013625986, 18.954225981424798 ], [ -103.945423979676747, 18.954519023423458 ], [ -103.94552929198268, 18.954555615070689 ], [ -103.946039799779015, 18.954929015303172 ], [ -103.946008936686724, 18.956444646620831 ], [ -103.945869125471873, 18.956859870924443 ], [ -103.945494529673041, 18.957337844514299 ], [ -103.944831092439884, 18.957693176119779 ], [ -103.944008368331751, 18.957853463125065 ], [ -103.943073809839376, 18.958038956189824 ], [ -103.942506598017943, 18.958103118755584 ], [ -103.941879688710941, 18.95829320517668 ], [ -103.9418342017333, 18.958572682467235 ], [ -103.941714794240482, 18.958655478668387 ], [ -103.941475969657176, 18.958697678958796 ], [ -103.940759460492643, 18.958767379356622 ], [ -103.940238196622502, 18.958741551710428 ], [ -103.939922875673886, 18.958733904772242 ], [ -103.939117623326808, 18.958514115481172 ], [ -103.938326396861115, 18.958222675815474 ], [ -103.93771879145693, 18.957982493856136 ], [ -103.937162808156586, 18.957845562447144 ], [ -103.936635763393056, 18.957581782867734 ], [ -103.936341031233184, 18.95745815517397 ], [ -103.935749328342126, 18.957088949746485 ], [ -103.935115868310874, 18.956647774890016 ], [ -103.934519338850919, 18.956114671968066 ], [ -103.93403786631572, 18.955458078603478 ], [ -103.933640480403469, 18.955118675365778 ], [ -103.93343186546096, 18.954867116041488 ], [ -103.933204300657678, 18.954241092647454 ], [ -103.933160302378326, 18.954047176232802 ], [ -103.932862787936074, 18.953414264014171 ], [ -103.932744153808216, 18.953334815078851 ], [ -103.93251310153812, 18.95268780557333 ], [ -103.932258401200357, 18.952435293257047 ], [ -103.931920372222777, 18.952246854952683 ], [ -103.931634243041742, 18.952194996925712 ], [ -103.931374984332592, 18.952088923245398 ], [ -103.931274239662031, 18.951906013165839 ], [ -103.931171766844301, 18.951424850111213 ], [ -103.931452889701774, 18.9505858378349 ], [ -103.931225763872789, 18.950284697823353 ], [ -103.930962709444657, 18.950161245550067 ], [ -103.930571097799657, 18.950101605274845 ], [ -103.930127650631178, 18.950144769962776 ], [ -103.929363754158445, 18.950261000470945 ], [ -103.928376049620951, 18.950548209302834 ], [ -103.927314478952511, 18.950584882495569 ], [ -103.926697073881002, 18.950718971284541 ], [ -103.925094953289658, 18.950684723829788 ], [ -103.92385680064163, 18.950679608105599 ], [ -103.923306166578087, 18.950497093091158 ], [ -103.922869882041127, 18.950351105130668 ], [ -103.922306234666934, 18.950082438987575 ], [ -103.921493811093754, 18.949812716350966 ], [ -103.920392230331274, 18.949766184306164 ], [ -103.919691270855566, 18.95018915625775 ], [ -103.918687608399793, 18.950355450539238 ], [ -103.918224877081101, 18.950804631182567 ], [ -103.917760942370379, 18.951440294104778 ], [ -103.917619685952843, 18.952066276296225 ], [ -103.918092443039342, 18.953106295112303 ], [ -103.918431335251441, 18.953158481693517 ], [ -103.918775086309722, 18.953626711759071 ], [ -103.918741375263394, 18.954178812764624 ], [ -103.918664287846397, 18.954673670639025 ], [ -103.918163846113785, 18.955129877085326 ], [ -103.917210471970009, 18.955439443585856 ], [ -103.916314028567271, 18.955807185392178 ], [ -103.915597540855359, 18.956463206794403 ], [ -103.915011118773691, 18.956995335100927 ], [ -103.914480540401357, 18.957223821545739 ], [ -103.914206051871105, 18.957702783732849 ], [ -103.914267972014031, 18.958071735423818 ], [ -103.914551199933584, 18.958632969111548 ], [ -103.914826259038449, 18.958552793244284 ], [ -103.915217233900592, 18.958712881438935 ], [ -103.915481100395809, 18.958943951504352 ], [ -103.915651631125783, 18.959152957561034 ], [ -103.915748240084611, 18.959368703289925 ], [ -103.915701572738541, 18.959590783485396 ], [ -103.915425877199866, 18.960256230334924 ], [ -103.915145702282885, 18.960448252976278 ], [ -103.914940958330007, 18.96063354466099 ], [ -103.914621934527219, 18.961220160586723 ], [ -103.914513677028253, 18.961497307516634 ], [ -103.914409943369563, 18.962308842842589 ], [ -103.914491125711592, 18.96281140556848 ], [ -103.914730549731857, 18.963092543341169 ], [ -103.915004628722485, 18.963610581020177 ], [ -103.91511684922088, 18.963977045097849 ], [ -103.915133689270277, 18.964637031027191 ], [ -103.915221601229646, 18.965032043299413 ], [ -103.915740494179971, 18.965465441902669 ], [ -103.91612371481375, 18.965661346171768 ], [ -103.916687516115616, 18.965678989440818 ], [ -103.917013292741359, 18.965641584366885 ], [ -103.917114674940422, 18.966075984544606 ], [ -103.91714005950368, 18.96681491871194 ], [ -103.916976464828437, 18.967631649242243 ], [ -103.916937334939419, 18.96785377391376 ], [ -103.916989065456434, 18.968167674015795 ], [ -103.916863361986884, 18.96901803121909 ], [ -103.916960250743557, 18.97014199373033 ], [ -103.91716376145061, 18.97049980195203 ], [ -103.917581859227226, 18.97191287347318 ], [ -103.91759638502829, 18.972422323640728 ], [ -103.917851901002791, 18.973331876419326 ], [ -103.918007814288245, 18.97370576634729 ], [ -103.918283565488508, 18.974202292475006 ], [ -103.918527626416449, 18.974640750870975 ], [ -103.918645484525598, 18.975366380876007 ], [ -103.91870485311054, 18.97574687913631 ], [ -103.918628736901638, 18.97679364643173 ], [ -103.918646171573826, 18.977597088073431 ], [ -103.918608427057464, 18.979200764811768 ], [ -103.918722527475367, 18.979785201433256 ], [ -103.918864016384916, 18.980058589338935 ], [ -103.919262149057914, 18.980519965661017 ], [ -103.919593558906669, 18.981741254859241 ], [ -103.919755929658294, 18.982050628202522 ], [ -103.919897430361118, 18.982357754234094 ], [ -103.919129568915139, 18.983591261885056 ], [ -103.91916175937213, 18.983910197954579 ], [ -103.91929666857601, 18.984285823476906 ], [ -103.919348084668997, 18.984730829535685 ], [ -103.919191972158941, 18.985554775647397 ], [ -103.919019964346219, 18.986271038290276 ], [ -103.918812690914407, 18.986843641879613 ], [ -103.918293938855683, 18.987960015711952 ], [ -103.91792922181412, 18.988172971808201 ], [ -103.917179717578165, 18.988510434496796 ], [ -103.916629026789707, 18.988724459273215 ], [ -103.916303379395629, 18.988944905105427 ], [ -103.915847604343057, 18.989932063465094 ], [ -103.91553747036366, 18.99078379444223 ], [ -103.915543105190366, 18.991077906195876 ], [ -103.915491485184774, 18.991364098697034 ], [ -103.915304818190819, 18.991779431099783 ], [ -103.915162392575411, 18.992115711515449 ], [ -103.914760466991183, 18.992608592058051 ], [ -103.914262433776145, 18.99275249464576 ], [ -103.913948138126003, 18.993076277305271 ], [ -103.913663133560462, 18.993785318676881 ], [ -103.913275803272498, 18.994213403922856 ], [ -103.913153301075027, 18.994499590583143 ], [ -103.913067009117938, 18.995015514922535 ], [ -103.912983923067983, 18.995275492757568 ], [ -103.913161332435962, 18.995353183495201 ], [ -103.913417646530419, 18.995361862230006 ], [ -103.913566967659946, 18.995512952835195 ], [ -103.913653024135129, 18.995882457457267 ], [ -103.913715199544939, 18.997149600481197 ], [ -103.913820738454746, 18.998072661538185 ], [ -103.914282529457978, 18.999197138227871 ], [ -103.914312341880077, 18.999635236887606 ], [ -103.914066285389111, 18.999984861047015 ], [ -103.914220501948336, 19.000568132257026 ], [ -103.914100349974376, 19.001317175045049 ], [ -103.914119092632191, 19.001869692261518 ], [ -103.914301352664168, 19.002805094501362 ], [ -103.914028820204678, 19.003434687718851 ], [ -103.91377821819222, 19.003705777268124 ], [ -103.913594828147566, 19.004077677829613 ], [ -103.913498951608304, 19.004442919773474 ], [ -103.913742339911238, 19.005111730258964 ], [ -103.914086825531768, 19.00565137751774 ], [ -103.91439527938887, 19.006227000871323 ], [ -103.914606889670893, 19.006852263664282 ], [ -103.91460032971527, 19.007863568721437 ], [ -103.914449183390033, 19.008379112405432 ], [ -103.914081284954491, 19.008828828706655 ], [ -103.913727516676019, 19.009192556729317 ], [ -103.913559107338486, 19.009578890169337 ], [ -103.913426956490568, 19.010187788708816 ], [ -103.913244115756186, 19.010473620071998 ], [ -103.912377338138342, 19.011139831003497 ], [ -103.912428198481777, 19.011630790779662 ], [ -103.912400446188158, 19.011971323032753 ], [ -103.911691286375458, 19.012465653497539 ], [ -103.911243111744596, 19.012965099871085 ], [ -103.910826779831581, 19.013206517298237 ], [ -103.910396532642437, 19.013268535634637 ], [ -103.909416553927898, 19.013212549514201 ], [ -103.909242880983811, 19.013247388089777 ], [ -103.90901719145252, 19.013378858638429 ], [ -103.908536764422081, 19.013982002388321 ], [ -103.908203489141968, 19.014668607052492 ], [ -103.908261521262204, 19.015020408806024 ], [ -103.908601615392726, 19.016062448436085 ], [ -103.908713284109254, 19.017440253453405 ], [ -103.908732349732318, 19.017985485829445 ], [ -103.908607947314806, 19.018558562063657 ], [ -103.908711780561589, 19.019130985662379 ], [ -103.908836244039122, 19.019399107658042 ], [ -103.91057647658738, 19.02083672711932 ], [ -103.910781776926839, 19.021256665099337 ], [ -103.910920769348181, 19.021812261361553 ], [ -103.910957777934044, 19.022503025715199 ], [ -103.910880094924693, 19.023163136938912 ], [ -103.91092490726038, 19.023844113977187 ], [ -103.911759021775893, 19.02488465349397 ], [ -103.912374570793617, 19.025904025496782 ], [ -103.9124784234385, 19.026170023709678 ], [ -103.912418038963651, 19.026315835895975 ], [ -103.912200521056434, 19.026613777889686 ], [ -103.912078613667319, 19.02734398220618 ], [ -103.912027248454592, 19.028283294050059 ], [ -103.911919728833738, 19.02973870482047 ], [ -103.911547020947225, 19.030580326762884 ], [ -103.911441577353642, 19.03111096558705 ], [ -103.911368783910461, 19.031650549947212 ], [ -103.911694298741196, 19.032451345240094 ], [ -103.911786331210578, 19.032850839595362 ], [ -103.912039480223044, 19.033354414341822 ], [ -103.912401727922344, 19.03428458307075 ], [ -103.912718406968665, 19.035448183342368 ], [ -103.913012325945274, 19.035684072792748 ], [ -103.913348676046667, 19.036152273264801 ], [ -103.913600682571058, 19.036368934627358 ], [ -103.913659851741983, 19.036548598310411 ], [ -103.913460030471484, 19.037121232372574 ], [ -103.913210524486374, 19.037679229136543 ], [ -103.913052654566215, 19.038295145684497 ], [ -103.912954498134582, 19.038775134592182 ], [ -103.912735486222687, 19.039343197173828 ], [ -103.912407590157841, 19.040278488742192 ], [ -103.912363484141835, 19.041045375837239 ], [ -103.91226513697957, 19.041554052790485 ], [ -103.912177101089796, 19.041869129118954 ], [ -103.912211132728302, 19.042649078413206 ], [ -103.912245467265578, 19.042952597592397 ], [ -103.913036064736744, 19.044320051479094 ], [ -103.913122109419959, 19.044834919730906 ], [ -103.913279027200232, 19.045447906919957 ], [ -103.912768532418156, 19.045559338968879 ], [ -103.912310001638318, 19.045996882823612 ], [ -103.911738168012761, 19.047418148467528 ], [ -103.911370719447746, 19.048152694931353 ], [ -103.910726548471288, 19.049406168334738 ], [ -103.910541971144085, 19.049950197386821 ], [ -103.910252974329666, 19.05262387494194 ], [ -103.910203306296992, 19.053068283040759 ], [ -103.909931630944939, 19.0542429864337 ], [ -103.909846037601326, 19.054644147154157 ], [ -103.909770264194989, 19.055449745825392 ], [ -103.9098499938831, 19.056177040974337 ], [ -103.909923452423385, 19.057248584139955 ], [ -103.909861819710827, 19.05800101975289 ], [ -103.908845268865846, 19.059097524831124 ], [ -103.908680976133112, 19.059612980069996 ], [ -103.908119582380692, 19.060271604532772 ], [ -103.906956161347594, 19.061692061906609 ], [ -103.90683218264914, 19.062193409706076 ], [ -103.906843837393765, 19.062717077446745 ], [ -103.906706797076069, 19.063139448333686 ], [ -103.906370669569469, 19.063782989432784 ], [ -103.906220485827831, 19.064340009185884 ], [ -103.906097800460543, 19.064778677181302 ], [ -103.905996791669835, 19.065581092979208 ], [ -103.906493594691781, 19.068044238076123 ], [ -103.906594779655038, 19.068719061072098 ], [ -103.906452508116104, 19.06970803526989 ], [ -103.906331917771709, 19.070381543689919 ], [ -103.906109159176097, 19.070989892067615 ], [ -103.905271189916505, 19.072462471424494 ], [ -103.904852276128864, 19.072902618131355 ], [ -103.90390001651862, 19.074484166694273 ], [ -103.90352052334714, 19.075173200423109 ], [ -103.902995393150675, 19.075533155181756 ], [ -103.902016258421412, 19.075888670856006 ], [ -103.901409994581243, 19.076305850032174 ], [ -103.900665799651065, 19.077144184981318 ], [ -103.900038190574648, 19.077817932230975 ], [ -103.899568741055205, 19.079220953928573 ], [ -103.899208367241059, 19.080691893147026 ], [ -103.899300408000087, 19.081012493642923 ], [ -103.899347991908272, 19.08152591420161 ], [ -103.899375303624794, 19.082257535048925 ], [ -103.89914617944342, 19.083442031405525 ], [ -103.898678299366694, 19.084223435749319 ], [ -103.898370973988065, 19.08506317970329 ], [ -103.898120329355208, 19.086457940074421 ], [ -103.89741355495201, 19.086855376081367 ], [ -103.897368634837846, 19.087562799298045 ], [ -103.897185548927254, 19.087867733398131 ], [ -103.897096465373082, 19.089167823397425 ], [ -103.896608440650937, 19.089949101143041 ], [ -103.895555200997336, 19.091013892200579 ], [ -103.894913006706574, 19.093802553679623 ], [ -103.894998746750261, 19.096040903644191 ], [ -103.895010050525954, 19.096990137851545 ], [ -103.895637236732284, 19.097785875403471 ], [ -103.896251510191547, 19.097697919849146 ], [ -103.897349480447346, 19.098533399870735 ], [ -103.897545120327464, 19.098762449802596 ], [ -103.897648310060191, 19.098988120252638 ], [ -103.89768458000556, 19.099199429729353 ], [ -103.897676340152202, 19.099427680316541 ], [ -103.897692879818621, 19.099588780389734 ], [ -103.897695739955907, 19.099795350305254 ], [ -103.897696420217798, 19.100185979991078 ], [ -103.897818059945649, 19.100368950402974 ], [ -103.897844110007156, 19.100529400243385 ], [ -103.897724740301669, 19.100851890110132 ], [ -103.897677780317267, 19.10124249009106 ], [ -103.897558400314978, 19.101564450365725 ], [ -103.897463169921096, 19.101909820089713 ], [ -103.897319320086595, 19.102185620112813 ], [ -103.897153259796866, 19.102577170406445 ], [ -103.897010710361457, 19.102945150236039 ], [ -103.896890680215066, 19.103221290102258 ], [ -103.896746849637381, 19.103497629567762 ], [ -103.896531229586458, 19.103751679974611 ], [ -103.896170169866238, 19.104028479960409 ], [ -103.895731999783493, 19.105065449671379 ], [ -103.895332200428058, 19.105778049615246 ], [ -103.894900320441351, 19.106033089637659 ], [ -103.894080980428939, 19.106587999853296 ], [ -103.893598280271291, 19.106819950197956 ], [ -103.893358519675516, 19.107188620377368 ], [ -103.893216260236585, 19.107579320012444 ], [ -103.893121950375487, 19.107993170287116 ], [ -103.892906340053358, 19.10845382005904 ], [ -103.892762819865396, 19.108891020394456 ], [ -103.892813649525266, 19.109120149868904 ], [ -103.892249739830319, 19.110048939732089 ], [ -103.891198140368843, 19.1105559496614 ], [ -103.89040807973457, 19.11095326002776 ], [ -103.888152710055778, 19.112597830009783 ], [ -103.887853779903125, 19.112947939911649 ], [ -103.888012849816604, 19.113465480138249 ], [ -103.888018049666684, 19.113840649900084 ], [ -103.888175090128058, 19.114213889714961 ], [ -103.88833852012776, 19.115048880375607 ], [ -103.888440049619348, 19.115798060059678 ], [ -103.888354519791832, 19.116203200291043 ], [ -103.888052419991354, 19.11632245034146 ], [ -103.887474170231926, 19.116243109891631 ], [ -103.886953849753468, 19.115960969858154 ], [ -103.886656520062331, 19.116426509776911 ], [ -103.886300859544917, 19.117065949988032 ], [ -103.885669859926537, 19.117564509985971 ], [ -103.885187090166724, 19.117801450077941 ], [ -103.885165110360319, 19.11840784965413 ], [ -103.885173490435903, 19.119013880294769 ], [ -103.885032819893766, 19.119823820245177 ], [ -103.884740649535232, 19.12066449008579 ], [ -103.884281179710186, 19.121403109870613 ], [ -103.884166370088579, 19.120873709625982 ], [ -103.883976949702742, 19.120356539750244 ], [ -103.883935020407705, 19.119520030310248 ], [ -103.883527800172573, 19.118630340439733 ], [ -103.883148599613037, 19.117567120272984 ], [ -103.882739430030753, 19.11653315003479 ] ] ], [ [ [ -110.986336276066737, 18.861140359239528 ], [ -110.986351645872119, 18.859843324572015 ], [ -110.985516525795219, 18.85941316114711 ], [ -110.984744421556144, 18.859939315235437 ], [ -110.983086969855108, 18.860038287615971 ], [ -110.982578582516808, 18.860740700053952 ], [ -110.982016646470825, 18.860630236630286 ], [ -110.98202277754379, 18.859957811464163 ], [ -110.982275644796573, 18.859195691869768 ], [ -110.981382108812383, 18.858651943335826 ], [ -110.980784185277329, 18.857857346004668 ], [ -110.979793476660049, 18.857498667037486 ], [ -110.979791743508386, 18.85851506095365 ], [ -110.978665407841675, 18.860026851239084 ], [ -110.978623305411361, 18.861168812793764 ], [ -110.977135401114438, 18.861545624874182 ], [ -110.976830754574692, 18.860747731624119 ], [ -110.976707990345943, 18.858882897777882 ], [ -110.976880422891682, 18.857672510137473 ], [ -110.977499014692498, 18.856421739826132 ], [ -110.977746713456597, 18.854759013543401 ], [ -110.976694707068887, 18.854851363650262 ], [ -110.975868821883793, 18.853028495900531 ], [ -110.975649044656407, 18.852753586139837 ], [ -110.974839305124505, 18.85347394471308 ], [ -110.974085951041758, 18.853518884486501 ], [ -110.974158657104169, 18.852784892686486 ], [ -110.97224241522477, 18.853547235143949 ], [ -110.969803516426154, 18.854412719572348 ], [ -110.968758104165914, 18.85346697083353 ], [ -110.969290102731449, 18.851955499231838 ], [ -110.968046930427278, 18.851853246468536 ], [ -110.967351247399961, 18.850819211128012 ], [ -110.966417347370921, 18.849700356782506 ], [ -110.964995595797589, 18.849154912816623 ], [ -110.964872273784948, 18.848045948555782 ], [ -110.963240785786468, 18.847387113862357 ], [ -110.96263101034279, 18.846739400702099 ], [ -110.963137121610742, 18.846385227699827 ], [ -110.963132361325023, 18.845737472111345 ], [ -110.962564928656775, 18.844583207052704 ], [ -110.96219525947113, 18.843561170352892 ], [ -110.961425459187055, 18.843355014704706 ], [ -110.961194755721081, 18.843296752611526 ], [ -110.961281828973, 18.842895543775747 ], [ -110.960968727289028, 18.842734184400094 ], [ -110.960443773774401, 18.842801455698222 ], [ -110.960450806686424, 18.842333010438896 ], [ -110.959652775909717, 18.842272536615447 ], [ -110.959433823436896, 18.841817551047424 ], [ -110.959360819693615, 18.841281869676969 ], [ -110.958416847865152, 18.841302085134082 ], [ -110.958765224692641, 18.840849315939309 ], [ -110.959527906860615, 18.840371871399288 ], [ -110.959461939732066, 18.839367748569106 ], [ -110.958965239592217, 18.839289324524355 ], [ -110.958379050924194, 18.838424188479053 ], [ -110.95774345186571, 18.837958013399643 ], [ -110.956411090404927, 18.837821335842307 ], [ -110.955827294604376, 18.837568078987257 ], [ -110.955485953089195, 18.836976371648827 ], [ -110.954014713502261, 18.836451923096199 ], [ -110.953179056182151, 18.836393657283551 ], [ -110.952611753946741, 18.836967443797658 ], [ -110.951832588260146, 18.837193820552699 ], [ -110.950987517549933, 18.836416070590861 ], [ -110.950187156228282, 18.837471735854066 ], [ -110.949972923014741, 18.838816542514216 ], [ -110.949801076311701, 18.839078777993674 ], [ -110.949464452309854, 18.839134805772389 ], [ -110.949217275865209, 18.839401522063678 ], [ -110.94876765779378, 18.839464271095721 ], [ -110.9479602025757, 18.840412343265303 ], [ -110.946816148809347, 18.840264378709403 ], [ -110.945443786954655, 18.83951795413358 ], [ -110.944586978010406, 18.83856085642261 ], [ -110.944262178701464, 18.837644128575501 ], [ -110.944749518779716, 18.836427102791728 ], [ -110.944518865541596, 18.835792791895869 ], [ -110.94421759193915, 18.835234681994773 ], [ -110.944460066742863, 18.834896252409173 ], [ -110.943881044207686, 18.834138650526413 ], [ -110.9430572014831, 18.833683611428402 ], [ -110.94261465371568, 18.83385392639887 ], [ -110.941943775632964, 18.834001810302048 ], [ -110.94107988022823, 18.834089162185194 ], [ -110.940263049397146, 18.834317716796683 ], [ -110.940383189704988, 18.833266539574236 ], [ -110.93988657360434, 18.832612030928725 ], [ -110.94079757414255, 18.832089872187552 ], [ -110.941221310229054, 18.831632671955184 ], [ -110.940373934719361, 18.83139502725178 ], [ -110.940159765444491, 18.831011743696553 ], [ -110.939856169588936, 18.83041776766062 ], [ -110.939945647949273, 18.830052438728512 ], [ -110.939557277485932, 18.829895514092598 ], [ -110.939533771918462, 18.82953690014719 ], [ -110.938745226534508, 18.829619761749562 ], [ -110.93882530592893, 18.829110988694467 ], [ -110.938766491834386, 18.828790474688763 ], [ -110.938611201736833, 18.828151684142593 ], [ -110.938175775873219, 18.827853549359109 ], [ -110.937829773546682, 18.827766105424462 ], [ -110.938100511929548, 18.827282006695526 ], [ -110.938674885678978, 18.826815865143725 ], [ -110.938086470541862, 18.826490820757424 ], [ -110.938152449771977, 18.825766882338421 ], [ -110.939145784252702, 18.82534784631623 ], [ -110.939574205900897, 18.824962376898231 ], [ -110.939663682389991, 18.824597050668405 ], [ -110.939082433986869, 18.82322756281355 ], [ -110.939414375995213, 18.822523821679606 ], [ -110.938844834825673, 18.821909656376516 ], [ -110.938152860825696, 18.821734772092242 ], [ -110.937406719361505, 18.821887109915362 ], [ -110.936966552485714, 18.822093266208832 ], [ -110.936380444755031, 18.822380092852697 ], [ -110.935973303386888, 18.821936272617432 ], [ -110.936022845232216, 18.820961312267571 ], [ -110.935060217523244, 18.820694492301527 ], [ -110.93378927232817, 18.820337977074974 ], [ -110.933596356589689, 18.819701425068509 ], [ -110.933565822052017, 18.819235232668369 ], [ -110.932822280624535, 18.817695372098065 ], [ -110.931127645072593, 18.817796003905535 ], [ -110.930303942534152, 18.817340905688152 ], [ -110.930457107283814, 18.816215802090888 ], [ -110.930483208158691, 18.814882243153022 ], [ -110.931052859643017, 18.814344416734819 ], [ -110.930095075998295, 18.81357327981349 ], [ -110.930587061233553, 18.813004067383343 ], [ -110.930043518103361, 18.812208335984444 ], [ -110.929240980730768, 18.812075981309665 ], [ -110.929314043564744, 18.811459643486238 ], [ -110.928786945814252, 18.810914933665785 ], [ -110.928175048184428, 18.810807257222372 ], [ -110.92734190674453, 18.810784710105825 ], [ -110.926675926682847, 18.810428237078984 ], [ -110.92654194334753, 18.809536190905696 ], [ -110.926189064352542, 18.808765135717945 ], [ -110.925532595587683, 18.807976097679632 ], [ -110.925000832716123, 18.807359656182037 ], [ -110.924306721558267, 18.806572848753557 ], [ -110.923318413356839, 18.805911493470152 ], [ -110.922236038561962, 18.804967714730289 ], [ -110.921829038351035, 18.804331865975058 ], [ -110.921094960334543, 18.803511419751175 ], [ -110.920602542464536, 18.80253264046388 ], [ -110.919953169725531, 18.801851165018878 ], [ -110.919012042664008, 18.800946994464425 ], [ -110.918695178493749, 18.800725788831144 ], [ -110.918814533975748, 18.800238719143735 ], [ -110.918336115544975, 18.799859096169818 ], [ -110.918038010145139, 18.799924772251178 ], [ -110.917986338285033, 18.799519844385092 ], [ -110.917587920393544, 18.799207474381667 ], [ -110.917663324021092, 18.798819011250139 ], [ -110.917145550366939, 18.798993707977722 ], [ -110.916610486713566, 18.799289426513308 ], [ -110.916329771765746, 18.798850077634569 ], [ -110.915793347644652, 18.79835389026211 ], [ -110.915543989989231, 18.798008680086504 ], [ -110.916123005308677, 18.79761436269035 ], [ -110.916530890625509, 18.797686179306609 ], [ -110.916810139828783, 18.797717621502688 ], [ -110.916683265369571, 18.796933162202468 ], [ -110.916699190196681, 18.796020239339796 ], [ -110.917185698434835, 18.795367409533242 ], [ -110.917284640578728, 18.794953552888995 ], [ -110.9173161895432, 18.794279700359912 ], [ -110.917476369958521, 18.793646219313647 ], [ -110.917536434285296, 18.791866707479993 ], [ -110.917437788046172, 18.791128578925726 ], [ -110.916948565341499, 18.790197616980887 ], [ -110.916909499771052, 18.7895999522637 ], [ -110.916828046110552, 18.789124797363122 ], [ -110.916691704996339, 18.788580899683954 ], [ -110.916403199299381, 18.788022025338929 ], [ -110.916304460806785, 18.787667891914783 ], [ -110.91642537499402, 18.787204739562323 ], [ -110.916530663191509, 18.786502522494605 ], [ -110.916347350568401, 18.78562542374954 ], [ -110.915836078792324, 18.785127756920364 ], [ -110.914748971529946, 18.785072208547621 ], [ -110.914311338979587, 18.784930156904704 ], [ -110.913914534114781, 18.78464169014914 ], [ -110.914138977261103, 18.784220403411226 ], [ -110.914336650905568, 18.7841606878034 ], [ -110.914316343618239, 18.783849904383707 ], [ -110.914813650750446, 18.783748427814849 ], [ -110.915227742962941, 18.783915871798598 ], [ -110.915325223453678, 18.783094126631827 ], [ -110.915052461647434, 18.782390326917128 ], [ -110.91470586151209, 18.78209888728524 ], [ -110.914112848487136, 18.782278033465971 ], [ -110.913744275629753, 18.782035892356376 ], [ -110.913112215951102, 18.781617376142755 ], [ -110.91256315474898, 18.781697915885697 ], [ -110.912426725979046, 18.781538008705486 ], [ -110.912917778778734, 18.781340912871425 ], [ -110.913135863019832, 18.781207992540484 ], [ -110.91284426382569, 18.78060130393246 ], [ -110.911766676408348, 18.780305183463057 ], [ -110.911060780575127, 18.780299017007156 ], [ -110.910489864020235, 18.780044859849749 ], [ -110.909368454279203, 18.779463334269717 ], [ -110.907952110470475, 18.778995267096338 ], [ -110.907745076124939, 18.778911535328021 ], [ -110.907702807966757, 18.77865005270418 ], [ -110.907786032804538, 18.778381136598789 ], [ -110.908399330090589, 18.778512797262433 ], [ -110.909465846468663, 18.779025585491354 ], [ -110.91051519656645, 18.779275396329382 ], [ -110.910985829886783, 18.779151513317522 ], [ -110.91150822084677, 18.779048561043936 ], [ -110.912248579751662, 18.779196676220035 ], [ -110.912637556518689, 18.779365613780158 ], [ -110.912689426571362, 18.779002556697392 ], [ -110.913340541907658, 18.778555985338766 ], [ -110.91361985996447, 18.778203445092679 ], [ -110.913096021248876, 18.777898511316671 ], [ -110.913179235960769, 18.777629592440011 ], [ -110.913524367586717, 18.777513139920138 ], [ -110.91333462196458, 18.777308398027884 ], [ -110.913747238269266, 18.777067950948755 ], [ -110.914457804654333, 18.77714582408958 ], [ -110.914854693165765, 18.777050299640912 ], [ -110.915679816467033, 18.776953383796755 ], [ -110.915654820462635, 18.776570885129036 ], [ -110.91567689681527, 18.776137598035003 ], [ -110.916205522029372, 18.776130254002364 ], [ -110.916497526173742, 18.775200987321139 ], [ -110.916831811431294, 18.774533198816886 ], [ -110.917321464879535, 18.773544214181356 ], [ -110.917556914647989, 18.772906285298795 ], [ -110.918190890787088, 18.77181274538593 ], [ -110.918652303301059, 18.77077743620465 ], [ -110.919036854129516, 18.769722686386569 ], [ -110.919195527022225, 18.76868133479185 ], [ -110.918877361563148, 18.767668268750167 ], [ -110.919086134049323, 18.767007924614187 ], [ -110.918904301086812, 18.766538740164094 ], [ -110.91902831314799, 18.766123409510158 ], [ -110.91877128605519, 18.765274709281712 ], [ -110.918747939484376, 18.764532141830099 ], [ -110.918516013634388, 18.763681954379006 ], [ -110.918271494749803, 18.76302450254558 ], [ -110.918011161458736, 18.762895951924381 ], [ -110.918169643463372, 18.762622570431724 ], [ -110.917761861967747, 18.762550761563627 ], [ -110.917441965074147, 18.762281753694587 ], [ -110.917674171765043, 18.76198000175717 ], [ -110.917421751021152, 18.76158700053433 ], [ -110.917236806223571, 18.761070004986269 ], [ -110.916957730118, 18.760654585555137 ], [ -110.917771911912041, 18.760006342210694 ], [ -110.918065338151152, 18.759484975337482 ], [ -110.917734509988449, 18.759048629790975 ], [ -110.917307894046701, 18.759073931159953 ], [ -110.917690666421208, 18.758763250671912 ], [ -110.917827174514159, 18.758539170720102 ], [ -110.91780530070497, 18.75820449303637 ], [ -110.917447722637817, 18.758129706988683 ], [ -110.917976373565168, 18.757738379754173 ], [ -110.917471449553915, 18.757336358418183 ], [ -110.916900617087435, 18.75708223416088 ], [ -110.916677889305078, 18.7571434382549 ], [ -110.916792526312705, 18.75658468168276 ], [ -110.916711093749342, 18.756109548217928 ], [ -110.916187534755124, 18.755036681347498 ], [ -110.915932006064921, 18.754595870134885 ], [ -110.916101518752342, 18.754105856094419 ], [ -110.91618949979204, 18.753524685179624 ], [ -110.916600577419175, 18.752876357994111 ], [ -110.917223337397829, 18.752383461449426 ], [ -110.917466561612741, 18.751865077507503 ], [ -110.917079416306152, 18.750952115891945 ], [ -110.916816082563045, 18.750391781780099 ], [ -110.916758183538676, 18.74989125825325 ], [ -110.916990371630163, 18.749589512255305 ], [ -110.916946532652616, 18.749304136488249 ], [ -110.9171018775872, 18.748982950191774 ], [ -110.917635278368692, 18.748279373059237 ], [ -110.917804873070153, 18.747405389283582 ], [ -110.917413051458922, 18.746420717559186 ], [ -110.917109010325305, 18.745622823699737 ], [ -110.917499654297018, 18.745047704374464 ], [ -110.917725583572448, 18.744650339086025 ], [ -110.918241777647793, 18.743683806945363 ], [ -110.918419269668505, 18.742545383765417 ], [ -110.918259628757724, 18.741258976258212 ], [ -110.918573418135736, 18.740664417996513 ], [ -110.918532797310007, 18.740042888102277 ], [ -110.918760370918918, 18.739285460743012 ], [ -110.918788680881349, 18.738947814741316 ], [ -110.919176080786798, 18.738708853434673 ], [ -110.919187202852171, 18.738108252773724 ], [ -110.919670276398165, 18.73779162256206 ], [ -110.919915027875959, 18.737297149225729 ], [ -110.9196814868952, 18.736807056076767 ], [ -110.920007760230789, 18.736403737114163 ], [ -110.920194424054202, 18.736176683351093 ], [ -110.9200470939859, 18.735849459442619 ], [ -110.92030277875827, 18.7355223207996 ], [ -110.919749310914128, 18.735147200868997 ], [ -110.919779180043321, 18.734833460996054 ], [ -110.920042676226473, 18.734625847303594 ], [ -110.919885973132537, 18.734155194568778 ], [ -110.91966649977752, 18.73388024688645 ], [ -110.920100939755571, 18.733590498690749 ], [ -110.920400462014385, 18.733548728682386 ], [ -110.920370773019485, 18.733094538638117 ], [ -110.919884772912084, 18.732595430453376 ], [ -110.920091834044129, 18.732295176187222 ], [ -110.920825786735179, 18.73196365660727 ], [ -110.921335402030891, 18.732053403033166 ], [ -110.921755766468209, 18.731548508114454 ], [ -110.922064744879719, 18.731266199943672 ], [ -110.922115009744871, 18.730879258328525 ], [ -110.922395769698511, 18.730550629282952 ], [ -110.922792517327835, 18.730455089797278 ], [ -110.923113914258749, 18.730747980102805 ], [ -110.923413348229573, 18.731090167723167 ], [ -110.923645489737368, 18.73078841988881 ], [ -110.924073580318293, 18.730787005741259 ], [ -110.924293213952268, 18.730294019215929 ], [ -110.924589600240935, 18.730204432576574 ], [ -110.924807591518018, 18.73007150432554 ], [ -110.925259205780804, 18.730044693095891 ], [ -110.925488214560104, 18.729695133452974 ], [ -110.925552539116339, 18.729523332327343 ], [ -110.926022986563311, 18.729399411426428 ], [ -110.926369549046825, 18.729306842015646 ], [ -110.92654837550225, 18.728960259613686 ], [ -110.926600189464537, 18.728597221935246 ], [ -110.92719295221562, 18.728418039346863 ], [ -110.927826509276358, 18.728092446809136 ], [ -110.92816993944858, 18.727952064192394 ], [ -110.928550970340027, 18.728001427503326 ], [ -110.92866859686923, 18.727874454420618 ], [ -110.928932001447563, 18.728050788949524 ], [ -110.92930984008855, 18.72843630235133 ], [ -110.929756755583966, 18.728337764313686 ], [ -110.93014723570451, 18.728146588180437 ], [ -110.930556485258919, 18.728242263467493 ], [ -110.930761892497017, 18.728302054122985 ], [ -110.931235459807056, 18.72822592540474 ], [ -110.931458134824098, 18.728164701161624 ], [ -110.931881522569569, 18.728091551588292 ], [ -110.932199804287819, 18.728336613315125 ], [ -110.932681140139579, 18.728763964701674 ], [ -110.933156219967927, 18.7290956973251 ], [ -110.933419632691368, 18.729272024287297 ], [ -110.933995124895077, 18.729213827233952 ], [ -110.934205279745385, 18.728961363156564 ], [ -110.934457738649769, 18.72897035757309 ], [ -110.934798034102826, 18.728782150533604 ], [ -110.934885871372032, 18.728584950348463 ], [ -110.935284122836805, 18.728897244587056 ], [ -110.935636892743432, 18.72928423464014 ], [ -110.936130809472473, 18.72951884852495 ], [ -110.936436622899109, 18.729188702489868 ], [ -110.936781569792274, 18.729456167610032 ], [ -110.937153215131417, 18.729362081859289 ], [ -110.9376784870595, 18.729690817388413 ], [ -110.937998347490776, 18.729959770647756 ], [ -110.938680462067865, 18.729991207143126 ], [ -110.939103851665081, 18.729918037981506 ], [ -110.939547598294368, 18.730155624517032 ], [ -110.940099567533252, 18.730122801030536 ], [ -110.940878940773047, 18.729716487403223 ], [ -110.941642645896351, 18.729071125862038 ], [ -110.941293021859963, 18.728347996769401 ], [ -110.941177034286227, 18.727730959785596 ], [ -110.941090866202316, 18.726800182470367 ], [ -110.941293204322051, 18.726044226538548 ], [ -110.941122342839677, 18.725358463118688 ], [ -110.941116108795299, 18.724878885126088 ], [ -110.941271399160655, 18.724173724226798 ], [ -110.941409430727191, 18.723589577227045 ], [ -110.942089975754669, 18.723213134537549 ], [ -110.942624686401416, 18.722917355180758 ], [ -110.942267242455742, 18.722074713310938 ], [ -110.942870946573251, 18.721678841174015 ], [ -110.943499687143756, 18.722049390772664 ], [ -110.944241339511095, 18.722221242140279 ], [ -110.944456143592049, 18.722424437390693 ], [ -110.944454533876879, 18.723168452183234 ], [ -110.945011154519165, 18.723591282982866 ], [ -110.945537990075991, 18.723943893317646 ], [ -110.946276520260682, 18.724067925637492 ], [ -110.946742214253689, 18.724256188393682 ], [ -110.94744467514974, 18.724598339560263 ], [ -110.947855482001515, 18.725101832477311 ], [ -110.948446614651999, 18.725666584276194 ], [ -110.949109882169239, 18.726179045040439 ], [ -110.949348221487512, 18.726356836938393 ], [ -110.94911897764878, 18.72576634660382 ], [ -110.949236901841786, 18.725811520299953 ], [ -110.949548931254924, 18.726344888346276 ], [ -110.949738667527129, 18.726165609642141 ], [ -110.949770039637045, 18.725491811583343 ], [ -110.949802985966571, 18.724457956766006 ], [ -110.949530163126639, 18.723279724823662 ], [ -110.949748131797222, 18.722853391908583 ], [ -110.949221306874207, 18.721732879748302 ], [ -110.949188389623558, 18.721230893282225 ], [ -110.949768563377162, 18.720092474890826 ], [ -110.950717191507778, 18.719580043923816 ], [ -110.951474520800843, 18.719222983132248 ], [ -110.952277317005084, 18.719175176272604 ], [ -110.952711644408481, 18.719653254646893 ], [ -110.953396847331376, 18.719732432203216 ], [ -110.954543042427204, 18.720312090373806 ], [ -110.95520473825303, 18.720800616071926 ], [ -110.956346243785404, 18.721308549442369 ], [ -110.956747660709965, 18.721668592093678 ], [ -110.95753794928055, 18.722197442638606 ], [ -110.957702613267912, 18.722787568892784 ], [ -110.957657175125235, 18.723630189816785 ], [ -110.958119745146661, 18.723770608927737 ], [ -110.957948867585969, 18.724620706076195 ], [ -110.957790541167611, 18.725662037716596 ], [ -110.957787419484703, 18.725998190084166 ], [ -110.957541255368582, 18.726468813808321 ], [ -110.957927016657834, 18.726973775391251 ], [ -110.958039958176954, 18.727926952981662 ], [ -110.957408057249793, 18.728660538699955 ], [ -110.956813764202238, 18.728815936441293 ], [ -110.956199098395714, 18.729428501772386 ], [ -110.955832172195187, 18.729594347211375 ], [ -110.955186125888702, 18.729728824090451 ], [ -110.955170456789119, 18.730257707056705 ], [ -110.954949366043422, 18.730726834633995 ], [ -110.954958786066967, 18.73125422374201 ], [ -110.955488814193771, 18.731654610827501 ], [ -110.955849470316934, 18.731393148109998 ], [ -110.956719774885656, 18.731605275678621 ], [ -110.957176108658345, 18.73203404541982 ], [ -110.957513258006131, 18.732181942286616 ], [ -110.958120118222141, 18.732217775604937 ], [ -110.958612515865923, 18.73242841259211 ], [ -110.959310340355586, 18.732698799227489 ], [ -110.959602022106537, 18.732921394881199 ], [ -110.959990925667398, 18.733090199781181 ], [ -110.960382969355109, 18.733306812595718 ], [ -110.960698174989034, 18.733504005957609 ], [ -110.960351671451576, 18.734364585855403 ], [ -110.960491271421617, 18.73495621314477 ], [ -110.960560310805505, 18.735624041099577 ], [ -110.960339253454535, 18.736477146101173 ], [ -110.960502353989156, 18.736659408973491 ], [ -110.960779942782565, 18.737050829526812 ], [ -110.961208052644139, 18.737049310664172 ], [ -110.961567169225006, 18.737147893885655 ], [ -110.96201882800024, 18.73750493971 ], [ -110.962360676684796, 18.737340572329728 ], [ -110.962815357054964, 18.73620955795111 ], [ -110.963125800770385, 18.735567101858013 ], [ -110.96338766233248, 18.735335507171666 ], [ -110.963622895847536, 18.735465469671123 ], [ -110.963513210119828, 18.736479926404201 ], [ -110.963536762547236, 18.736838491871989 ], [ -110.963337639810661, 18.737258330875534 ], [ -110.963146367295607, 18.737797691204342 ], [ -110.96312601780842, 18.738254868308307 ], [ -110.96341303935705, 18.738789712285666 ], [ -110.963687501306595, 18.739133319336293 ], [ -110.964291253405136, 18.739121319825447 ], [ -110.964219155929953, 18.739557584925887 ], [ -110.963927518855698, 18.740102932140267 ], [ -110.964082843328697, 18.740933607029771 ], [ -110.964412170252842, 18.740961967404932 ], [ -110.964935945356672, 18.740882739167748 ], [ -110.965462860969893, 18.740851318370634 ], [ -110.966113661734056, 18.740788508801291 ], [ -110.966646901071769, 18.741236670929279 ], [ -110.96701078743915, 18.741790924929052 ], [ -110.96733391901806, 18.742491599597898 ], [ -110.967584878052705, 18.742860602917442 ], [ -110.967776184606862, 18.74270520266203 ], [ -110.968042810305022, 18.742929281553678 ], [ -110.968321959496507, 18.74296062686874 ], [ -110.968913158606185, 18.742757371468212 ], [ -110.969482456666768, 18.742987389485236 ], [ -110.969645625947095, 18.743553613846881 ], [ -110.969386949852222, 18.7442170014649 ], [ -110.970202509280711, 18.744744304439152 ], [ -110.970817339313143, 18.745283580883036 ], [ -110.971272138056904, 18.745304440488848 ], [ -110.971454013899915, 18.74500560684935 ], [ -110.971624942556517, 18.744923412144921 ], [ -110.971857112014561, 18.74538952569673 ], [ -110.972122233633556, 18.745973664953052 ], [ -110.972887512809621, 18.745736007007746 ], [ -110.973295213968214, 18.745423693101284 ], [ -110.973938233372976, 18.745625298119307 ], [ -110.974468310530739, 18.745641654927873 ], [ -110.974913741000975, 18.745903046453606 ], [ -110.975258740849171, 18.745786458170095 ], [ -110.975516015845187, 18.746251067812057 ], [ -110.976160615893619, 18.746476568654188 ], [ -110.976370788000466, 18.746608011252199 ], [ -110.976776980047703, 18.74665575471909 ], [ -110.977260021441268, 18.746722907512158 ], [ -110.978147684449155, 18.746813893344164 ], [ -110.978627581212507, 18.746833232392067 ], [ -110.978991456040603, 18.747003489771281 ], [ -110.979375703520944, 18.747100534192082 ], [ -110.979902639789572, 18.74706906259393 ], [ -110.980241345465956, 18.746856844036454 ], [ -110.980729029155967, 18.746611726793752 ], [ -110.981070796338216, 18.746063344612153 ], [ -110.981120899535327, 18.745676375729477 ], [ -110.981617934629995, 18.745190711967961 ], [ -110.982635598220838, 18.744577948422847 ], [ -110.983686302036972, 18.744467172571266 ], [ -110.984539510403025, 18.744800163771707 ], [ -110.98579280640034, 18.745853193730564 ], [ -110.986393631274538, 18.746561238702583 ], [ -110.98695362576477, 18.747031736722725 ], [ -110.987247056752025, 18.747662159037727 ], [ -110.987236233091821, 18.748262772264564 ], [ -110.987575029503091, 18.748434509168352 ], [ -110.987747426664498, 18.747992227758896 ], [ -110.987887059200901, 18.748199868852701 ], [ -110.988199290617587, 18.74873317260591 ], [ -110.988198020671021, 18.749861186781004 ], [ -110.988400336207931, 18.74987309023491 ], [ -110.988307940720006, 18.750382586843831 ], [ -110.987919054041782, 18.750597824574541 ], [ -110.987282386898571, 18.750875870298646 ], [ -110.987280910779035, 18.751235939753034 ], [ -110.987494250922083, 18.75141517705984 ], [ -110.988207976102586, 18.751924483071555 ], [ -110.988466881437205, 18.752412979561068 ], [ -110.988981445849575, 18.752958187749442 ], [ -110.989442572485828, 18.753074611742829 ], [ -110.989655811420562, 18.752869871792559 ], [ -110.990313066292842, 18.753286550328724 ], [ -110.991033003534753, 18.753507487356018 ], [ -110.991702644577614, 18.753347447442628 ], [ -110.992325249206147, 18.753238215573813 ], [ -110.992626366954028, 18.753220206014788 ], [ -110.992974521128616, 18.753151384565495 ], [ -110.993590937501821, 18.753330504274576 ], [ -110.994081889217938, 18.753517125994101 ], [ -110.994384703348928, 18.753906993050656 ], [ -110.994560355763468, 18.753896485154502 ], [ -110.994852141141806, 18.754119018693242 ], [ -110.995146956878003, 18.754005385117352 ], [ -110.995614274425535, 18.753833433193215 ], [ -110.996142808963498, 18.75382580874189 ], [ -110.996630613677652, 18.753964613729572 ], [ -110.996793908578468, 18.754530816882589 ], [ -110.997080969278215, 18.754681632578915 ], [ -110.997441735372036, 18.754804037649532 ], [ -110.997559448169611, 18.755060981888413 ], [ -110.997848087188913, 18.755235700523173 ], [ -110.998036482903316, 18.755800402446113 ], [ -110.998303313106632, 18.75640840795851 ], [ -110.998502617073441, 18.756756465747024 ], [ -110.998579605808814, 18.757159841299082 ], [ -110.998766298066585, 18.757316661598477 ], [ -110.999343457212376, 18.757282117794418 ], [ -110.999835874147479, 18.757108650089471 ], [ -110.999973957556733, 18.757292377234229 ], [ -110.999574165485143, 18.757724290952353 ], [ -110.999817355762573, 18.757973724343675 ], [ -111.000214264473414, 18.758261954554133 ], [ -111.000549811663831, 18.758001878509706 ], [ -111.001153368208222, 18.757221775928191 ], [ -111.002131746067974, 18.75639523076725 ], [ -111.003100648328015, 18.755425253771353 ], [ -111.00397705040109, 18.754580804647748 ], [ -111.0047423223576, 18.754342982067989 ], [ -111.005035404501541, 18.753821449692815 ], [ -111.005552744744207, 18.753262485376521 ], [ -111.005768964080957, 18.752721557148366 ], [ -111.005960240944802, 18.752566105441321 ], [ -111.00647472250283, 18.752727279346157 ], [ -111.007004984871955, 18.753127496407121 ], [ -111.007687230026647, 18.753158622115844 ], [ -111.007986610867206, 18.752732702152318 ], [ -111.008254900228181, 18.752980616904001 ], [ -111.008645499264176, 18.753173205600611 ], [ -111.00939970654305, 18.75276802834809 ], [ -111.009664841672517, 18.752968131493382 ], [ -111.009732714489999, 18.753996023722337 ], [ -111.009715675338654, 18.754501025197637 ], [ -111.009921319530562, 18.754944684525984 ], [ -111.009990448464734, 18.755228531532033 ], [ -111.01037158392154, 18.755277688653571 ], [ -111.010606731604128, 18.755023605397106 ], [ -111.010657083521409, 18.755404574388095 ], [ -111.010705856035031, 18.755761637628979 ], [ -111.010891147299418, 18.756278514626093 ], [ -111.011265971954003, 18.75623205093105 ], [ -111.01174590647409, 18.756251284645522 ], [ -111.012200747958133, 18.756272020904142 ], [ -111.012580309118519, 18.756297268268625 ], [ -111.013057086872692, 18.756268688500988 ], [ -111.01329679613383, 18.755702337988559 ], [ -111.013671444926018, 18.75527189245652 ], [ -111.014041353789111, 18.754769733908407 ], [ -111.014647977590656, 18.754037388733192 ], [ -111.015074383225226, 18.753627836612758 ], [ -111.015535534348601, 18.753744180785894 ], [ -111.016516285331917, 18.754861326441876 ], [ -111.017321398140311, 18.75598900300475 ], [ -111.017654116770956, 18.756449032879775 ], [ -111.017630971759274, 18.757242396115309 ], [ -111.01717509544406, 18.758349703292982 ], [ -111.017053150616476, 18.759172992351751 ], [ -111.017338847388643, 18.759683844047434 ], [ -111.01806202199667, 18.75995246306088 ], [ -111.018369657961102, 18.760413998874139 ], [ -111.018622366861223, 18.760806830145253 ], [ -111.01810049745913, 18.761678110152133 ], [ -111.017661252601101, 18.761512459000922 ], [ -111.017272380495029, 18.761727775717677 ], [ -111.016577813927668, 18.762273415297894 ], [ -111.015575966541221, 18.763125469754115 ], [ -111.015124438293228, 18.763536533007823 ], [ -111.015137428565765, 18.764495731321311 ], [ -111.015448224045514, 18.765005085612831 ], [ -111.01603313062094, 18.764706019746843 ], [ -111.016403417704325, 18.764971810208834 ], [ -111.01668104318766, 18.764979161450963 ], [ -111.017068528669682, 18.765123921625275 ], [ -111.017689586730697, 18.764990678763628 ], [ -111.01764395158709, 18.764681422257212 ], [ -111.018108302242851, 18.764845569023858 ], [ -111.018525437666128, 18.764676552812528 ], [ -111.018224111815357, 18.764310633985197 ], [ -111.01879952756434, 18.763868130675334 ], [ -111.019075570758787, 18.763851573145892 ], [ -111.01909611337291, 18.764162334175094 ], [ -111.01932986927919, 18.764268310213019 ], [ -111.019022597470794, 18.76457473467369 ], [ -111.019647001072798, 18.764873274068833 ], [ -111.019669314819069, 18.76559192078706 ], [ -111.01946577254509, 18.766324117089454 ], [ -111.019644789924072, 18.7667453709876 ], [ -111.019746941800193, 18.767147235692583 ], [ -111.019913318032778, 18.767377251422637 ], [ -111.020484385050239, 18.767630989387332 ], [ -111.020732371783495, 18.767952106579319 ], [ -111.021510530321649, 18.768289415151497 ], [ -111.021683429772636, 18.768999031574882 ], [ -111.022117764941868, 18.768708975554901 ], [ -111.022611774987425, 18.76855933520072 ], [ -111.022903636424047, 18.768781818731089 ], [ -111.022963313664349, 18.768922235466974 ], [ -111.022068163592792, 18.769863935791232 ], [ -111.021947818791702, 18.770711146747583 ], [ -111.021926080375962, 18.771144446208989 ], [ -111.022348367712112, 18.77181510140424 ], [ -111.02195631206024, 18.771982623110372 ], [ -111.021740125448076, 18.772523589292664 ], [ -111.021773321610766, 18.773025593020169 ], [ -111.021569778529681, 18.773757798490937 ], [ -111.021591909100167, 18.774092468777734 ], [ -111.021397653626707, 18.774584120026383 ], [ -111.021429268255531, 18.775062219616441 ], [ -111.021845045553619, 18.775253274026085 ], [ -111.021975469533928, 18.775701446219788 ], [ -111.02246515771769, 18.776248062489515 ], [ -111.022967098802937, 18.776217944819116 ], [ -111.023208583373474, 18.77605945540834 ], [ -111.023060764568783, 18.775348328165105 ], [ -111.023546891141635, 18.775079159308401 ], [ -111.024172731726708, 18.775017601894028 ], [ -111.024881768861931, 18.775071049057782 ], [ -111.025280361520757, 18.775383124321454 ], [ -111.025787043312789, 18.775424712109629 ], [ -111.026416257087718, 18.775794942484684 ], [ -111.026791129120497, 18.775748439901559 ], [ -111.026946034949916, 18.775043142360115 ], [ -111.027331767108024, 18.774779986717729 ], [ -111.028011175029633, 18.775147196843772 ], [ -111.028288821816005, 18.775154526780216 ], [ -111.028543168534526, 18.775571254547497 ], [ -111.028810174079567, 18.77617922176961 ], [ -111.028302333970316, 18.776881712622714 ], [ -111.027694100027006, 18.777590229286286 ], [ -111.027675543438491, 18.778071343744013 ], [ -111.02752200728132, 18.778416561084676 ], [ -111.028185614147461, 18.778544721366234 ], [ -111.028638950275209, 18.77854150295763 ], [ -111.029575466201024, 18.77860527093037 ], [ -111.030030384818886, 18.778625953932611 ], [ -111.030579584304363, 18.778928973909341 ], [ -111.031161574214394, 18.778966023037512 ], [ -111.031564716469092, 18.778965810420296 ], [ -111.031757807681359, 18.779218213930353 ], [ -111.031894597542603, 18.779762000565277 ], [ -111.032394967718943, 18.779707946563089 ], [ -111.032872049549169, 18.780063291429354 ], [ -111.033316122076727, 18.780300617223642 ], [ -111.033360214102132, 18.780585970674938 ], [ -111.033700731581987, 18.780781515808545 ], [ -111.033649182490194, 18.781144615297329 ], [ -111.033862629226519, 18.781323794009246 ], [ -111.034010280949332, 18.781650926068508 ], [ -111.033767446120081, 18.782169519390344 ], [ -111.034189594499722, 18.782456161487481 ], [ -111.033921660074014, 18.782976262547223 ], [ -111.034133526937012, 18.783131535609396 ], [ -111.034541663077064, 18.783587021189398 ], [ -111.034694068411426, 18.783985869794208 ], [ -111.03452336095782, 18.784452130760791 ], [ -111.034761913089909, 18.784629801069013 ], [ -111.03451115908004, 18.785028870737492 ], [ -111.034650900556258, 18.785236478583062 ], [ -111.034610434441547, 18.785766916389782 ], [ -111.034858488315152, 18.786088018819612 ], [ -111.035230920517563, 18.78714565875762 ], [ -111.035541842457206, 18.787654986741895 ], [ -111.035862032199717, 18.787923752504966 ], [ -111.036092674850551, 18.787981895074157 ], [ -111.036291646986328, 18.787561932738502 ], [ -111.03694873313718, 18.787210442489595 ], [ -111.037442554466608, 18.786676758044045 ], [ -111.037827815429026, 18.785645588024941 ], [ -111.038340390621002, 18.785014773176425 ], [ -111.039157554328796, 18.784797653887395 ], [ -111.039803531347914, 18.784278816309723 ], [ -111.040081197386471, 18.78428612549256 ], [ -111.040570491511815, 18.784064707969268 ], [ -111.040970480258693, 18.784016659761047 ], [ -111.041673233100255, 18.783974407690248 ], [ -111.041827244083009, 18.784397154028515 ], [ -111.042078227962833, 18.784382062939773 ], [ -111.042574111198533, 18.784640250210419 ], [ -111.042964849081173, 18.784832756988163 ], [ -111.043186237112522, 18.785131448951748 ], [ -111.043421375201575, 18.784877305357515 ], [ -111.04349799868919, 18.784512691345171 ], [ -111.04362083560197, 18.785225315546409 ], [ -111.043785689303945, 18.785431405599589 ], [ -111.043608672125629, 18.78580205774805 ], [ -111.043914610210976, 18.785855660003765 ], [ -111.044767962934074, 18.785804336703141 ], [ -111.045079979665346, 18.785569565396614 ], [ -111.045040877301687, 18.785739920662301 ], [ -111.045089750586129, 18.786096987923738 ], [ -111.045654338749671, 18.785871024443193 ], [ -111.046234777019734, 18.785884109084911 ], [ -111.04712061995761, 18.785182806021176 ], [ -111.047699201806921, 18.784787989466849 ], [ -111.047775812877475, 18.78442337337756 ], [ -111.048478294362212, 18.783997099160956 ], [ -111.048884351207363, 18.783660660159867 ], [ -111.048560704032127, 18.782960123498857 ], [ -111.048638897342869, 18.782619412468215 ], [ -111.049300412334958, 18.781955595953093 ], [ -111.049549257377095, 18.781148608863376 ], [ -111.049319933449411, 18.780730403223931 ], [ -111.049148733543078, 18.780428701458533 ], [ -111.048996290034253, 18.780029870253159 ], [ -111.049110678070846, 18.779854984389459 ], [ -111.04972728945485, 18.78003388048052 ], [ -111.049894007175951, 18.780647855454262 ], [ -111.050192006042593, 18.780581920109388 ], [ -111.05031142711492, 18.780862737210491 ], [ -111.050819722771124, 18.780928145611014 ], [ -111.051309266755425, 18.78109068286907 ], [ -111.051669870855207, 18.780828973481121 ], [ -111.052242920290027, 18.781490489875541 ], [ -111.05248596643321, 18.781355856958399 ], [ -111.052953304322429, 18.781183720013285 ], [ -111.053659211793956, 18.781189222126574 ], [ -111.053886391113522, 18.780815538224537 ], [ -111.054242228976193, 18.780482108422095 ], [ -111.054493204290409, 18.780466996717923 ], [ -111.054566622605762, 18.780054570225442 ], [ -111.05441257709559, 18.77963183933046 ], [ -111.05462417345062, 18.779403094843996 ], [ -111.054985345103844, 18.779909355054048 ], [ -111.055227378708494, 18.78051879019398 ], [ -111.055591438690527, 18.780688869960883 ], [ -111.055618414038733, 18.781095251786912 ], [ -111.054973519615118, 18.780870081820925 ], [ -111.055083719549941, 18.781391455293939 ], [ -111.054892458177875, 18.781546974410219 ], [ -111.055126560674665, 18.78203688651762 ], [ -111.055119207165646, 18.782685341742809 ], [ -111.054734804879629, 18.782588486173026 ], [ -111.054564167578462, 18.783054768999015 ], [ -111.054719804056944, 18.783501406225451 ], [ -111.054395690757872, 18.784312937909075 ], [ -111.054038542782465, 18.78500645584824 ], [ -111.053737933451245, 18.785792571045874 ], [ -111.053430975750018, 18.786483066716588 ], [ -111.052932459376137, 18.786945088354763 ], [ -111.052297622620486, 18.787631319100733 ], [ -111.051678082561835, 18.787788614285748 ], [ -111.05039066084484, 18.788514116406994 ], [ -111.049680507606695, 18.789204869019038 ], [ -111.049096883392806, 18.789143987053755 ], [ -111.048143384654665, 18.789585368754704 ], [ -111.046455922062378, 18.79035890570001 ], [ -111.045768989624904, 18.790640233062163 ], [ -111.046178507280004, 18.790735601839653 ], [ -111.046503215353198, 18.790692068864214 ], [ -111.04642369139134, 18.791392870538804 ], [ -111.04642712760203, 18.791824675401301 ], [ -111.046641139287431, 18.792771828463181 ], [ -111.04703798059144, 18.792675953670162 ], [ -111.047149478451331, 18.792837250218906 ], [ -111.047143404311086, 18.793125624258128 ], [ -111.047516999954851, 18.793439158074243 ], [ -111.04742796655384, 18.79399653103766 ], [ -111.046902717250745, 18.794436142275192 ], [ -111.046146541028904, 18.794433628066223 ], [ -111.045723008020872, 18.794507105498855 ], [ -111.045430792602232, 18.793900663273806 ], [ -111.045248488905102, 18.793431614166114 ], [ -111.045154167784489, 18.793149278726201 ], [ -111.044567619093883, 18.793424562939123 ], [ -111.043974986222693, 18.793988219261099 ], [ -111.044044205624303, 18.794272064302881 ], [ -111.043719488317038, 18.794315593083379 ], [ -111.043729255498818, 18.794843020787251 ], [ -111.043570986532728, 18.795116545985511 ], [ -111.043035699792114, 18.794644719536155 ], [ -111.042334477135796, 18.794710884527465 ], [ -111.041880260581877, 18.795842226177474 ], [ -111.041933125923663, 18.795119026838105 ], [ -111.042271600424442, 18.794522659626729 ], [ -111.041510922158622, 18.794832401689582 ], [ -111.041296611485649, 18.795781313450302 ], [ -111.041325383044438, 18.796595608434867 ], [ -111.041372917433293, 18.797312773722123 ], [ -111.041062702439149, 18.797955443340587 ], [ -111.040968886415087, 18.798441098377548 ], [ -111.0409646327453, 18.799137378255871 ], [ -111.041148263031801, 18.799246343236597 ], [ -111.041428626343105, 18.798533463984949 ], [ -111.04166670760614, 18.797943131649589 ], [ -111.041742262491951, 18.79832260177098 ], [ -111.041929313523184, 18.798863374690082 ], [ -111.042022300547458, 18.799505807040269 ], [ -111.042144889675313, 18.799834448104288 ], [ -111.042592212073316, 18.800119564073473 ], [ -111.043066222074231, 18.800427074757792 ], [ -111.043462016860545, 18.801075300603696 ], [ -111.043802342661309, 18.800886830120415 ], [ -111.044349817348035, 18.80078190373921 ], [ -111.045084097114596, 18.800833748052927 ], [ -111.044685906365928, 18.801289712362511 ], [ -111.045004821578729, 18.80191855747929 ], [ -111.045414372575465, 18.802013930646712 ], [ -111.046118802049648, 18.801995562997792 ], [ -111.046452783727958, 18.801711462651063 ], [ -111.04673550846023, 18.802174475687313 ], [ -111.046255407657668, 18.802155352358795 ], [ -111.046160021908833, 18.802617108927297 ], [ -111.046030021861739, 18.80293694108056 ], [ -111.045886016204733, 18.803425622000631 ], [ -111.045409343529727, 18.803838308569741 ], [ -111.045157263153541, 18.804597501156579 ], [ -111.045280126787262, 18.805310142752823 ], [ -111.045724302011436, 18.805547439860767 ], [ -111.045369962425355, 18.805904766830277 ], [ -111.045440776104229, 18.806212521953835 ], [ -111.045588482464794, 18.806539653325952 ], [ -111.045104133660303, 18.807216813581981 ], [ -111.045311557454227, 18.807684360729969 ], [ -111.045603539474286, 18.807906811672627 ], [ -111.045937800986053, 18.80800671342497 ], [ -111.046264135640243, 18.807987085425758 ], [ -111.046493495976563, 18.808405310651931 ], [ -111.046927903764697, 18.808115168068436 ], [ -111.04759801591544, 18.808338870457717 ], [ -111.04821316711454, 18.808493873135678 ], [ -111.047967436878011, 18.809348698697789 ], [ -111.047468550006116, 18.80942671292582 ], [ -111.046814021739252, 18.809058064160251 ], [ -111.045771063131511, 18.809672823265576 ], [ -111.045291460024515, 18.810421703458655 ], [ -111.044684750117071, 18.811154226342435 ], [ -111.044098381289203, 18.811813519424664 ], [ -111.043755631977845, 18.813106195985277 ], [ -111.043326470504965, 18.814236060597825 ], [ -111.043420802410168, 18.814518404965217 ], [ -111.044336964195324, 18.814271304966109 ], [ -111.045993552491964, 18.813787659234549 ], [ -111.046444099777261, 18.814120581131782 ], [ -111.046841269102799, 18.814408709693577 ], [ -111.047081475307536, 18.814610273992955 ], [ -111.047602582193363, 18.814866943951802 ], [ -111.04814272065569, 18.815410484552856 ], [ -111.048867565421773, 18.8153188756297 ], [ -111.049789792322557, 18.814783360724075 ], [ -111.050283938698755, 18.814633620535549 ], [ -111.050833327915015, 18.814936580919515 ], [ -111.051359202474728, 18.815264956653664 ], [ -111.0516985252777, 18.815820571453074 ], [ -111.052058195779054, 18.816302956271521 ], [ -111.05162694587186, 18.816640928964361 ], [ -111.051356867181298, 18.816369164189638 ], [ -111.051398115217424, 18.816990720348379 ], [ -111.050896306867841, 18.817404941469238 ], [ -111.050072622660309, 18.817526509059306 ], [ -111.049565776330923, 18.817485000763142 ], [ -111.048867340033041, 18.817215002458276 ], [ -111.0484669853968, 18.816879065946782 ], [ -111.048323747757848, 18.816239644390734 ], [ -111.048014569076159, 18.816138236646811 ], [ -111.047282058783594, 18.816494318727923 ], [ -111.046549279636196, 18.816466390677039 ], [ -111.046010992351114, 18.8163307557802 ], [ -111.045657684971744, 18.815943981087788 ], [ -111.044656689202782, 18.816052180710294 ], [ -111.043282556569011, 18.816614834829853 ], [ -111.041624087506094, 18.816690539952045 ], [ -111.04114685495496, 18.816335205781307 ], [ -111.041521582290528, 18.815904656687682 ], [ -111.041869618780083, 18.815451710318605 ], [ -111.042357690064151, 18.815590378357435 ], [ -111.042583627477583, 18.815576795023432 ], [ -111.042821733398796, 18.814986446814768 ], [ -111.042899960371827, 18.814645725330529 ], [ -111.042557505601593, 18.814042280276993 ], [ -111.041821571044281, 18.813966517073986 ], [ -111.04139955979862, 18.814063889899831 ], [ -111.0411828826999, 18.813836901933204 ], [ -111.040845691214528, 18.814073182809619 ], [ -111.040454872602268, 18.813880662263077 ], [ -111.039816433064146, 18.81413504757376 ], [ -111.039488989770575, 18.814898767343703 ], [ -111.039738692411603, 18.815243779710272 ], [ -111.040516918326489, 18.815197004900735 ], [ -111.040476466118221, 18.815727465074364 ], [ -111.039809744326504, 18.815935547520745 ], [ -111.039427335625703, 18.816630568281298 ], [ -111.038783884335203, 18.816429224279954 ], [ -111.03791497942116, 18.817009467613129 ], [ -111.037786530494046, 18.817353205383093 ], [ -111.038186859298989, 18.81768917054983 ], [ -111.037739729766542, 18.817788042115147 ], [ -111.037435546944153, 18.818142338252347 ], [ -111.037509517214232, 18.818497914644848 ], [ -111.037793589095401, 18.818600852728387 ], [ -111.037354377405634, 18.818819254348771 ], [ -111.03694050676441, 18.819420154470045 ], [ -111.037151088288851, 18.819935533985372 ], [ -111.03720629019557, 18.820388244305548 ], [ -111.037193856751031, 18.820581002848691 ], [ -111.037023112088846, 18.821047288961498 ], [ -111.03664336651201, 18.821022101984248 ], [ -111.036418766812986, 18.820675573598081 ], [ -111.035987464397593, 18.82101350343196 ], [ -111.035380189245203, 18.820977979887488 ], [ -111.03515400917793, 18.820607543685469 ], [ -111.034595130488853, 18.820161085482724 ], [ -111.034041235706255, 18.820170352595433 ], [ -111.033688411949882, 18.820551564798194 ], [ -111.033021429260401, 18.820375609789672 ], [ -111.032130085323203, 18.820237125909401 ], [ -111.031343689586677, 18.819780317622723 ], [ -111.029997077367995, 18.819237132032015 ], [ -111.029163650795994, 18.818831140075552 ], [ -111.028695938249058, 18.818619202971171 ], [ -111.028161039411799, 18.818915325351739 ], [ -111.027431414790357, 18.818935116196659 ], [ -111.027212010996507, 18.819428310603858 ], [ -111.027709576658225, 18.819710464610495 ], [ -111.028141322951967, 18.820140575626475 ], [ -111.028119596319499, 18.820573904032717 ], [ -111.02790789178313, 18.820802623589138 ], [ -111.028099666140179, 18.821415148612971 ], [ -111.028575515441119, 18.822130629767429 ], [ -111.028608748789495, 18.822632664588379 ], [ -111.028519619184365, 18.823190047616361 ], [ -111.028045989919917, 18.823650502091674 ], [ -111.027945780194813, 18.824040539856611 ], [ -111.027511281424182, 18.82433063370539 ], [ -111.027031315595565, 18.824695459223129 ], [ -111.025829600972529, 18.825199600197127 ], [ -111.025105099842193, 18.826059123664095 ], [ -111.024491477598232, 18.825927929277981 ], [ -111.024773769347291, 18.825622974431777 ], [ -111.024015839101864, 18.825596442770749 ], [ -111.02397175207004, 18.825311069790008 ], [ -111.024142546624276, 18.824844795887614 ], [ -111.023591795539247, 18.82490183793114 ], [ -111.022665837765572, 18.824621364259457 ], [ -111.021895262341445, 18.824403569618774 ], [ -111.021304979907157, 18.823862940091193 ], [ -111.020330594435634, 18.823993380469702 ], [ -111.019647802165764, 18.823578298894024 ], [ -111.019496977586812, 18.823203321517489 ], [ -111.018897601258672, 18.823287264208339 ], [ -111.018412687843906, 18.823196332071721 ], [ -111.018015366236213, 18.822524115552682 ], [ -111.017412830791955, 18.822560238970631 ], [ -111.017044331266035, 18.823086357578653 ], [ -111.016776251829, 18.823606455754597 ], [ -111.015979185779273, 18.82375024003964 ], [ -111.015058344993122, 18.82430946047953 ], [ -111.014506188096945, 18.82472657364335 ], [ -111.014307270217884, 18.825530539546214 ], [ -111.013806897974916, 18.825968548017226 ], [ -111.013299859794373, 18.825542905898143 ], [ -111.012935733874841, 18.82537271384895 ], [ -111.013240512428197, 18.826170497502574 ], [ -111.012889022624861, 18.826191558788782 ], [ -111.012482581387417, 18.826143907784946 ], [ -111.012682193093482, 18.826875990414987 ], [ -111.012250643755266, 18.826829843031497 ], [ -111.012008116331145, 18.826955019947004 ], [ -111.011774762516637, 18.828001060225716 ], [ -111.012394531895708, 18.827843920911519 ], [ -111.013066264191878, 18.828091690028213 ], [ -111.012964428572445, 18.8284578136482 ], [ -111.013389836291324, 18.828792345178048 ], [ -111.012947563602779, 18.829346877758059 ], [ -111.011969634039048, 18.82866142531773 ], [ -111.011279445549278, 18.829278808526535 ], [ -111.01149576619531, 18.829825083809062 ], [ -111.011044170342871, 18.830620184392057 ], [ -111.010464372592452, 18.831439764755174 ], [ -111.010566874616643, 18.832609699684326 ], [ -111.011599611409025, 18.832979862221901 ], [ -111.012533343942621, 18.834083198380885 ], [ -111.012024868786682, 18.834017656189165 ], [ -111.011880876303721, 18.834890341062923 ], [ -111.010602705081254, 18.833094785628077 ], [ -111.009746533535051, 18.834634166665648 ], [ -111.008955712672218, 18.834873543386632 ], [ -111.00832532808235, 18.836015368912076 ], [ -111.008137410328075, 18.836986688401549 ], [ -111.00868663639524, 18.836905794391967 ], [ -111.009177133690343, 18.838988568531999 ], [ -111.007234437881621, 18.83934492031613 ], [ -111.007030717980584, 18.84007716956819 ], [ -111.007806095516941, 18.840366767053652 ], [ -111.009011968340218, 18.841830669664979 ], [ -111.009897924733579, 18.843793764900955 ], [ -111.008931122648022, 18.843659651127396 ], [ -111.008724884590151, 18.845880177498682 ], [ -111.008285853636011, 18.846866545407096 ], [ -111.007020867451061, 18.846798276927842 ], [ -111.006246673915527, 18.84958085405512 ], [ -111.005216983549332, 18.849258461158456 ], [ -111.004297505305843, 18.849841542387672 ], [ -111.002838491032875, 18.851416987449149 ], [ -111.001903206927679, 18.851760979410265 ], [ -111.001511174459864, 18.852696514426338 ], [ -111.000635568401165, 18.853180939798879 ], [ -111.000104666214881, 18.852012598777566 ], [ -110.999677640908601, 18.851654112368031 ], [ -110.997929320260539, 18.851902701319734 ], [ -110.998391309240702, 18.853555212075303 ], [ -110.997801508778707, 18.854550571932261 ], [ -110.998206711118385, 18.855342408625816 ], [ -110.998050505779901, 18.857559949081274 ], [ -110.998835429030308, 18.857993046144383 ], [ -110.998898539172956, 18.858949359941185 ], [ -110.998028935938677, 18.858761349264409 ], [ -110.996823785867079, 18.859601494002074 ], [ -110.995577858202566, 18.86058808051046 ], [ -110.995153729137982, 18.859509335945674 ], [ -110.992639531539339, 18.860379701029299 ], [ -110.991004148912481, 18.860813472986344 ], [ -110.989337234415359, 18.860769065565073 ], [ -110.988458585933969, 18.86197366812269 ], [ -110.989573024364418, 18.862051097053936 ], [ -110.99118679573418, 18.862818746335879 ], [ -110.991099392997711, 18.864552135821008 ], [ -110.990098212340186, 18.865428042178973 ], [ -110.98855396614411, 18.866480401825413 ], [ -110.987618342156807, 18.866056247830574 ], [ -110.9869054999143, 18.865186739966262 ], [ -110.985533596903537, 18.865028656627565 ], [ -110.984764245327469, 18.864066507266116 ], [ -110.983784722987906, 18.863740963315966 ], [ -110.98443731183616, 18.862165853032391 ], [ -110.986336276066737, 18.861140359239528 ] ] ] ] } },
{ "type": "Feature", "properties": { "CVEGEO": "06005", "CVE_ENT": "06", "CVE_MUN": "005", "NOMGEO": "Cuauhtémoc" }, "geometry": { "type": "Polygon", "coordinates": [ [ [ -103.612479229995103, 19.488632060279002 ], [ -103.612557089928046, 19.488349249742338 ], [ -103.612677950013634, 19.488067059885701 ], [ -103.612725120111648, 19.487854709740645 ], [ -103.612816309907487, 19.487486750130046 ], [ -103.612788489994486, 19.487316599700502 ], [ -103.612761909566188, 19.487089819733772 ], [ -103.612747970077322, 19.486961919708598 ], [ -103.612599820158351, 19.486553490233192 ], [ -103.612482460051439, 19.486325939597616 ], [ -103.612453800233681, 19.486085050134545 ], [ -103.612409859795719, 19.485843660382461 ], [ -103.612412119837728, 19.485631249656127 ], [ -103.612564510214682, 19.485348719982731 ], [ -103.612626339689953, 19.485165120323959 ], [ -103.61264243013477, 19.48491014042586 ], [ -103.612675720112179, 19.484655539875295 ], [ -103.612797750157526, 19.484471830155808 ], [ -103.612888420268717, 19.484302689996294 ], [ -103.612994050290411, 19.484105019639124 ], [ -103.613160650449018, 19.483893750404135 ], [ -103.613355350405243, 19.483795890128484 ], [ -103.613357449806259, 19.483569339766486 ], [ -103.613375219548132, 19.483215230138118 ], [ -103.613408049704645, 19.483002480243403 ], [ -103.613470490225581, 19.482790599658461 ], [ -103.613472250238459, 19.482535779565946 ], [ -103.61359410967323, 19.482337939609423 ], [ -103.613639540169345, 19.482139829656692 ], [ -103.613745540350592, 19.482055969961113 ], [ -103.613867849975506, 19.482056939921897 ], [ -103.614001750439002, 19.48190772033546 ], [ -103.614064199922552, 19.481695829683307 ], [ -103.614140369565163, 19.481512079759487 ], [ -103.614186799763942, 19.481398859569531 ], [ -103.614322250293284, 19.481300549731152 ], [ -103.614456770009795, 19.481202880375065 ], [ -103.61448232041559, 19.481102400144604 ], [ -103.614483799862967, 19.480824830002984 ], [ -103.614414680297045, 19.480635829934002 ], [ -103.613794079598875, 19.480267599612681 ], [ -103.61372221980254, 19.479848739872835 ], [ -103.613845859929825, 19.479640650322281 ], [ -103.614143019600746, 19.47948063007604 ], [ -103.614096420132469, 19.479015650020706 ], [ -103.614101549539129, 19.478644090217362 ], [ -103.614103970240109, 19.478202880241774 ], [ -103.614279980020328, 19.477739429880309 ], [ -103.614429279764067, 19.477438820450544 ], [ -103.614579120111856, 19.477184049964137 ], [ -103.614727200144642, 19.477022799940244 ], [ -103.615025280267773, 19.476781230189527 ], [ -103.615074519844669, 19.476503150338154 ], [ -103.615129750235155, 19.476085219807814 ], [ -103.61535261985351, 19.475784909660781 ], [ -103.615402139783328, 19.475530120400595 ], [ -103.615357570086374, 19.474995450206109 ], [ -103.615065980356761, 19.474737509990447 ], [ -103.614675720297939, 19.474456250420705 ], [ -103.61435957012408, 19.474221139760523 ], [ -103.614167220309255, 19.473871540270981 ], [ -103.613901139970181, 19.473428109942223 ], [ -103.613706740016127, 19.473148219982082 ], [ -103.613267599725603, 19.472772880391698 ], [ -103.613126139829873, 19.472283909742732 ], [ -103.613202379540724, 19.471866279696041 ], [ -103.613110620183392, 19.471377969906271 ], [ -103.612843459998288, 19.471004230126209 ], [ -103.612574280068458, 19.470700220131707 ], [ -103.612308779773244, 19.470466279564217 ], [ -103.612162980358747, 19.470256079969992 ], [ -103.611871140471976, 19.469974849975539 ], [ -103.611511629604209, 19.469706850438442 ], [ -103.611127850110194, 19.469567679556558 ], [ -103.610648709995004, 19.469605049622466 ], [ -103.609995219652575, 19.469682769658284 ], [ -103.60989141981986, 19.469698220305347 ], [ -103.609470710109221, 19.469760850118124 ], [ -103.609339779897894, 19.469759859752003 ], [ -103.60903598045762, 19.469757580155694 ], [ -103.608687710286731, 19.46963099973922 ], [ -103.608430119655864, 19.469257710305548 ], [ -103.608302939543236, 19.468761340165457 ], [ -103.608308540252594, 19.46826625991633 ], [ -103.608225750017311, 19.46772855015028 ], [ -103.608099059724495, 19.467273510066345 ], [ -103.60797188024587, 19.466859770002284 ], [ -103.607843780266023, 19.466528679896708 ], [ -103.607678260397449, 19.465619260146198 ], [ -103.607461349835262, 19.465452229735465 ], [ -103.606983169549125, 19.465407479825007 ], [ -103.606502120090198, 19.465362749831574 ], [ -103.605979519572827, 19.465358689593579 ], [ -103.605633629845158, 19.465190750403423 ], [ -103.605241400200129, 19.464981449691273 ], [ -103.604676740215979, 19.464894550055106 ], [ -103.604242460430712, 19.464684509746046 ], [ -103.603853549743846, 19.46435111997048 ], [ -103.60333423027879, 19.464058149703487 ], [ -103.602855079886993, 19.463930770029929 ], [ -103.602639579795223, 19.463640199738819 ], [ -103.602425999806115, 19.463349710377699 ], [ -103.601946820418434, 19.463056940068718 ], [ -103.60147240017703, 19.462681950333934 ], [ -103.601213880452434, 19.462225379602028 ], [ -103.600915650339815, 19.461480479875682 ], [ -103.600612279916703, 19.461271290171197 ], [ -103.600308910427302, 19.461062749577032 ], [ -103.600226199731992, 19.46069041973259 ], [ -103.600316880139474, 19.460278259604291 ], [ -103.600451049628774, 19.459908250165988 ], [ -103.600364050204377, 19.459659350003765 ], [ -103.600149050174096, 19.459410179956492 ], [ -103.599889149857844, 19.459243050441653 ], [ -103.599891029846205, 19.458995570069327 ], [ -103.599849420247097, 19.458706059618684 ], [ -103.59970784963707, 19.457877399993023 ], [ -103.599508600256371, 19.457749220111644 ], [ -103.599287380294541, 19.457621350313428 ], [ -103.598957859676972, 19.457218179739485 ], [ -103.59882405014433, 19.457048619864832 ], [ -103.598672489982789, 19.456752289736958 ], [ -103.598562279934498, 19.456477650015994 ], [ -103.598544659784821, 19.456034479874305 ], [ -103.598435920060794, 19.455886120109998 ], [ -103.598278290176978, 19.455884889747566 ], [ -103.598125380276159, 19.455715519661009 ], [ -103.5981899502451, 19.455425549840289 ], [ -103.597948429597849, 19.455261630447108 ], [ -103.597692170034904, 19.455203829981112 ], [ -103.597524999862131, 19.455250979726046 ], [ -103.597359890164711, 19.455472150108438 ], [ -103.597144110112708, 19.455459309770202 ], [ -103.597053849771342, 19.45525596993679 ], [ -103.596995659605824, 19.455059859917355 ], [ -103.596961880294288, 19.454901320393692 ], [ -103.596951709786111, 19.454719850309967 ], [ -103.596902910283262, 19.454542000355875 ], [ -103.59679905016452, 19.454460629645702 ], [ -103.596688060224665, 19.454395769708558 ], [ -103.596496599913849, 19.454345059912022 ], [ -103.596273570112615, 19.454317280129143 ], [ -103.59602612017342, 19.454236999908296 ], [ -103.595787690205768, 19.454287939840107 ], [ -103.595595119544427, 19.454046829823913 ], [ -103.595680459807298, 19.45370759955312 ], [ -103.5954427402676, 19.453495779591282 ], [ -103.595110480290415, 19.453292910411506 ], [ -103.594766950205312, 19.453184520254929 ], [ -103.594408550196803, 19.452958719554399 ], [ -103.594200850444267, 19.452736770160911 ], [ -103.594033089873633, 19.452532510315649 ], [ -103.593768799679793, 19.45215074993888 ], [ -103.593593649996976, 19.451875709924625 ], [ -103.593485349795216, 19.451601029890412 ], [ -103.593421459563984, 19.451284029749434 ], [ -103.593355230025281, 19.451093820157453 ], [ -103.593201830126404, 19.450881949562415 ], [ -103.59304914010275, 19.450649169829621 ], [ -103.592894320208458, 19.450479179624541 ], [ -103.592783230042514, 19.450373339653595 ], [ -103.592607180282997, 19.450266479568558 ], [ -103.59221409008444, 19.450142030236673 ], [ -103.591683949740258, 19.44973363003901 ], [ -103.59158360036129, 19.449074970066157 ], [ -103.591534689869604, 19.448569169654721 ], [ -103.591323480099334, 19.448314340127492 ], [ -103.591004689574646, 19.448008450434877 ], [ -103.590583090375333, 19.447651080072998 ], [ -103.589999830157566, 19.447191119967162 ], [ -103.589522980251047, 19.446681939877053 ], [ -103.589259149770854, 19.446173860192587 ], [ -103.588945799826192, 19.445514090402394 ], [ -103.588573879578078, 19.445156650094344 ], [ -103.588043049866016, 19.444849089844908 ], [ -103.587512430275027, 19.444642819738341 ], [ -103.587194250364249, 19.444387380125004 ], [ -103.58666282982054, 19.444029450000684 ], [ -103.586399599696847, 19.443571740379472 ], [ -103.586298769861827, 19.443115860316301 ], [ -103.586140620450081, 19.442659319652019 ], [ -103.586090650435253, 19.442304849777045 ], [ -103.585990319715805, 19.441646719935278 ], [ -103.586155179562638, 19.441040740055858 ], [ -103.586266419657349, 19.440586540385816 ], [ -103.586429950075853, 19.440031569556712 ], [ -103.586328520347337, 19.439524599660622 ], [ -103.586010349748236, 19.439269150005341 ], [ -103.585692779915632, 19.439064650061376 ], [ -103.584946090152584, 19.438755339605105 ], [ -103.58468225043805, 19.438652279920269 ], [ -103.584417709982816, 19.438245599856231 ], [ -103.584260749550509, 19.437889890348355 ], [ -103.583602850189592, 19.437166310239682 ], [ -103.583196020201925, 19.436923660011619 ], [ -103.582925349726693, 19.436810339862838 ], [ -103.582515889581401, 19.436751849649539 ], [ -103.582203340046405, 19.436731279719282 ], [ -103.581932799751982, 19.436710370128214 ], [ -103.581387690259689, 19.436650919662711 ], [ -103.580902549956718, 19.43657327959615 ], [ -103.580629259857432, 19.436478740249051 ], [ -103.580349939610414, 19.436407550344416 ], [ -103.579970279675194, 19.436310619807223 ], [ -103.579590940167392, 19.436236140091747 ], [ -103.579196199566837, 19.435859219641163 ], [ -103.578916690390827, 19.43548575024208 ], [ -103.578771819518522, 19.435012059628729 ], [ -103.578881380224473, 19.43486098023379 ], [ -103.579027050350504, 19.434592109976439 ], [ -103.579047770212895, 19.43455385956721 ], [ -103.578975520309626, 19.434382489553272 ], [ -103.578962249831008, 19.434373969784016 ], [ -103.57875158027116, 19.434238709704658 ], [ -103.578637659884166, 19.433601059927007 ], [ -103.578657629679483, 19.433348280021583 ], [ -103.578680580288733, 19.433057480438453 ], [ -103.578505780404768, 19.431629259819278 ], [ -103.578262969919237, 19.431283969730014 ], [ -103.578083479766732, 19.431028709923655 ], [ -103.578105379852147, 19.430406340199234 ], [ -103.578124519945362, 19.429862549887947 ], [ -103.578138520472237, 19.429083000116872 ], [ -103.578176859847304, 19.428682750424706 ], [ -103.578252459617119, 19.428384310118933 ], [ -103.578286449994735, 19.42825014001793 ], [ -103.578297369960566, 19.42813602997424 ], [ -103.578324780095187, 19.427849889845369 ], [ -103.578328520149398, 19.427349259819984 ], [ -103.578508339737596, 19.426795860103109 ], [ -103.578652509875099, 19.426463090280265 ], [ -103.578662709908841, 19.426420149820313 ], [ -103.578688919747293, 19.426309770010601 ], [ -103.578725429543823, 19.426163340196641 ], [ -103.578692149572149, 19.425929739809632 ], [ -103.578552860062572, 19.425695080146685 ], [ -103.578166969589006, 19.425525229561526 ], [ -103.577992710283866, 19.425156750159292 ], [ -103.577998000194526, 19.424789739861243 ], [ -103.57810566014588, 19.424356520073911 ], [ -103.578040110367112, 19.424055939634531 ], [ -103.577900050442821, 19.423754420081305 ], [ -103.577725420248129, 19.423519570126693 ], [ -103.577153819610501, 19.423337889937564 ], [ -103.576969539688491, 19.422634249992939 ], [ -103.576562180006562, 19.421670199642449 ], [ -103.575698889952335, 19.420523510060168 ], [ -103.575489630323702, 19.419986879966558 ], [ -103.575932520351969, 19.419368170204283 ], [ -103.576146229923722, 19.419102629831972 ], [ -103.576393940322006, 19.418804420333132 ], [ -103.576644319832425, 19.418572480226604 ], [ -103.576928309564039, 19.417944340227077 ], [ -103.577053119715018, 19.417424859979434 ], [ -103.577209780378041, 19.416934509589304 ], [ -103.577095680176086, 19.416152600304226 ], [ -103.576855090223617, 19.415746219844358 ], [ -103.576369429973099, 19.415452829717282 ], [ -103.575875579645711, 19.415417060272961 ], [ -103.575468080386841, 19.415452229727538 ], [ -103.574976599560515, 19.415287260185163 ], [ -103.574483149540825, 19.414952170264577 ], [ -103.574182659732131, 19.414221369608619 ], [ -103.57424951009888, 19.413643619966283 ], [ -103.57431387989584, 19.413181419972457 ], [ -103.574501780031909, 19.412749629627569 ], [ -103.574534950254943, 19.412316089707566 ], [ -103.574386350099203, 19.411852219959634 ], [ -103.574268420017887, 19.4115623201224 ], [ -103.574025739542918, 19.411386460223071 ], [ -103.573630830253563, 19.411094479943035 ], [ -103.573390320260316, 19.410774689767003 ], [ -103.573027169522049, 19.410337949882166 ], [ -103.572632620378741, 19.410074780307003 ], [ -103.572299229900864, 19.409898769962066 ], [ -103.571905340334624, 19.409693290316284 ], [ -103.571508579547512, 19.409487310428247 ], [ -103.571357889744263, 19.409255029688019 ], [ -103.571180079907023, 19.408906949751373 ], [ -103.571058599673137, 19.408558769901543 ], [ -103.571000830078873, 19.408268890275803 ], [ -103.570961310359394, 19.408042909762639 ], [ -103.570688280165243, 19.407923450033934 ], [ -103.570377619576945, 19.408074710396949 ], [ -103.570082419649864, 19.407998179742879 ], [ -103.569737490292667, 19.407806879626907 ], [ -103.569629180056921, 19.407323279841517 ], [ -103.569449169584971, 19.407032419765212 ], [ -103.569236979630915, 19.406684060348383 ], [ -103.569072800468234, 19.406410709767101 ], [ -103.568780080278586, 19.406241520431539 ], [ -103.568374650355054, 19.406280170051271 ], [ -103.568160740347622, 19.406115889724596 ], [ -103.567820939903285, 19.406067749838751 ], [ -103.567511659632132, 19.406122550143291 ], [ -103.567490419585795, 19.406132290155096 ], [ -103.56731874964629, 19.4062110301298 ], [ -103.567048419966511, 19.406192219559195 ], [ -103.566838519728037, 19.40612591004599 ], [ -103.566510979748529, 19.406137260103513 ], [ -103.566291170257216, 19.406284340107099 ], [ -103.566117769859957, 19.406524180200257 ], [ -103.565882429565406, 19.406599450368457 ], [ -103.565765999695017, 19.406570319673605 ], [ -103.565660449811276, 19.406543920242743 ], [ -103.565353049814675, 19.406483179561516 ], [ -103.56510776956577, 19.406491520067547 ], [ -103.564855180461564, 19.406395310239972 ], [ -103.564633080256769, 19.4064813799618 ], [ -103.564522659759064, 19.406706380444557 ], [ -103.564501340187448, 19.407012709706677 ], [ -103.564450740357415, 19.407442029730646 ], [ -103.564375779769321, 19.407860220414122 ], [ -103.564092309562426, 19.408233510284994 ], [ -103.563625649652309, 19.408154799953191 ], [ -103.563306289868649, 19.407752459717663 ], [ -103.562984280094184, 19.407286259830752 ], [ -103.562488980023147, 19.407184920411382 ], [ -103.561940030311661, 19.407378020004682 ], [ -103.561632980278802, 19.40766497032741 ], [ -103.561327379827517, 19.407662420294848 ], [ -103.56105277029863, 19.407862860138334 ], [ -103.560806459837238, 19.408034199785789 ], [ -103.560407689693832, 19.408233650063966 ], [ -103.559946580463489, 19.408576460233359 ], [ -103.55951727992155, 19.408862379567253 ], [ -103.559029509553241, 19.408976860179262 ], [ -103.558911230028656, 19.409004619849657 ], [ -103.55854047992824, 19.408780289727044 ], [ -103.558485450407048, 19.408304449864634 ], [ -103.55887771036511, 19.407930309604886 ], [ -103.559074910018978, 19.407584140432345 ], [ -103.558637480072434, 19.407445659976879 ], [ -103.558096549613765, 19.407376370258763 ], [ -103.557731909795024, 19.407226349572067 ], [ -103.557403430047302, 19.407007690039119 ], [ -103.55702782958781, 19.407117769996102 ], [ -103.556681479816035, 19.407121340205379 ], [ -103.556211199656204, 19.406971739756276 ], [ -103.555941340426514, 19.406481459714819 ], [ -103.555836090350851, 19.406182279792088 ], [ -103.55582107966238, 19.405860749629856 ], [ -103.555791980167882, 19.405522969881257 ], [ -103.555725354851731, 19.405350637214248 ], [ -103.555569770467585, 19.404948200079556 ], [ -103.555173090292627, 19.404585019838553 ], [ -103.554940619636071, 19.404451200125614 ], [ -103.554688940011758, 19.40437736962291 ], [ -103.554636910035171, 19.404362089961346 ], [ -103.55470136957706, 19.40398705975743 ], [ -103.55473741955845, 19.403380280278551 ], [ -103.554738280393153, 19.403209830165892 ], [ -103.554739769674029, 19.402917540212119 ], [ -103.554653630096411, 19.402482980395337 ], [ -103.55435017957646, 19.402249460113993 ], [ -103.554140910124474, 19.401900519984153 ], [ -103.553989580237854, 19.401610429671752 ], [ -103.553657149852086, 19.401347109657891 ], [ -103.553561199762839, 19.401305060345493 ], [ -103.553066379722821, 19.401289579698155 ], [ -103.552640400100529, 19.401293949935937 ], [ -103.552127339816749, 19.401223060406391 ], [ -103.55193885963871, 19.400897450148523 ], [ -103.551966350234366, 19.400782370110328 ], [ -103.552045889939251, 19.400449399729855 ], [ -103.552106709666944, 19.400194800312686 ], [ -103.552190880020675, 19.399810879936222 ], [ -103.552014830398747, 19.399575319787516 ], [ -103.551858349789939, 19.399369980328789 ], [ -103.55169557968226, 19.399176910453757 ], [ -103.55146019977596, 19.399093830281398 ], [ -103.551031229674109, 19.399144349970939 ], [ -103.550730889805834, 19.399101320379472 ], [ -103.550283749757511, 19.398983030007056 ], [ -103.549891090421482, 19.398904969989385 ], [ -103.549526580238393, 19.398757490375342 ], [ -103.549222819603301, 19.39849505004981 ], [ -103.54892063013618, 19.398203689897144 ], [ -103.548587310159832, 19.398026979879596 ], [ -103.548132080428616, 19.397878800265577 ], [ -103.54807308023922, 19.397560569864961 ], [ -103.548097579840942, 19.397364980331645 ], [ -103.548106399809399, 19.397300290249451 ], [ -103.548152149809667, 19.397071460223835 ], [ -103.54809854975251, 19.396894769566924 ], [ -103.547896490442767, 19.396701279610784 ], [ -103.547760539526777, 19.396653780002371 ], [ -103.547494910455654, 19.396676860236958 ], [ -103.546943859649474, 19.396672880341715 ], [ -103.546883769624827, 19.396672429884759 ], [ -103.546491489764421, 19.39635082031527 ], [ -103.546312150031497, 19.395944940014164 ], [ -103.545978770208563, 19.395594999690037 ], [ -103.545777919950538, 19.395365369838114 ], [ -103.54565444960231, 19.395132089940006 ], [ -103.54560258044684, 19.39503414003433 ], [ -103.545444969814838, 19.394826599622363 ], [ -103.545054970475903, 19.394721400264675 ], [ -103.545002340029654, 19.394707219930094 ], [ -103.54434204997203, 19.394570349958844 ], [ -103.544155919531178, 19.394187580295583 ], [ -103.543958339596827, 19.393828659920171 ], [ -103.543645680146241, 19.393784149715625 ], [ -103.543217029891579, 19.394127109977283 ], [ -103.542974769619647, 19.393980720180487 ], [ -103.54282375036837, 19.393546200185227 ], [ -103.542889200182756, 19.393170710417134 ], [ -103.543044459997105, 19.392969169790312 ], [ -103.543046279668374, 19.392709290437825 ], [ -103.542924950269054, 19.392534950223911 ], [ -103.542957980020773, 19.392332479547335 ], [ -103.542927709724793, 19.392187829646154 ], [ -103.54290061971426, 19.392072050286302 ], [ -103.542778629924697, 19.39183997972021 ], [ -103.542855770220299, 19.391448139982664 ], [ -103.542778420449693, 19.391167769638901 ], [ -103.542635890405663, 19.390950510304908 ], [ -103.542493889750645, 19.390780170083751 ], [ -103.542211369924559, 19.390649830297601 ], [ -103.541997459529711, 19.390561420046371 ], [ -103.54187554007558, 19.390502580331695 ], [ -103.54169312005989, 19.390414380227956 ], [ -103.541384739655726, 19.390354079864526 ], [ -103.541064119534369, 19.390419850373355 ], [ -103.540726540451374, 19.390321259934481 ], [ -103.540260920452766, 19.390108320377497 ], [ -103.540188649757255, 19.389899260019497 ], [ -103.540293749603677, 19.389599999960886 ], [ -103.540349400265811, 19.38929860016674 ], [ -103.540228679570063, 19.389068979775107 ], [ -103.540122340186343, 19.388804199732579 ], [ -103.539886350175095, 19.388643540270685 ], [ -103.539565650129234, 19.38873705964679 ], [ -103.539227250351104, 19.388935350234206 ], [ -103.538908980188211, 19.388832830124358 ], [ -103.538600430448156, 19.388757120034736 ], [ -103.538298950416404, 19.388511910264469 ], [ -103.538131339702403, 19.388249750447194 ], [ -103.538104169786294, 19.38815645985709 ], [ -103.538023940129037, 19.387880940280759 ], [ -103.538027319556662, 19.387505550442079 ], [ -103.538061919614137, 19.387187460215646 ], [ -103.538042739599774, 19.387168199622728 ], [ -103.537865339860716, 19.386990090078676 ], [ -103.537689060076218, 19.386821659715768 ], [ -103.537527280255517, 19.386527880294096 ], [ -103.537358819903616, 19.386177649730389 ], [ -103.537349749638523, 19.385751319780052 ], [ -103.537270569592337, 19.385507689765664 ], [ -103.537163220112134, 19.385387460036924 ], [ -103.536856690296474, 19.385298260139077 ], [ -103.536631119568085, 19.385084310078113 ], [ -103.536623650219241, 19.384792289919933 ], [ -103.536761540136169, 19.38449291993587 ], [ -103.53683762961262, 19.384292380244119 ], [ -103.536944880055259, 19.384133579866699 ], [ -103.537002969540822, 19.384005320097913 ], [ -103.536994750299016, 19.383726600043591 ], [ -103.536991180220383, 19.38341047972315 ], [ -103.536906709662532, 19.383217280067203 ], [ -103.536786949981689, 19.382926939723273 ], [ -103.53673052029788, 19.38257977999724 ], [ -103.536640679944128, 19.382231890116895 ], [ -103.536582690239655, 19.382000349811946 ], [ -103.536461050164249, 19.381796569958691 ], [ -103.536371859822168, 19.381506999846472 ], [ -103.536312619929021, 19.381333199676892 ], [ -103.536327659921184, 19.381045259999851 ], [ -103.536106979548464, 19.38094990974805 ], [ -103.535840140080822, 19.381030680001246 ], [ -103.535547660107042, 19.381073919750371 ], [ -103.535375569696654, 19.380953140416622 ], [ -103.535307919915269, 19.380710920243452 ], [ -103.535139310421059, 19.380575020281086 ], [ -103.53492422967804, 19.380720979571887 ], [ -103.534653490334279, 19.380839879573987 ], [ -103.534529310066219, 19.380664479638778 ], [ -103.534600749589018, 19.380396479727075 ], [ -103.534703660380544, 19.38020905958826 ], [ -103.53488636964768, 19.38015682990909 ], [ -103.535143250371306, 19.380077749899758 ], [ -103.535299119944412, 19.379931850156549 ], [ -103.535253090190182, 19.37980712010248 ], [ -103.5351511096504, 19.379749109719501 ], [ -103.534971769722901, 19.379736119993204 ], [ -103.534746509670086, 19.37980490974968 ], [ -103.534508459732265, 19.379831149708522 ], [ -103.534266049669597, 19.379923030377029 ], [ -103.534081769874049, 19.379921549842578 ], [ -103.533881569794858, 19.379946780344639 ], [ -103.533710770175759, 19.380039660120065 ], [ -103.53358337959952, 19.380172859622657 ], [ -103.53342545020611, 19.380305849770707 ], [ -103.533257600180917, 19.380237319950965 ], [ -103.533217139797557, 19.380035619872487 ], [ -103.533218739661081, 19.37975365023161 ], [ -103.533218679913077, 19.379578600112101 ], [ -103.533220340294449, 19.379471580106163 ], [ -103.533163890282481, 19.379377030148952 ], [ -103.533067350465544, 19.379281779741444 ], [ -103.533041119833968, 19.379241829971615 ], [ -103.532907950225621, 19.379030690374542 ], [ -103.53276436964488, 19.378995580270121 ], [ -103.532642279779068, 19.378913290096403 ], [ -103.532481549939547, 19.378826180324094 ], [ -103.53229874963192, 19.378734060175489 ], [ -103.532209720011338, 19.37865666030962 ], [ -103.532069649688751, 19.378599350328443 ], [ -103.531902419804311, 19.37858464961614 ], [ -103.531792020005838, 19.378530769548647 ], [ -103.531723850309092, 19.378411420059461 ], [ -103.531751289637498, 19.378305860343485 ], [ -103.531973460257703, 19.378111630019784 ], [ -103.531865000342734, 19.378060089613108 ], [ -103.531624400173826, 19.378058000103604 ], [ -103.531406710283761, 19.37805621983847 ], [ -103.531194939628065, 19.377901539662584 ], [ -103.531222290241431, 19.377759979951485 ], [ -103.531320089650492, 19.377638510111264 ], [ -103.531349569906411, 19.377538519936937 ], [ -103.531331260121576, 19.377481510239921 ], [ -103.531219049548881, 19.377470830223313 ], [ -103.531089819576778, 19.377467170150119 ], [ -103.530823909690952, 19.377337319934611 ], [ -103.530823800070948, 19.377158920422954 ], [ -103.530853580162386, 19.37700578019377 ], [ -103.530792720416272, 19.376880259948514 ], [ -103.530633969573557, 19.376853690304394 ], [ -103.530419650231664, 19.376773080155996 ], [ -103.530218969794063, 19.376706660073726 ], [ -103.530048140420959, 19.37669339993441 ], [ -103.529831890232288, 19.376819080449717 ], [ -103.529618779551484, 19.376715320293581 ], [ -103.529539250424079, 19.376434170275612 ], [ -103.529405769523351, 19.376280319963243 ], [ -103.529368379826991, 19.376093680063914 ], [ -103.529354880401669, 19.375999430082128 ], [ -103.529436620203384, 19.375795850022055 ], [ -103.529411020241511, 19.375642719958403 ], [ -103.529367320097336, 19.375420460209021 ], [ -103.529283430068247, 19.37521897961334 ], [ -103.529236999708942, 19.374999249946395 ], [ -103.529109750056989, 19.374851800007647 ], [ -103.528690920420303, 19.374682849584577 ], [ -103.528371079854224, 19.374424970289521 ], [ -103.528428550285639, 19.374017319548535 ], [ -103.528350650472817, 19.373710620390472 ], [ -103.528163620147737, 19.373632690398136 ], [ -103.52786762974624, 19.373629970072756 ], [ -103.527679739694676, 19.373475579857342 ], [ -103.527736170443561, 19.373144319851367 ], [ -103.527636509977157, 19.372925779790851 ], [ -103.527368970141907, 19.372785450185592 ], [ -103.527031460140208, 19.372802480130538 ], [ -103.52672199982571, 19.372764720036947 ], [ -103.526626890391015, 19.372615820272777 ], [ -103.526803090334639, 19.372307520316241 ], [ -103.526815480389573, 19.372136950261197 ], [ -103.526847309571551, 19.37190133961828 ], [ -103.526824689686137, 19.371819170219787 ], [ -103.526766229839254, 19.371771740180211 ], [ -103.526645820167488, 19.371760720249252 ], [ -103.526506679914249, 19.371748890116653 ], [ -103.526366800111532, 19.3716054799761 ], [ -103.526275310026421, 19.371228690318638 ], [ -103.526285340054457, 19.371040859714775 ], [ -103.526278320003144, 19.370837429738373 ], [ -103.526359370253999, 19.370659399609945 ], [ -103.526401310200654, 19.370485229975404 ], [ -103.526353370222338, 19.370358379804181 ], [ -103.526290379844511, 19.370266029844633 ], [ -103.526227400447738, 19.370173629928694 ], [ -103.526137940294191, 19.370027650370059 ], [ -103.526072019918985, 19.369891659960373 ], [ -103.526072779527894, 19.369789720325045 ], [ -103.526098979824837, 19.369572569936899 ], [ -103.526180909601479, 19.369216680450855 ], [ -103.526134030004755, 19.369069150281529 ], [ -103.525727999848641, 19.369008890199687 ], [ -103.52540396969728, 19.369056920436012 ], [ -103.525108000234994, 19.369054829713047 ], [ -103.524785310213261, 19.369051830239862 ], [ -103.524544629556985, 19.368871339750132 ], [ -103.524515480009384, 19.368652290326924 ], [ -103.524601280354361, 19.36837786009977 ], [ -103.524765180090256, 19.368108079659414 ], [ -103.524845340284116, 19.367851849828945 ], [ -103.524879819718407, 19.367565859729432 ], [ -103.524790659896325, 19.367173979861871 ], [ -103.524678089530511, 19.366908630125895 ], [ -103.524618459534452, 19.366756649653283 ], [ -103.524565320062578, 19.366627170200839 ], [ -103.524350710442405, 19.36647241983967 ], [ -103.524162059694348, 19.366419949560658 ], [ -103.523734370040842, 19.366161540084576 ], [ -103.523633200236347, 19.365907250371841 ], [ -103.523636889891236, 19.365555490349337 ], [ -103.523415689546482, 19.365237829940384 ], [ -103.523455109800494, 19.364921510250493 ], [ -103.52346033988465, 19.36453523040166 ], [ -103.523351450246579, 19.364358569888637 ], [ -103.52328068001286, 19.364006490253331 ], [ -103.523358229902769, 19.363515290091378 ], [ -103.523548429558531, 19.363024779963695 ], [ -103.523700109521727, 19.362674449798316 ], [ -103.523814319765805, 19.36221857009069 ], [ -103.523630920385571, 19.361865910392009 ], [ -103.523374779527785, 19.361582570054946 ], [ -103.523414199956903, 19.361266779873258 ], [ -103.523383309652729, 19.360809579938557 ], [ -103.5233100797671, 19.360492679782514 ], [ -103.523387690152234, 19.360177060361611 ], [ -103.523427110307964, 19.359861200014084 ], [ -103.523447025075257, 19.359686084868525 ], [ -103.523447090231102, 19.359685509816067 ], [ -103.523469000316283, 19.359510340157513 ], [ -103.523395429611625, 19.359333780337824 ], [ -103.523177090415118, 19.359015540442975 ], [ -103.522511539848978, 19.358824020100606 ], [ -103.522441230103766, 19.358512149872091 ], [ -103.522443659634021, 19.358131619703403 ], [ -103.522208619994103, 19.357825580444771 ], [ -103.521878049770834, 19.357613199858463 ], [ -103.521876582060614, 19.357613575223084 ], [ -103.521567119945644, 19.35769266040344 ], [ -103.521184139743056, 19.358245829614592 ], [ -103.521182419803736, 19.35824541658674 ], [ -103.52059446026098, 19.358104199905551 ], [ -103.519988509827343, 19.358052919681668 ], [ -103.519930350225408, 19.35702163020725 ], [ -103.520083380198528, 19.35636552042973 ], [ -103.519756860250652, 19.356017200170374 ], [ -103.519431140316627, 19.355910570238901 ], [ -103.519429505888496, 19.355910717135924 ], [ -103.519040819737029, 19.355945550008673 ], [ -103.518654520333513, 19.356202199554268 ], [ -103.518352230400808, 19.356421909645803 ], [ -103.518051250107092, 19.356757169635028 ], [ -103.517691949627718, 19.357080689929361 ], [ -103.517689956508605, 19.357080686393154 ], [ -103.517199429544959, 19.357079890375367 ], [ -103.517146110059301, 19.357079819643559 ], [ -103.51697730956019, 19.356798830334348 ], [ -103.51695056966561, 19.356468430311633 ], [ -103.517116570167033, 19.356347250023116 ], [ -103.517448780231788, 19.356189909698806 ], [ -103.517857110267371, 19.356041180041995 ], [ -103.51812908023193, 19.355631709629545 ], [ -103.51842209003631, 19.355402779931225 ], [ -103.518563089826699, 19.355107909954999 ], [ -103.518711230109133, 19.354866880410949 ], [ -103.518603519560614, 19.35462397042134 ], [ -103.518275310413202, 19.354551890169823 ], [ -103.517859419880395, 19.354295139708181 ], [ -103.51785778864145, 19.354295399803725 ], [ -103.517167629744918, 19.354405320425769 ], [ -103.516574709986287, 19.354648309992871 ], [ -103.516303679620933, 19.354674250381567 ], [ -103.516303358266754, 19.354674107743463 ], [ -103.5161046296477, 19.354586199580659 ], [ -103.515905579841174, 19.354498140373366 ], [ -103.515576230064298, 19.354322510313121 ], [ -103.515446650430974, 19.354019460315865 ], [ -103.515397059879817, 19.353549220346316 ], [ -103.515453350447061, 19.353027420312198 ], [ -103.515326970324509, 19.352686250320179 ], [ -103.515303400364274, 19.352279450345026 ], [ -103.515123719596772, 19.352000939758334 ], [ -103.514761350125141, 19.351859620119431 ], [ -103.514249880114519, 19.351786649712643 ], [ -103.514248695220886, 19.351786789330308 ], [ -103.513701750293791, 19.351851029633234 ], [ -103.513701222638133, 19.351850874561322 ], [ -103.513519800012773, 19.351797630254257 ], [ -103.513337850086089, 19.351744249682891 ], [ -103.513048030464091, 19.351603909827443 ], [ -103.512756880372251, 19.35160112014119 ], [ -103.512465350037189, 19.351564450134227 ], [ -103.512099350240163, 19.351526710172497 ], [ -103.512098213708725, 19.351526821204018 ], [ -103.511770420141843, 19.351558889612587 ], [ -103.511769634421924, 19.351558788756655 ], [ -103.511478880218476, 19.351521579995477 ], [ -103.511299219671983, 19.351416380269516 ], [ -103.511239030082237, 19.351154259742799 ], [ -103.511237296438765, 19.351155524613162 ], [ -103.510876400259292, 19.351418890203494 ], [ -103.510874950752068, 19.351418494290087 ], [ -103.510416849756425, 19.351293310331396 ], [ -103.510217539705877, 19.350707490255122 ], [ -103.509857950130225, 19.350558800204137 ], [ -103.509856094619224, 19.350558888506058 ], [ -103.509421029702381, 19.350579550218995 ], [ -103.509420911519072, 19.350579479827498 ], [ -103.509089539575996, 19.350382460354155 ], [ -103.508967680004886, 19.349894460346242 ], [ -103.50891754959332, 19.349504849743592 ], [ -103.508739599685043, 19.349381420078473 ], [ -103.508738235260452, 19.349381894844289 ], [ -103.508533279723636, 19.34945313966842 ], [ -103.508247799908276, 19.349791199649328 ], [ -103.50773548030871, 19.349811630185766 ], [ -103.507735230622913, 19.349811579224752 ], [ -103.507058049955148, 19.34967331023703 ], [ -103.506607459657388, 19.349276459637487 ], [ -103.50637499955117, 19.348953340406741 ], [ -103.506027909633588, 19.348605049553175 ], [ -103.505488050474639, 19.348552090379805 ], [ -103.504744849604151, 19.348497150115978 ], [ -103.504310169800078, 19.348201969907336 ], [ -103.503998709626231, 19.347881719565216 ], [ -103.503714979527487, 19.347468690185071 ], [ -103.503438880437415, 19.347025259844099 ], [ -103.503245659646197, 19.346708649793094 ], [ -103.503043319703636, 19.346536820369568 ], [ -103.502943000349674, 19.346268279949847 ], [ -103.502756490057976, 19.345800219570272 ], [ -103.502452580021469, 19.345505980250778 ], [ -103.502019539898612, 19.345185769895544 ], [ -103.501866579766983, 19.344990250055261 ], [ -103.5016631403074, 19.344890970206503 ], [ -103.501277380273763, 19.344790619922613 ], [ -103.500995540153554, 19.344763979730388 ], [ -103.500688739813882, 19.344639550132136 ], [ -103.500280910171142, 19.34444148033857 ], [ -103.499743119829844, 19.344315460310266 ], [ -103.499742175059538, 19.344315732419378 ], [ -103.49933115045846, 19.344433970269762 ], [ -103.499046140121067, 19.344553400198023 ], [ -103.498762180099305, 19.344769660092187 ], [ -103.498505229807392, 19.345011199969516 ], [ -103.498270079909886, 19.345325549923949 ], [ -103.498061489733828, 19.345713200185298 ], [ -103.497927910412514, 19.346149939610246 ], [ -103.498002939905973, 19.346637320427778 ], [ -103.4978604795417, 19.346920910382714 ], [ -103.497596310281082, 19.347082769907598 ], [ -103.497535780259597, 19.347119859697798 ], [ -103.497534761041635, 19.347119266422354 ], [ -103.49728122998296, 19.346971720212139 ], [ -103.49681857037892, 19.346822290059613 ], [ -103.496408120444954, 19.34681902006718 ], [ -103.496407996746285, 19.346819054813327 ], [ -103.496075090267851, 19.346913459698463 ], [ -103.49571369040936, 19.347032000165321 ], [ -103.495711779393858, 19.34703198465623 ], [ -103.495612710125869, 19.347031179679028 ], [ -103.495432109581429, 19.347029710319859 ], [ -103.495149709644679, 19.346954319755447 ], [ -103.494870749751541, 19.346757229899662 ], [ -103.49463951954003, 19.346560740101335 ], [ -103.494385770363934, 19.346485709789516 ], [ -103.494154229650746, 19.346435350091223 ], [ -103.493925170262457, 19.346262579694859 ], [ -103.493702940078634, 19.346155780406153 ], [ -103.493701579849173, 19.346156117285151 ], [ -103.493444399888432, 19.346219780001686 ], [ -103.493188940177561, 19.346373030341589 ], [ -103.492839859655234, 19.34650219960271 ], [ -103.492837840267526, 19.346502223178991 ], [ -103.492553658462029, 19.346505737400342 ], [ -103.492330370251267, 19.34626031032094 ], [ -103.492197259877869, 19.34603373984271 ], [ -103.492005259790503, 19.345827980266435 ], [ -103.491954939987963, 19.345503170439049 ], [ -103.492079200176576, 19.345288379977838 ], [ -103.492347829642895, 19.345148280414239 ], [ -103.49261515006846, 19.344889540307133 ], [ -103.492721710331935, 19.344518689929536 ], [ -103.492701999728382, 19.344274860117217 ], [ -103.49246545994454, 19.344118180324365 ], [ -103.492464313532551, 19.344118778716428 ], [ -103.492123600384062, 19.344296480388323 ], [ -103.492121664505092, 19.344296456926152 ], [ -103.49176302042666, 19.344292060298837 ], [ -103.491492460123908, 19.344088050067263 ], [ -103.491288850054929, 19.343635629822867 ], [ -103.491138919862479, 19.343325569899918 ], [ -103.490633059743715, 19.343215720201169 ], [ -103.490255089717351, 19.343104650019082 ], [ -103.489969650058512, 19.342845919679316 ], [ -103.489711120018711, 19.342580570016938 ], [ -103.489726890454818, 19.342199460067381 ], [ -103.489683349629786, 19.341885599701097 ], [ -103.489708260084029, 19.341445830160289 ], [ -103.489733169742323, 19.341166480121068 ], [ -103.48973113513901, 19.341166675939871 ], [ -103.489565370138521, 19.341182620042961 ], [ -103.48932229028776, 19.341308089983098 ], [ -103.488994250078335, 19.341340319599855 ], [ -103.488994057449673, 19.341340160236399 ], [ -103.488778450239607, 19.341161419826719 ], [ -103.488695339640685, 19.34084127977021 ], [ -103.488562660355782, 19.340616259808364 ], [ -103.488225260466066, 19.340527030300922 ], [ -103.487930859848021, 19.340396169700821 ], [ -103.487570849961514, 19.340214550136384 ], [ -103.487285379920564, 19.339908770189574 ], [ -103.487040489582526, 19.339345370184976 ], [ -103.487072000058248, 19.338823719975139 ], [ -103.487025659531042, 19.338513880261925 ], [ -103.486926489752136, 19.338346709684267 ], [ -103.486777249685403, 19.338226419794413 ], [ -103.486604139759734, 19.338106350154082 ], [ -103.486473540256625, 19.337945199803411 ], [ -103.486429980247664, 19.337890650083295 ], [ -103.486346449631938, 19.337494550184779 ], [ -103.48646945031237, 19.337133770405678 ], [ -103.486529750453059, 19.336800879741261 ], [ -103.486621260059266, 19.336439860042638 ], [ -103.486654290360093, 19.33553240018518 ], [ -103.486865830096619, 19.334977679803306 ], [ -103.486988309575693, 19.334394939614231 ], [ -103.487318939676129, 19.333646540189303 ], [ -103.487382859585907, 19.33264860002491 ], [ -103.487383310221333, 19.332140309812427 ], [ -103.487424539556599, 19.331829420195788 ], [ -103.48733130954264, 19.33146344970255 ], [ -103.4872070598867, 19.330984890034294 ], [ -103.487173580322207, 19.330646540307185 ], [ -103.487035539742294, 19.330266890144447 ], [ -103.486865919719889, 19.329718249888039 ], [ -103.486757180194928, 19.329295950061695 ], [ -103.486646479623602, 19.328824920368973 ], [ -103.486567649697903, 19.328425279722502 ], [ -103.486602320313807, 19.327932050112626 ], [ -103.486818539880488, 19.327413419609989 ], [ -103.487245909801842, 19.327244200344584 ], [ -103.487356709960395, 19.32690926039411 ], [ -103.487591890186081, 19.32668154978705 ], [ -103.487907180111065, 19.326528220183071 ], [ -103.488194770083965, 19.32626663002133 ], [ -103.488541309587831, 19.325870830096203 ], [ -103.488819739622031, 19.325556120062288 ], [ -103.489229450118529, 19.325429550352823 ], [ -103.489613179679537, 19.325080400415331 ], [ -103.489692350261464, 19.324801110335756 ], [ -103.48975959967278, 19.324510780204445 ], [ -103.489838149709513, 19.324175799583237 ], [ -103.490128550315319, 19.323883280401265 ], [ -103.490407830319995, 19.323646569904607 ], [ -103.490805549849298, 19.323323679751837 ], [ -103.491293079554154, 19.323131219982166 ], [ -103.491583620433218, 19.323029599783837 ], [ -103.491905490086381, 19.32293752000178 ], [ -103.49213387991405, 19.32286614966382 ], [ -103.492362349811913, 19.322804630360846 ], [ -103.492683180691643, 19.322801469685093 ], [ -103.492685199767507, 19.322801449734904 ], [ -103.492965080146931, 19.322680140025192 ], [ -103.493183420063431, 19.322638509995652 ], [ -103.49364974988282, 19.322426460051286 ], [ -103.49406304965656, 19.322284029681899 ], [ -103.494182459755592, 19.321792319800561 ], [ -103.494311309592362, 19.321498659600071 ], [ -103.494563179961645, 19.321279599973714 ], [ -103.494891460006087, 19.321018200106447 ], [ -103.495124089674675, 19.320873739802941 ], [ -103.495422629563961, 19.320755279610484 ], [ -103.495532030127436, 19.320478800384901 ], [ -103.495603149765657, 19.320131649698766 ], [ -103.495669309678036, 19.319755660399188 ], [ -103.49550284995442, 19.319222020072871 ], [ -103.495543740092089, 19.318936419951726 ], [ -103.495723820186683, 19.318642520426785 ], [ -103.495375490004221, 19.318459799604561 ], [ -103.495213820289649, 19.318423690034475 ], [ -103.494998630262444, 19.318299080327993 ], [ -103.494743720280709, 19.318212890268203 ], [ -103.494541520046639, 19.318062769649547 ], [ -103.494272720174806, 19.317926029722162 ], [ -103.49405748028083, 19.31780142016208 ], [ -103.493775620269147, 19.317690149555769 ], [ -103.493363720261129, 19.317444599924801 ], [ -103.493104050266908, 19.317355889546693 ], [ -103.492882550338408, 19.317198279795683 ], [ -103.492486229584884, 19.317047859884546 ], [ -103.492194629952607, 19.31682318014245 ], [ -103.491963460132638, 19.316626690233726 ], [ -103.491760599616029, 19.316402220453853 ], [ -103.49152722014243, 19.316178030058449 ], [ -103.491002850390871, 19.315784599632831 ], [ -103.490888399839037, 19.315616420115834 ], [ -103.490257819582965, 19.314808049620957 ], [ -103.490017630187367, 19.314524830223881 ], [ -103.48999236968605, 19.3141349800018 ], [ -103.489876419613296, 19.313828650405306 ], [ -103.489796000316858, 19.313513370366866 ], [ -103.489856449528858, 19.313049740159027 ], [ -103.489800690419003, 19.312576399573359 ], [ -103.489717859900736, 19.312158220439546 ], [ -103.489640109749274, 19.311889060220079 ], [ -103.489637430326994, 19.311643629966476 ], [ -103.489726230093069, 19.310983520380312 ], [ -103.489878289747921, 19.310686219726456 ], [ -103.489995449869213, 19.310492549631274 ], [ -103.490114199968289, 19.310270509902903 ], [ -103.490292780452251, 19.310021879596061 ], [ -103.490443029915781, 19.309800710287643 ], [ -103.490643370457576, 19.309625089699612 ], [ -103.490815489686881, 19.309465660105865 ], [ -103.491024980143862, 19.309262859581356 ], [ -103.491234080442084, 19.309024230331215 ], [ -103.49137603043954, 19.308830060207288 ], [ -103.491535140391065, 19.308706799946794 ], [ -103.491672819678485, 19.308583710396036 ], [ -103.491843280415026, 19.308521170142207 ], [ -103.491992030222846, 19.308428420247566 ], [ -103.492194539762266, 19.308365580263988 ], [ -103.492396927472242, 19.308323069407944 ], [ -103.49239725972599, 19.308322999992342 ], [ -103.492654109698123, 19.308330600418891 ], [ -103.492858380411192, 19.308429999889629 ], [ -103.493051650185564, 19.308499090275706 ], [ -103.49329917010391, 19.308638650144996 ], [ -103.493678689618065, 19.309111600135335 ], [ -103.494449750474757, 19.310287400190923 ], [ -103.495052757651706, 19.310306309289981 ], [ -103.495054689639375, 19.31030636989075 ], [ -103.495435710230325, 19.30995393989938 ], [ -103.495968620434383, 19.309751860127175 ], [ -103.496328230052399, 19.309675849977538 ], [ -103.4967880799733, 19.309528180260745 ], [ -103.497312260198086, 19.309365479864258 ], [ -103.497698279768642, 19.309230419620206 ], [ -103.498057539685192, 19.309174350231441 ], [ -103.498360380461008, 19.309026999822724 ], [ -103.498649570150306, 19.308892859582219 ], [ -103.498979379734678, 19.308679600182444 ], [ -103.49922662012878, 19.308506509688726 ], [ -103.499514630135735, 19.308267420117428 ], [ -103.499706229683639, 19.3080686599587 ], [ -103.499911779799206, 19.307882879865851 ], [ -103.500116200325877, 19.30759210970572 ], [ -103.500141769635547, 19.307368820106568 ], [ -103.500139050028721, 19.307122579820433 ], [ -103.500148479787867, 19.306951140292643 ], [ -103.500134920325721, 19.306747830190531 ], [ -103.500098909756048, 19.306555420387863 ], [ -103.500028739929391, 19.306331259998245 ], [ -103.499958950331873, 19.306149910089609 ], [ -103.49983213969557, 19.30591560044483 ], [ -103.499673199651966, 19.305733550287101 ], [ -103.499562749884348, 19.305556999571071 ], [ -103.499459179977379, 19.305217029812585 ], [ -103.49944644965548, 19.304970890419348 ], [ -103.499503739567842, 19.304733520244291 ], [ -103.499840509687829, 19.304474419682862 ], [ -103.500008149846195, 19.304273829622126 ], [ -103.50020537001717, 19.304044520354889 ], [ -103.500312890082753, 19.303825579667617 ], [ -103.500428949668915, 19.303483429614044 ], [ -103.500500799977146, 19.303345489732841 ], [ -103.500563260392454, 19.303108339992637 ], [ -103.500601449760353, 19.302921849826706 ], [ -103.500628369919056, 19.302798949883787 ], [ -103.50063015005378, 19.302700999784413 ], [ -103.500657459536711, 19.302409110045321 ], [ -103.500694550128344, 19.302310820050845 ], [ -103.500823399605196, 19.30188148016984 ], [ -103.500840520344539, 19.301376140085889 ], [ -103.50084554970681, 19.30089448986417 ], [ -103.500960110426618, 19.300434629731612 ], [ -103.500983379655395, 19.300121860349652 ], [ -103.500966879629985, 19.299750600376129 ], [ -103.501242170162726, 19.299580979966684 ], [ -103.501499510019954, 19.299490199690826 ], [ -103.501766883419137, 19.299389575122209 ], [ -103.501767029750312, 19.29938952021789 ], [ -103.502106540086857, 19.299395891107316 ], [ -103.502108089921151, 19.299395920084983 ], [ -103.502519883524172, 19.299352733813969 ], [ -103.502520969978548, 19.299352619731383 ], [ -103.503141690128032, 19.299415060296489 ], [ -103.50386529286132, 19.299505790594939 ], [ -103.503865999904505, 19.299505879583247 ], [ -103.504266449886472, 19.299472649770006 ], [ -103.504537090175617, 19.29945017975081 ], [ -103.505093849581883, 19.299336800091172 ], [ -103.505404580088225, 19.298470950230136 ], [ -103.505545430016596, 19.298126420390801 ], [ -103.505613230073067, 19.297714019664053 ], [ -103.505661649588987, 19.297419399892821 ], [ -103.505690120310504, 19.297193649650499 ], [ -103.505680089882134, 19.29688173979703 ], [ -103.505744060467478, 19.296627449912641 ], [ -103.505893059578241, 19.296296379999148 ], [ -103.505974770239092, 19.296179519753924 ], [ -103.506181709541039, 19.296083509767925 ], [ -103.506471880455322, 19.296007510070105 ], [ -103.506802113363889, 19.295951614743867 ], [ -103.506802320022274, 19.295951580069193 ], [ -103.50717255029312, 19.295954679702689 ], [ -103.507564256151042, 19.295958076832967 ], [ -103.507565690322252, 19.295958089696068 ], [ -103.508183570029786, 19.295923660306748 ], [ -103.508640290279544, 19.295810399769135 ], [ -103.50894888995893, 19.295675949773468 ], [ -103.509096519794909, 19.295481429843559 ], [ -103.509181580435353, 19.295149909644341 ], [ -103.509068340182239, 19.294873000203655 ], [ -103.509023659646886, 19.294569780121787 ], [ -103.508897279736317, 19.294345769916848 ], [ -103.508916020059601, 19.294169250360373 ], [ -103.50890122013422, 19.29378532005504 ], [ -103.508718179931122, 19.293626889974394 ], [ -103.508449719890578, 19.293507279792468 ], [ -103.508040769665087, 19.293366950339326 ], [ -103.507580629696591, 19.293276540350142 ], [ -103.507252850152838, 19.29310671004907 ], [ -103.507027219844502, 19.292737969795695 ], [ -103.506709420075595, 19.292283579563197 ], [ -103.506672859564901, 19.291752230058748 ], [ -103.506553600109058, 19.291320849960464 ], [ -103.506473969604571, 19.290850549838432 ], [ -103.506374020025277, 19.290438829651389 ], [ -103.506255180364789, 19.290047110305416 ], [ -103.506216200374794, 19.289713940106825 ], [ -103.506218979835253, 19.28936177966807 ], [ -103.506465163422064, 19.289344668551525 ], [ -103.506466860347217, 19.289344550163989 ], [ -103.506797120019343, 19.289444890311035 ], [ -103.507013789556297, 19.28949759789748 ], [ -103.507015769807552, 19.289498080014557 ], [ -103.507035779601154, 19.289237139752785 ], [ -103.507009690447518, 19.288954170273652 ], [ -103.506925599706591, 19.288617349702736 ], [ -103.506829780117442, 19.288258879906806 ], [ -103.506813600413949, 19.28783424970316 ], [ -103.506832910146159, 19.287481059946071 ], [ -103.506863910188315, 19.287176279674835 ], [ -103.507078649877869, 19.286902259925295 ], [ -103.506808079852675, 19.286274279865932 ], [ -103.506815579710093, 19.285915350059817 ], [ -103.506729250406366, 19.285564399919917 ], [ -103.506662180395068, 19.285238259909541 ], [ -103.5066226795456, 19.284946280346812 ], [ -103.506935320211369, 19.284530380011979 ], [ -103.506805770168853, 19.283931799984948 ], [ -103.506909370420075, 19.283639149623223 ], [ -103.507079859856219, 19.283268849761551 ], [ -103.507226199626757, 19.282957110348526 ], [ -103.507353750358206, 19.282586680015502 ], [ -103.507439849655185, 19.282176540029326 ], [ -103.507422229777447, 19.281706719912343 ], [ -103.507426399701416, 19.281393599622923 ], [ -103.507385650455632, 19.281159020304305 ], [ -103.507283950110647, 19.281021339649307 ], [ -103.507101150413334, 19.280882749752497 ], [ -103.506979510189566, 19.280666550360877 ], [ -103.506919460264427, 19.280411770020425 ], [ -103.506839229878508, 19.280058720371436 ], [ -103.506842660117215, 19.279765370349178 ], [ -103.506916020007452, 19.279066540445971 ], [ -103.507104109550383, 19.278652619842724 ], [ -103.507110350042694, 19.278265689876449 ], [ -103.50725646039902, 19.277934750303665 ], [ -103.507466799793335, 19.277545380450814 ], [ -103.507653940415352, 19.277213949674145 ], [ -103.50780224955173, 19.276824109989459 ], [ -103.507905579522117, 19.276311549811325 ], [ -103.507890339681097, 19.275964920406807 ], [ -103.507909920056022, 19.275672079944215 ], [ -103.50798137028012, 19.275338910179947 ], [ -103.507803490177068, 19.275082599638822 ], [ -103.507747709832316, 19.274681479922656 ], [ -103.507552370252526, 19.274415649601551 ], [ -103.507397540196862, 19.274132829637463 ], [ -103.507199719589238, 19.273847059671972 ], [ -103.507131680249714, 19.273494720138807 ], [ -103.507257850142508, 19.27331801980089 ], [ -103.507216479594405, 19.273200659944866 ], [ -103.507195569538823, 19.272821350200289 ], [ -103.507074540400694, 19.272701030412794 ], [ -103.507323519539185, 19.272049480358124 ], [ -103.507534109976248, 19.271517649648871 ], [ -103.507583229531122, 19.271257850032111 ], [ -103.507769740038384, 19.271044279898238 ], [ -103.507938429748464, 19.270771370363342 ], [ -103.508126199800571, 19.270499449651602 ], [ -103.508356689889638, 19.27020780026411 ], [ -103.50837561994399, 19.270021349800604 ], [ -103.508567079753348, 19.269221079605632 ], [ -103.5086336504542, 19.26877200036871 ], [ -103.508719509796379, 19.268342030438752 ], [ -103.508805369537697, 19.267912490058364 ], [ -103.508849819793554, 19.267619370200773 ], [ -103.508873919758642, 19.267384770380254 ], [ -103.508875660087796, 19.267111259620442 ], [ -103.50869954031819, 19.266915480173694 ], [ -103.508382889817128, 19.266891369685975 ], [ -103.508152019606641, 19.266825399565931 ], [ -103.508150933414569, 19.26682568580356 ], [ -103.507936920210909, 19.266882169913572 ], [ -103.507664419777441, 19.266953120383466 ], [ -103.507406350027281, 19.267023919980762 ], [ -103.507405389311373, 19.267023649650685 ], [ -103.507218750244306, 19.266971219884706 ], [ -103.507131419756206, 19.266876550098342 ], [ -103.506898940121005, 19.266660490222399 ], [ -103.506737680431584, 19.266389139720914 ], [ -103.506647030456648, 19.265994249944779 ], [ -103.506815109667755, 19.265583149871969 ], [ -103.506829579703734, 19.265392379656241 ], [ -103.506810690260494, 19.265235769970207 ], [ -103.506749910376655, 19.265088540216663 ], [ -103.506710200051472, 19.264775310341744 ], [ -103.506736920260508, 19.264345290440758 ], [ -103.50673904954823, 19.263934279714217 ], [ -103.506742570251561, 19.263562819833368 ], [ -103.506742604883669, 19.263562587581294 ], [ -103.506809140049157, 19.263113110292721 ], [ -103.506916000399855, 19.26268401995285 ], [ -103.507021369744692, 19.262293430191367 ], [ -103.507087110093764, 19.261941739696944 ], [ -103.507299169527101, 19.26127834033721 ], [ -103.507428999895112, 19.26077091970755 ], [ -103.507514650165746, 19.260321660372977 ], [ -103.507600939928921, 19.259931259907933 ], [ -103.507706520137191, 19.259560520255235 ], [ -103.50779302952084, 19.259189879609149 ], [ -103.507880889813094, 19.258681710265801 ], [ -103.50792571956012, 19.258251600209825 ], [ -103.507689619899068, 19.257822680284164 ], [ -103.507573320440827, 19.257532600413565 ], [ -103.507424569889508, 19.257227519756558 ], [ -103.507162579839033, 19.256908250021908 ], [ -103.506598350435638, 19.256388510244768 ], [ -103.506210770246753, 19.256013620306479 ], [ -103.50596752023236, 19.255581230061129 ], [ -103.505723649830202, 19.255090510142068 ], [ -103.505542630096798, 19.254677859638683 ], [ -103.50544048028236, 19.254325050364191 ], [ -103.505403200148066, 19.25397267971989 ], [ -103.505344940178773, 19.253619970307494 ], [ -103.505328649942641, 19.253268020274632 ], [ -103.505373579562828, 19.252759649822309 ], [ -103.505460089664268, 19.252388549672524 ], [ -103.505703979700186, 19.251932379783071 ], [ -103.505870910205843, 19.251629029707349 ], [ -103.506049659571374, 19.251368650382506 ], [ -103.506465349635491, 19.250965819629705 ], [ -103.506665970136197, 19.250629799609921 ], [ -103.50707059967516, 19.250259370348971 ], [ -103.507510289844021, 19.249974829915729 ], [ -103.507765510388523, 19.249444319563199 ], [ -103.50786464990118, 19.249029230164741 ], [ -103.508012710083108, 19.248619570384239 ], [ -103.508057109598951, 19.248150339712247 ], [ -103.508060850352351, 19.247798089750912 ], [ -103.508001020255946, 19.247563169663753 ], [ -103.507960690087046, 19.247367180226259 ], [ -103.507882179722614, 19.246994830067649 ], [ -103.507766770226468, 19.246635120274789 ], [ -103.507678739836308, 19.246373450004267 ], [ -103.507788289609877, 19.246015489928688 ], [ -103.508047749961207, 19.2457436200899 ], [ -103.508108649791055, 19.245480400352989 ], [ -103.508263109685629, 19.245236709657743 ], [ -103.50831634004534, 19.244924250374996 ], [ -103.50839282024387, 19.244665320213091 ], [ -103.508504850221328, 19.244398380377241 ], [ -103.508565769781995, 19.244128120280642 ], [ -103.508837380191352, 19.244111429837918 ], [ -103.509188620041428, 19.244133919745757 ], [ -103.509326860071241, 19.244128149971182 ], [ -103.509579479703746, 19.244117599551615 ], [ -103.50969709044864, 19.243848019656095 ], [ -103.509821749608946, 19.243589689855124 ], [ -103.509906219559952, 19.243301509684667 ], [ -103.509838450108177, 19.242939230448762 ], [ -103.509772020117595, 19.242697940420271 ], [ -103.509640969816644, 19.242374110234248 ], [ -103.509541689813574, 19.242042349578433 ], [ -103.509522309649824, 19.241755819799934 ], [ -103.509480369874055, 19.241456450402694 ], [ -103.509442430331802, 19.241045290422669 ], [ -103.509385029835641, 19.240771199867151 ], [ -103.509282489774165, 19.240555459592326 ], [ -103.509182080323271, 19.240358799892736 ], [ -103.509058780387008, 19.240161919644994 ], [ -103.5087931104257, 19.239683290215833 ], [ -103.508446059802949, 19.239347689954524 ], [ -103.50809754016673, 19.239051620010478 ], [ -103.507688280160195, 19.238696259618251 ], [ -103.507319290371882, 19.238360780257512 ], [ -103.507014119809597, 19.238103940255026 ], [ -103.506748800021924, 19.237828050440548 ], [ -103.506440549573554, 19.23755147982282 ], [ -103.506175890471312, 19.237334449739294 ], [ -103.50593050968007, 19.237136430240394 ], [ -103.505840949906911, 19.236948199576524 ], [ -103.50573943012968, 19.236734780356105 ], [ -103.505719229613163, 19.236522679862549 ], [ -103.505708119646542, 19.236327479908159 ], [ -103.505690780035195, 19.236156510357173 ], [ -103.505775120372675, 19.236020419556784 ], [ -103.505795819906822, 19.235994679766009 ], [ -103.505822909666449, 19.23596147993069 ], [ -103.505838150093439, 19.235942799562228 ], [ -103.506131550022559, 19.235739400031097 ], [ -103.50635829009839, 19.235545829570377 ], [ -103.506517459631411, 19.235252980075835 ], [ -103.506655060395232, 19.234974999749845 ], [ -103.50672305017288, 19.234764509957824 ], [ -103.506779850216503, 19.234449179585852 ], [ -103.506737889813223, 19.234287480343546 ], [ -103.506756660004257, 19.233789549964932 ], [ -103.506753320053022, 19.233487849906975 ], [ -103.506805180451934, 19.23314795002225 ], [ -103.506959349668989, 19.232691969601124 ], [ -103.507098659621235, 19.232368380179896 ], [ -103.507338400250092, 19.232071690178369 ], [ -103.507390520315482, 19.231773449961288 ], [ -103.507435799942897, 19.231397509912352 ], [ -103.50753100044146, 19.231053289959917 ], [ -103.507623090282053, 19.230766000315207 ], [ -103.507683140423438, 19.230448860415283 ], [ -103.507681229929418, 19.230275549653719 ], [ -103.507616260063401, 19.230148059638648 ], [ -103.507480570361778, 19.230097250239911 ], [ -103.507275310316714, 19.230076020093531 ], [ -103.507087490209514, 19.230080780143265 ], [ -103.50677790989981, 19.229941199649552 ], [ -103.506410999781821, 19.229703649581843 ], [ -103.506309949792964, 19.229448740049822 ], [ -103.506311689859487, 19.22917470981827 ], [ -103.506315650194153, 19.228842310031752 ], [ -103.506403110354071, 19.228442490225525 ], [ -103.506488950052457, 19.228136950101341 ], [ -103.506489719632839, 19.22776777979773 ], [ -103.506596370349854, 19.227494969685345 ], [ -103.50671966024133, 19.22726102011168 ], [ -103.506867969787251, 19.227047220445016 ], [ -103.507013419749129, 19.22683289031826 ], [ -103.507221680455658, 19.226521740406589 ], [ -103.507431749964823, 19.226288649788255 ], [ -103.507639399708481, 19.226094619593688 ], [ -103.507909260065873, 19.225920910062989 ], [ -103.508178690214208, 19.225708230398194 ], [ -103.508467620218326, 19.225534320380024 ], [ -103.508757420252451, 19.225439119945772 ], [ -103.509238280166983, 19.225373819708743 ], [ -103.509570579634655, 19.225267820047907 ], [ -103.509801399661512, 19.225111659737102 ], [ -103.510259400045641, 19.224883030146085 ], [ -103.510521169800455, 19.224797629903172 ], [ -103.510688750153051, 19.224603460418564 ], [ -103.510771980226536, 19.224369380063195 ], [ -103.510878629840107, 19.22409601988425 ], [ -103.510878580191573, 19.223919919920775 ], [ -103.510839339560192, 19.223821749634286 ], [ -103.51077935033797, 19.223743089584566 ], [ -103.510633510010081, 19.223541449873903 ], [ -103.510564420160193, 19.223190280202566 ], [ -103.51068494022347, 19.222902550071577 ], [ -103.510731220333966, 19.222669169649024 ], [ -103.510780739910842, 19.222331249921943 ], [ -103.510861830164387, 19.222052859674744 ], [ -103.510994429834525, 19.221671689965238 ], [ -103.511230550178297, 19.22132455009638 ], [ -103.51144148041017, 19.22110789028282 ], [ -103.511668399668082, 19.220933509639295 ], [ -103.51193867980389, 19.220798830402057 ], [ -103.512169799912598, 19.220610749641622 ], [ -103.512414289839555, 19.220483250335796 ], [ -103.512622339530822, 19.220265780011431 ], [ -103.512840949884037, 19.220033750056011 ], [ -103.512996689752313, 19.219852519810374 ], [ -103.513212740168314, 19.219633349900803 ], [ -103.513316430421781, 19.219505889907936 ], [ -103.513517679742975, 19.219317569585122 ], [ -103.51378092031743, 19.219035450228869 ], [ -103.513953690412151, 19.218814139922483 ], [ -103.51404213959681, 19.21850162027819 ], [ -103.514077769597833, 19.218211859669722 ], [ -103.514141749962675, 19.217984909987067 ], [ -103.514191249770079, 19.217661569645351 ], [ -103.514206749872116, 19.217371580007331 ], [ -103.514133780078069, 19.217193080381477 ], [ -103.514719280013495, 19.217161080015192 ], [ -103.516485149694148, 19.216980680391526 ], [ -103.518805059992374, 19.216169859911329 ], [ -103.519093219646734, 19.215939110454304 ], [ -103.520335339787238, 19.215322450191863 ], [ -103.5211325801138, 19.215153140109386 ], [ -103.522822940451775, 19.215074879792667 ], [ -103.524140480100101, 19.215215420022467 ], [ -103.527113949613565, 19.21555142009915 ], [ -103.527932459857425, 19.215649429903465 ], [ -103.530043570181704, 19.215902200035035 ], [ -103.532328320311748, 19.216450169624906 ], [ -103.533073660446505, 19.216200429946376 ], [ -103.539540079991909, 19.216683580062298 ], [ -103.540765030051475, 19.216433820169303 ], [ -103.542008880006733, 19.216108579554444 ], [ -103.543016430121966, 19.215630950235717 ], [ -103.547350150171781, 19.216587050404446 ], [ -103.548580660427305, 19.21667731025434 ], [ -103.551174050407923, 19.216867510189299 ], [ -103.553683170075047, 19.217051490077807 ], [ -103.555508890044948, 19.217070800326727 ], [ -103.556054599728583, 19.217001549613972 ], [ -103.56151451041427, 19.216308509945502 ], [ -103.561680849608237, 19.216213739825832 ], [ -103.561964829887216, 19.216033570164161 ], [ -103.56228313988133, 19.215736290385927 ], [ -103.562323879677891, 19.215709200014942 ], [ -103.562351030116517, 19.215691150125647 ], [ -103.562441710280467, 19.215642939608131 ], [ -103.564795319974252, 19.216327600312486 ], [ -103.565346780443306, 19.216494089701648 ], [ -103.566160369992872, 19.216478660402107 ], [ -103.566134999582189, 19.216583920298707 ], [ -103.566250479895558, 19.216698339957777 ], [ -103.566312379608632, 19.216759659878168 ], [ -103.566414919832681, 19.216686349870063 ], [ -103.566786939907217, 19.217889119750989 ], [ -103.566872279834897, 19.218484030028161 ], [ -103.566965400301655, 19.218669680420216 ], [ -103.567251970231823, 19.219432519804865 ], [ -103.567310060032554, 19.219619649855051 ], [ -103.567337479941713, 19.219733260388658 ], [ -103.567471479655993, 19.220142149827566 ], [ -103.567483509556808, 19.220643850301872 ], [ -103.568244599795449, 19.222909340392047 ], [ -103.569330140370695, 19.226303540277893 ], [ -103.570054970455999, 19.228671380278382 ], [ -103.571320420346609, 19.226970660424548 ], [ -103.574266739552783, 19.229795819909761 ], [ -103.574897249638354, 19.22922457964016 ], [ -103.575600689609786, 19.228455820303832 ], [ -103.576021750367701, 19.22775728021135 ], [ -103.576656680082706, 19.227163549725777 ], [ -103.57755314996335, 19.226592569552089 ], [ -103.578492310418937, 19.226166059554252 ], [ -103.57947485992689, 19.225946259635794 ], [ -103.580038509652411, 19.226033219663375 ], [ -103.580471490361816, 19.226201969642588 ], [ -103.580883510458463, 19.226370310149676 ], [ -103.581492690210951, 19.226271630396742 ], [ -103.581756369664873, 19.225984690184895 ], [ -103.582131399996186, 19.225595779790105 ], [ -103.582549080190049, 19.225020719736914 ], [ -103.583030910413271, 19.224467079911765 ], [ -103.583511080164541, 19.224347090418696 ], [ -103.584228029908758, 19.224496920350227 ], [ -103.58481505978942, 19.224708170361254 ], [ -103.585531059930773, 19.224775379853011 ], [ -103.58607285991053, 19.22462475040307 ], [ -103.586480029597453, 19.224212289612915 ], [ -103.586853630439435, 19.223703370022424 ], [ -103.587699080023057, 19.223422169905021 ], [ -103.588541370213179, 19.223582459691727 ], [ -103.589067779585633, 19.22350222010915 ], [ -103.594382140148909, 19.220911739775154 ], [ -103.595068309872389, 19.220850449918327 ], [ -103.595778460097776, 19.220664049869828 ], [ -103.596448649625017, 19.22089301971107 ], [ -103.597241490120993, 19.221060369725443 ], [ -103.597896849818198, 19.221277290247677 ], [ -103.598368880117008, 19.2213239503427 ], [ -103.598565019789234, 19.221309850364246 ], [ -103.598930570357567, 19.221283569589168 ], [ -103.59909154044405, 19.221092450425758 ], [ -103.599285920072191, 19.220659909893293 ], [ -103.599134200119863, 19.220093280186461 ], [ -103.599309830014647, 19.21960926028229 ], [ -103.599797780287716, 19.219466340443557 ], [ -103.600435020418757, 19.219683429731422 ], [ -103.600962050059238, 19.219781149804753 ], [ -103.601341180338096, 19.219639379773877 ], [ -103.601735600168823, 19.219256369656843 ], [ -103.601857079934732, 19.218790149904788 ], [ -103.601756690471504, 19.217964689946868 ], [ -103.601641629932573, 19.217432140122206 ], [ -103.601743740351907, 19.21686282020422 ], [ -103.602174629791008, 19.21649661965666 ], [ -103.602883649738189, 19.216450940284375 ], [ -103.603322620198767, 19.216477400041679 ], [ -103.60368422014372, 19.216387479928887 ], [ -103.60386108040673, 19.216006750199504 ], [ -103.603837460215004, 19.215542090108652 ], [ -103.603719169699957, 19.214734050150135 ], [ -103.604023919546975, 19.214438059638795 ], [ -103.60478792020433, 19.214428479970813 ], [ -103.605898309895295, 19.215192969926065 ], [ -103.606232490070354, 19.215220880024027 ], [ -103.606402279535615, 19.215174449927826 ], [ -103.606556200397776, 19.21513234994293 ], [ -103.606699109819772, 19.214907540362191 ], [ -103.606884030001126, 19.21444833956339 ], [ -103.606991230318769, 19.214043139764033 ], [ -103.60697226000903, 19.213384080345833 ], [ -103.606986880268281, 19.21257701958476 ], [ -103.607193139946673, 19.212174059646163 ], [ -103.607893279857109, 19.21189943028612 ], [ -103.608767220083138, 19.211611540323521 ], [ -103.609533149895725, 19.211374339890519 ], [ -103.610138920287923, 19.211129879758392 ], [ -103.610654000453849, 19.210784400407828 ], [ -103.611139080221633, 19.210932219935749 ], [ -103.611197600099274, 19.211339579547584 ], [ -103.611060230291244, 19.211834030087786 ], [ -103.610958060193255, 19.21227712009734 ], [ -103.611250090037714, 19.212618980077576 ], [ -103.611549520296805, 19.212640850307857 ], [ -103.611937090000652, 19.212366970290475 ], [ -103.611981749735122, 19.212354000112043 ], [ -103.612060820305572, 19.212202320229125 ], [ -103.612170170315807, 19.211933980283373 ], [ -103.612222629759032, 19.21161279990843 ], [ -103.61207785955672, 19.211267020021783 ], [ -103.611920000238541, 19.211001520143412 ], [ -103.611619710373418, 19.210590619639781 ], [ -103.611516689942349, 19.210204309829116 ], [ -103.611697319567511, 19.210015370002907 ], [ -103.612061259787254, 19.209864519581675 ], [ -103.612548400409395, 19.210038690317528 ], [ -103.612953649644453, 19.210279490024934 ], [ -103.613451970082693, 19.210491020182705 ], [ -103.613982979602355, 19.210643859815985 ], [ -103.614178029886503, 19.210268169611947 ], [ -103.614299910404156, 19.209866110257078 ], [ -103.614465659685393, 19.209610520032324 ], [ -103.614916859807821, 19.209699179793638 ], [ -103.615567889673585, 19.209909659753208 ], [ -103.616065370462735, 19.209878060337381 ], [ -103.61629194974968, 19.209744320201185 ], [ -103.616366600080639, 19.209625340239764 ], [ -103.616453970150019, 19.209414260071927 ], [ -103.616527779901261, 19.209088890118867 ], [ -103.616613219552093, 19.208836030028348 ], [ -103.616599690427677, 19.208626229723343 ], [ -103.616364320229607, 19.208355799653038 ], [ -103.616051229682341, 19.208054720003098 ], [ -103.616113690048351, 19.207728619886804 ], [ -103.616332509672105, 19.207537310422811 ], [ -103.616865170294744, 19.207710089800432 ], [ -103.617277980172787, 19.208031090244006 ], [ -103.617624230263047, 19.208331820204315 ], [ -103.617912800121132, 19.20850534000483 ], [ -103.618518890426074, 19.208552659573822 ], [ -103.618906250020615, 19.208431030219067 ], [ -103.61911648975223, 19.208277720404698 ], [ -103.619273720240827, 19.208124999765303 ], [ -103.619466109936795, 19.207955120339008 ], [ -103.619919719959412, 19.207926180012596 ], [ -103.620169970273565, 19.208002169702453 ], [ -103.620420219805766, 19.208078149937354 ], [ -103.62081138017237, 19.207956460438904 ], [ -103.621481449629201, 19.20783179976673 ], [ -103.622079230072671, 19.207573630340708 ], [ -103.622553550168902, 19.207333549887199 ], [ -103.623133679588889, 19.207075579697424 ], [ -103.623624650146795, 19.206751429609174 ], [ -103.624059800117436, 19.20619292021448 ], [ -103.624034310303927, 19.20553866044008 ], [ -103.624115680398532, 19.204950399847764 ], [ -103.624114060354742, 19.204474629868269 ], [ -103.624462259909052, 19.204034519636046 ], [ -103.625012229844046, 19.204213220242789 ], [ -103.625548890457907, 19.204383830034097 ], [ -103.625620629595971, 19.204642940216608 ], [ -103.625741019588588, 19.204902619846937 ], [ -103.626186089792427, 19.205046740056041 ], [ -103.626832520349097, 19.20483764974939 ], [ -103.627225719865478, 19.204588880134274 ], [ -103.627577399810647, 19.204422570178409 ], [ -103.627686720384588, 19.204111660063123 ], [ -103.627915119992494, 19.20380451044311 ], [ -103.628070569791547, 19.203673179882816 ], [ -103.62810391998093, 19.203488349839958 ], [ -103.628001519710409, 19.203207290236616 ], [ -103.628087229728735, 19.202803520230741 ], [ -103.628188750028173, 19.20252225978065 ], [ -103.628339350225446, 19.202358659671233 ], [ -103.628809450348044, 19.202362110048099 ], [ -103.629157509779148, 19.202365149604191 ], [ -103.629281680288557, 19.202224490378025 ], [ -103.629359399556847, 19.201707970093761 ], [ -103.629561050259127, 19.20142724966788 ], [ -103.629935170203041, 19.201218769899803 ], [ -103.630182460236426, 19.201008919738289 ], [ -103.63052999978602, 19.201129180235597 ], [ -103.630800309783623, 19.201248549613702 ], [ -103.630924049628618, 19.20139043039153 ], [ -103.631070680013806, 19.201532600012918 ], [ -103.631341939667493, 19.201652579628874 ], [ -103.631693029895004, 19.201552079798695 ], [ -103.631875949824348, 19.201214690003532 ], [ -103.632016979943273, 19.200848179570372 ], [ -103.632157799659083, 19.200461939815323 ], [ -103.632163090080695, 19.200037689658188 ], [ -103.63212088006938, 19.199699979552314 ], [ -103.632239829679122, 19.199225200397663 ], [ -103.632653740250362, 19.199092490212067 ], [ -103.633143510441329, 19.19922528976851 ], [ -103.633653719866132, 19.19932828956162 ], [ -103.634193889799391, 19.199332289936091 ], [ -103.634555460262234, 19.199536689672655 ], [ -103.634798860019799, 19.199542769732002 ], [ -103.635096510058489, 19.199243619997308 ], [ -103.635342550260077, 19.198974599550223 ], [ -103.635316019556612, 19.198515820412464 ], [ -103.635326620240519, 19.198163939562217 ], [ -103.635500659578199, 19.197852510405237 ], [ -103.635734280187123, 19.197568580373101 ], [ -103.635968430111788, 19.197326830329075 ], [ -103.636276820282291, 19.197098379819334 ], [ -103.63668502015561, 19.19680121965202 ], [ -103.636804000137673, 19.196586140010186 ], [ -103.636742280287336, 19.196288909629715 ], [ -103.636664140040367, 19.195952080014557 ], [ -103.636673550295995, 19.195501720329581 ], [ -103.636548630440387, 19.194968430146602 ], [ -103.636889509675242, 19.194978799609931 ], [ -103.637563720260502, 19.195184940029581 ], [ -103.637910969695, 19.195281980430035 ], [ -103.638237750175676, 19.19528128034224 ], [ -103.638483309994641, 19.195252659692429 ], [ -103.638749680011912, 19.195056149759818 ], [ -103.638652259639898, 19.194661149887018 ], [ -103.638729940281834, 19.194185079713456 ], [ -103.639135799990996, 19.193924309679581 ], [ -103.639505619823765, 19.193899689578348 ], [ -103.640045509849116, 19.194055259863177 ], [ -103.640293280402517, 19.193832800312187 ], [ -103.640710199825904, 19.193777370290924 ], [ -103.641102020100959, 19.193867079767202 ], [ -103.641453780306946, 19.193836860326126 ], [ -103.641882280171117, 19.193727220063124 ], [ -103.642235919554167, 19.193641830237787 ], [ -103.64260795009973, 19.193426459960143 ], [ -103.642556849962176, 19.193030970068065 ], [ -103.642399120396362, 19.192706519974269 ], [ -103.642039200415098, 19.192508350302855 ], [ -103.641645660128802, 19.192000310020997 ], [ -103.641948320005, 19.191741800267771 ], [ -103.642113739919608, 19.191625579704343 ], [ -103.64229692010619, 19.191447570154597 ], [ -103.642481580004741, 19.191392749958517 ], [ -103.642599580269732, 19.191189050177673 ], [ -103.642625369544305, 19.190949120242415 ], [ -103.642567769525556, 19.190782539612993 ], [ -103.642426570204904, 19.190599259591551 ], [ -103.64219112017004, 19.190285000312546 ], [ -103.642178049916808, 19.189968309823197 ], [ -103.642455459762047, 19.189921289699154 ], [ -103.64281094999194, 19.189936490336109 ], [ -103.643150149683322, 19.189997920059188 ], [ -103.643140229680483, 19.189843429743828 ], [ -103.643184000283981, 19.189631719774283 ], [ -103.643112890099815, 19.189113259750616 ], [ -103.643183079650242, 19.18878685979362 ], [ -103.643414369909465, 19.188564400034181 ], [ -103.643819180013139, 19.188322349857362 ], [ -103.644179890455945, 19.188265630299821 ], [ -103.644479120388368, 19.188491200067471 ], [ -103.644584450285819, 19.188771680188029 ], [ -103.644915080369941, 19.189156620432428 ], [ -103.645020820302094, 19.189472289665577 ], [ -103.645145200262903, 19.189796570284514 ], [ -103.645388629757363, 19.190005139624109 ], [ -103.645723720317193, 19.189952859613538 ], [ -103.64678024960017, 19.189967970389933 ], [ -103.647603690134844, 19.1898847401735 ], [ -103.647680490371272, 19.19010391011917 ], [ -103.647608259943212, 19.190263140344545 ], [ -103.647415089927478, 19.190379629823052 ], [ -103.647315090384581, 19.190539140381556 ], [ -103.647189630109992, 19.190892549858333 ], [ -103.647081970190641, 19.191184149621488 ], [ -103.646910259927665, 19.191546880113016 ], [ -103.646941350189067, 19.191819339758826 ], [ -103.647155649916968, 19.191913829758345 ], [ -103.647369920029377, 19.192008289898659 ], [ -103.647580379985754, 19.191880660214888 ], [ -103.647736710079428, 19.191687460197109 ], [ -103.647937770261592, 19.191456450217633 ], [ -103.648129350201359, 19.191207939880439 ], [ -103.648376979887971, 19.190994020069009 ], [ -103.648641829943017, 19.190674289918995 ], [ -103.649002550093442, 19.190617539596179 ], [ -103.649522230107792, 19.192020229622884 ], [ -103.64975282034527, 19.192802980352454 ], [ -103.649911629762443, 19.193672520113982 ], [ -103.650000250241916, 19.194220689804556 ], [ -103.649970199611502, 19.194159109952913 ], [ -103.646083029822435, 19.198600380161636 ], [ -103.645002250082101, 19.199835170069342 ], [ -103.642501970378845, 19.202691630279801 ], [ -103.639372219857577, 19.206266999889525 ], [ -103.640845820255365, 19.206873340031862 ], [ -103.642032309785662, 19.207361550006887 ], [ -103.647691980087259, 19.209668000421097 ], [ -103.648024029621467, 19.209821999741042 ], [ -103.652738420464289, 19.212008429675979 ], [ -103.654598519622652, 19.212871049613792 ], [ -103.655002770225252, 19.21306290974108 ], [ -103.655000749828233, 19.213318660066836 ], [ -103.654891919776901, 19.213622119907413 ], [ -103.654674370334021, 19.213924620065281 ], [ -103.654436550311758, 19.214206860142824 ], [ -103.654031979893219, 19.214264549594489 ], [ -103.653453979816362, 19.214327460177905 ], [ -103.652958800375302, 19.214466569816128 ], [ -103.652693380363743, 19.214430170287052 ], [ -103.652691290190205, 19.214941339628499 ], [ -103.652927619629764, 19.215308340084565 ], [ -103.65332675002216, 19.21555145967643 ], [ -103.653461340110425, 19.215722980154311 ], [ -103.653440780006903, 19.21607705990801 ], [ -103.653329660131874, 19.216471479699262 ], [ -103.653117319940606, 19.216717579724982 ], [ -103.652803540263761, 19.216791779955201 ], [ -103.652582170357334, 19.216975079864838 ], [ -103.652682380236016, 19.217421979817487 ], [ -103.652825219610676, 19.217666349693186 ], [ -103.652920649612128, 19.217847290348001 ], [ -103.652923859584618, 19.218112880256218 ], [ -103.652879060364256, 19.218260939548422 ], [ -103.652642150122631, 19.21837667978922 ], [ -103.652445889625739, 19.218324259863898 ], [ -103.652063119978521, 19.218213489770079 ], [ -103.6517760799901, 19.218108419927237 ], [ -103.651392249682843, 19.217868830282537 ], [ -103.651182110389243, 19.217611630059679 ], [ -103.651004880116588, 19.21733833972635 ], [ -103.650763049908448, 19.217199450324863 ], [ -103.65062437037254, 19.217373939713571 ], [ -103.650362940067495, 19.217667770081189 ], [ -103.650285480178312, 19.218108979577771 ], [ -103.650465080097192, 19.218578850140894 ], [ -103.650659720474565, 19.218922740425366 ], [ -103.650917680027177, 19.219299460015336 ], [ -103.650887369917598, 19.219551709634249 ], [ -103.65083128953205, 19.219803690358585 ], [ -103.65087388030102, 19.220012200287826 ], [ -103.650992580173579, 19.220129749620941 ], [ -103.651134199663005, 19.22024823034884 ], [ -103.651254549683799, 19.220343200387966 ], [ -103.651298599874536, 19.220436659670753 ], [ -103.65136991040616, 19.220576289939334 ], [ -103.651360849559978, 19.220852119679233 ], [ -103.651380820209184, 19.221082890215797 ], [ -103.65135156955985, 19.221266110341638 ], [ -103.651330999685115, 19.221536910089434 ], [ -103.651235179617373, 19.221891779747313 ], [ -103.651075460163867, 19.222246280318515 ], [ -103.651000079600479, 19.222714780348138 ], [ -103.650669880108708, 19.223009349619609 ], [ -103.650270969923923, 19.2231410796857 ], [ -103.649942750445646, 19.223206449763623 ], [ -103.649785889545484, 19.223245479626694 ], [ -103.649588170367309, 19.223298000032599 ], [ -103.649445600319737, 19.223337520176308 ], [ -103.649257650058701, 19.223565490322251 ], [ -103.649111999661102, 19.223902250428278 ], [ -103.649110169682103, 19.224145119616072 ], [ -103.649137720445424, 19.224293749985797 ], [ -103.649207089907264, 19.22451039974526 ], [ -103.649148219810854, 19.22476640021268 ], [ -103.649146549640093, 19.225022860242493 ], [ -103.648841980431072, 19.225466079572541 ], [ -103.64891274014056, 19.225559879796144 ], [ -103.648997740027625, 19.225728800082663 ], [ -103.649124019530177, 19.225918720109629 ], [ -103.649278599547927, 19.226084630130767 ], [ -103.64935108999957, 19.226163720157722 ], [ -103.649676819711758, 19.226287540025673 ], [ -103.64997335037998, 19.226519280378028 ], [ -103.650213569786843, 19.226669460104947 ], [ -103.650413120122892, 19.226846179960916 ], [ -103.650595369844368, 19.227090489879462 ], [ -103.650705620420368, 19.22737518004736 ], [ -103.650848720107035, 19.227537849951673 ], [ -103.651016050288362, 19.227809419617451 ], [ -103.65105686014725, 19.22818714973668 ], [ -103.65096798018935, 19.228564690338466 ], [ -103.65099220035674, 19.228989550140035 ], [ -103.651146820119038, 19.22931459972126 ], [ -103.651144259654785, 19.229732949754524 ], [ -103.650830080413911, 19.229933419685221 ], [ -103.650656909824392, 19.230201999883334 ], [ -103.650566200069434, 19.230822420418505 ], [ -103.650648379934637, 19.231702459792903 ], [ -103.650861149872568, 19.232683309645775 ], [ -103.653130510227953, 19.23237907962082 ], [ -103.653750569960764, 19.232214140214484 ], [ -103.65667631000403, 19.231561119891332 ], [ -103.656722029988444, 19.231552890310052 ], [ -103.660653880076552, 19.230650049903495 ], [ -103.665123400449517, 19.229609089731763 ], [ -103.663927220011033, 19.230229259923078 ], [ -103.663757580021169, 19.230353280175343 ], [ -103.66549442024656, 19.230923050179335 ], [ -103.666441370065044, 19.231237169735685 ], [ -103.66792534973338, 19.231753140346747 ], [ -103.667999550268078, 19.231778920371582 ], [ -103.668876350016603, 19.232083770363946 ], [ -103.670426570397268, 19.232626449790789 ], [ -103.671496679640043, 19.233001059993011 ], [ -103.673507979790458, 19.233716309668498 ], [ -103.673533974369022, 19.233725541278108 ], [ -103.673597748717683, 19.233748311683652 ], [ -103.674453209948325, 19.234074456259229 ], [ -103.674690002365693, 19.234164737372478 ], [ -103.674690190187746, 19.234164810476102 ], [ -103.675002289417009, 19.234283803334961 ], [ -103.674407379162872, 19.234935034429299 ], [ -103.674596420220766, 19.236700373881856 ], [ -103.674766557364947, 19.237997158731542 ], [ -103.674991583068632, 19.239712253084651 ], [ -103.675485379346568, 19.239878032144571 ], [ -103.675661968984855, 19.239937322099067 ], [ -103.675533678448787, 19.240334973320294 ], [ -103.675529750087179, 19.240347151977947 ], [ -103.675548106520964, 19.240367382037622 ], [ -103.675642543715057, 19.240471457801739 ], [ -103.675684834693683, 19.240577090588829 ], [ -103.675665320817714, 19.240630704715091 ], [ -103.67556636834297, 19.240902579066145 ], [ -103.675554486718212, 19.240935224507275 ], [ -103.675302880386795, 19.241050399892867 ], [ -103.674907400432943, 19.241071979943364 ], [ -103.674455770362485, 19.241448859996193 ], [ -103.671957599582996, 19.243533620009821 ], [ -103.666923969660999, 19.247734000324645 ], [ -103.666691259962505, 19.247973649601178 ], [ -103.663352739804125, 19.251081999726832 ], [ -103.65997214960943, 19.254249399762713 ], [ -103.658693689868286, 19.255459079943673 ], [ -103.662075089889399, 19.256310740202505 ], [ -103.662287479891944, 19.256476140244004 ], [ -103.662130119878583, 19.256831679889235 ], [ -103.662099089967185, 19.257415230135265 ], [ -103.66195914023298, 19.25790648990721 ], [ -103.661751480172484, 19.258632400427651 ], [ -103.661523420373911, 19.259094019978562 ], [ -103.661235480416337, 19.259340139767648 ], [ -103.660870949753345, 19.259562649645911 ], [ -103.660569950363765, 19.259752849889267 ], [ -103.660481769557308, 19.259953110330418 ], [ -103.660365850052884, 19.260224429566506 ], [ -103.660113459614834, 19.260648449873404 ], [ -103.660098570433902, 19.260991679726661 ], [ -103.660096139820993, 19.26133992004193 ], [ -103.660302769991517, 19.261701179854771 ], [ -103.660535310069108, 19.262153850169128 ], [ -103.660545340228964, 19.262428860032816 ], [ -103.660977279780838, 19.263763820273777 ], [ -103.66257747954333, 19.268709280249674 ], [ -103.662876449781606, 19.269523029588093 ], [ -103.663329976445965, 19.269589118498956 ], [ -103.664682619608712, 19.269786219897625 ], [ -103.665214909728789, 19.269856489888245 ], [ -103.667389679962, 19.270430140018213 ], [ -103.667412349418413, 19.270443769978815 ], [ -103.668884030011753, 19.268426950069362 ], [ -103.669099150268124, 19.268132140381685 ], [ -103.669496079644546, 19.2683150896078 ], [ -103.672742719615997, 19.270028799699141 ], [ -103.674467769916902, 19.269124019781746 ], [ -103.674414540244427, 19.269071949854784 ], [ -103.676275739551315, 19.268057550012724 ], [ -103.676311220427806, 19.26809603022841 ], [ -103.678978019626769, 19.266393459890345 ], [ -103.679273000444255, 19.266123939599712 ], [ -103.681715950178656, 19.26389178005142 ], [ -103.681789480395707, 19.263851830020585 ], [ -103.682262029566502, 19.26392574025467 ], [ -103.682415939829028, 19.264030800189637 ], [ -103.684297320059798, 19.265314999966815 ], [ -103.686478540008096, 19.266991059702221 ], [ -103.688123549600959, 19.268673400187364 ], [ -103.687245629904524, 19.269253000238031 ], [ -103.68677328978093, 19.269522110395471 ], [ -103.686576880317375, 19.26969157018813 ], [ -103.6864369800997, 19.270112800029825 ], [ -103.686384850222638, 19.270445939834222 ], [ -103.686240999864012, 19.270551249592838 ], [ -103.685128369812546, 19.271216850258782 ], [ -103.684659430176026, 19.271915979937145 ], [ -103.684584320377098, 19.272075460138776 ], [ -103.683900820300735, 19.27284470965035 ], [ -103.683365739868634, 19.273139200128622 ], [ -103.681631319762772, 19.274358249849918 ], [ -103.681191169727398, 19.2746784500867 ], [ -103.68104900039593, 19.274869620434131 ], [ -103.680638619529276, 19.27540614975231 ], [ -103.679336580350167, 19.27880071019732 ], [ -103.678977739847241, 19.279505510199279 ], [ -103.678553350025766, 19.279896830105301 ], [ -103.678251050222045, 19.280241520141097 ], [ -103.676850380334031, 19.281050719635633 ], [ -103.676385999994764, 19.281232599997416 ], [ -103.675909080007798, 19.28178002024195 ], [ -103.675551140162497, 19.282509850155442 ], [ -103.675358029985503, 19.28284691996312 ], [ -103.674849579866518, 19.283500380074067 ], [ -103.674808740147085, 19.283610509736235 ], [ -103.674319779971881, 19.284372259783197 ], [ -103.673886969817048, 19.285290659655708 ], [ -103.673891999627685, 19.285586769972184 ], [ -103.673679219798501, 19.286379109753522 ], [ -103.673400740420846, 19.28661171962343 ], [ -103.673319080168554, 19.286755779850697 ], [ -103.672977800158122, 19.28739825973183 ], [ -103.67262381971598, 19.288060429746121 ], [ -103.671804200336481, 19.290234549622934 ], [ -103.671521140399165, 19.29082124957274 ], [ -103.67145377965474, 19.291063820083128 ], [ -103.671224890423872, 19.291577799732771 ], [ -103.671205179577697, 19.292274030338117 ], [ -103.671217620050598, 19.292540370228714 ], [ -103.671322420392485, 19.294785479988906 ], [ -103.671343260212979, 19.295327220117162 ], [ -103.671417150043851, 19.295899250384952 ], [ -103.671394379582196, 19.296173310007955 ], [ -103.671417940274068, 19.296498580270825 ], [ -103.671297889871056, 19.297010460053848 ], [ -103.671357630396713, 19.297191079630334 ], [ -103.67149690990054, 19.297703319814136 ], [ -103.671390260264232, 19.298039109907617 ], [ -103.671344429860582, 19.298200229917178 ], [ -103.670911770028638, 19.29903159964741 ], [ -103.670065520422853, 19.300664380370314 ], [ -103.669246860149187, 19.302060999920609 ], [ -103.669005820352581, 19.302493940208297 ], [ -103.668826029629955, 19.302885029654973 ], [ -103.668221380285047, 19.303763489596076 ], [ -103.667730879805248, 19.304376220360012 ], [ -103.667087859687015, 19.304808060136505 ], [ -103.666948829542605, 19.305298800304818 ], [ -103.666291310394357, 19.305759569758671 ], [ -103.66574195021353, 19.306092399971252 ], [ -103.665381829835297, 19.306684600329664 ], [ -103.664457089965012, 19.307923519659578 ], [ -103.664075859567092, 19.308741350319039 ], [ -103.663887060289582, 19.308908230323578 ], [ -103.663681430318817, 19.309259819997418 ], [ -103.663722050076672, 19.309695400047101 ], [ -103.663831750074991, 19.310082570336242 ], [ -103.664160829931589, 19.310462890309115 ], [ -103.66456034047215, 19.310748940044476 ], [ -103.6651066196724, 19.311099050350951 ], [ -103.665384860088707, 19.311457819846101 ], [ -103.665738370218776, 19.311883059992233 ], [ -103.665162120084702, 19.311970950378814 ], [ -103.664366779779101, 19.312089059832569 ], [ -103.6634026200298, 19.312212919761425 ], [ -103.662946150406725, 19.312342519688212 ], [ -103.662291940206245, 19.312295349846156 ], [ -103.661686229889199, 19.31231498000896 ], [ -103.661229509550182, 19.312421919756986 ], [ -103.660675020285424, 19.312963709784171 ], [ -103.660395950260948, 19.313729829635054 ], [ -103.660487320109127, 19.313843109818951 ], [ -103.660823079762253, 19.314259370424722 ], [ -103.661489539832004, 19.315304650148164 ], [ -103.661102570146767, 19.317218680292921 ], [ -103.660814769788516, 19.318594449636823 ], [ -103.662547650007212, 19.320509139746473 ], [ -103.663261879588745, 19.32051229221392 ], [ -103.664700479992163, 19.321116342142094 ], [ -103.668420650341062, 19.322334681777857 ], [ -103.668825519642411, 19.322434452033303 ], [ -103.669969420233556, 19.322768121938736 ], [ -103.670043369676719, 19.322793631610672 ], [ -103.672193380368043, 19.323467771880118 ], [ -103.674580219943465, 19.324214779956144 ], [ -103.676350000379728, 19.324771509655807 ], [ -103.678534750440164, 19.325458750447176 ], [ -103.678870879660579, 19.325608479922849 ], [ -103.679171460145753, 19.325760249954001 ], [ -103.678080860234701, 19.327326089917513 ], [ -103.67712089024792, 19.329580180046726 ], [ -103.675239290034639, 19.330620280197675 ], [ -103.675682600464441, 19.331745549741278 ], [ -103.674520380135931, 19.332460570272509 ], [ -103.674980969840419, 19.332895399574248 ], [ -103.674791890314964, 19.334204909777945 ], [ -103.674551949702149, 19.334871719889026 ], [ -103.674385849806598, 19.335722369791213 ], [ -103.674052779663668, 19.336733970362914 ], [ -103.674102170022607, 19.33710151028238 ], [ -103.673981199689408, 19.337354260325263 ], [ -103.673887230074428, 19.337629349682093 ], [ -103.673791709561016, 19.337855180275412 ], [ -103.673580549964981, 19.338284919554845 ], [ -103.673754740092633, 19.338299739563951 ], [ -103.676564053687812, 19.3384621811858 ], [ -103.676569740366361, 19.338462510367698 ], [ -103.676580014749675, 19.338470960539009 ], [ -103.676629819930298, 19.338511926886493 ], [ -103.676659449477143, 19.338536298590995 ], [ -103.67670272038356, 19.338571889801077 ], [ -103.677611279786959, 19.338779539810108 ], [ -103.677835859709461, 19.338372310273979 ], [ -103.67841840029115, 19.33806028955361 ], [ -103.678361090650668, 19.337966490976992 ], [ -103.678348790061847, 19.337946359145999 ], [ -103.678313225701757, 19.337888151218788 ], [ -103.678295880403283, 19.337859762197734 ], [ -103.678283940234493, 19.337840219774094 ], [ -103.678619199933792, 19.336690620411915 ], [ -103.679052999747768, 19.336083860174242 ], [ -103.678806310405577, 19.33561675038262 ], [ -103.682608480448451, 19.335450019762224 ], [ -103.682811749594663, 19.335399519949934 ], [ -103.684703689857997, 19.335456119856641 ], [ -103.687000449969375, 19.336294910269192 ], [ -103.687244250031668, 19.33638475020679 ], [ -103.690519799902148, 19.33780204992819 ], [ -103.689688149832278, 19.340034620191314 ], [ -103.688460250393263, 19.343012020264904 ], [ -103.687528279886351, 19.345141019594124 ], [ -103.687509350138328, 19.347463979755055 ], [ -103.686917153227554, 19.347392511306012 ], [ -103.686823201192581, 19.347381172707355 ], [ -103.686744629826165, 19.347371689939919 ], [ -103.686359379867923, 19.347325080268771 ], [ -103.685122719907696, 19.346273169687663 ], [ -103.683697269407944, 19.345582990861601 ], [ -103.683674774280917, 19.345572098849459 ], [ -103.681072519555499, 19.344312079996062 ], [ -103.678067060274671, 19.342852340241819 ], [ -103.678192659543384, 19.343518019645877 ], [ -103.677952979837329, 19.344437979757448 ], [ -103.677954720076485, 19.344966250427305 ], [ -103.677811090452991, 19.345471740390515 ], [ -103.676654019535846, 19.346302880060549 ], [ -103.676533970195464, 19.346785460045183 ], [ -103.676173290369789, 19.347338139634271 ], [ -103.676031290270245, 19.347820510286066 ], [ -103.675887029854991, 19.34811990970644 ], [ -103.675526919604977, 19.348718510272985 ], [ -103.675429249594302, 19.348925060169162 ], [ -103.675284910066054, 19.349063740030825 ], [ -103.675140369915752, 19.34933994987669 ], [ -103.675238920363043, 19.349591980010423 ], [ -103.675359649591911, 19.349706710103725 ], [ -103.675504510079449, 19.349843799555451 ], [ -103.675507049770701, 19.350050520447137 ], [ -103.675436090221496, 19.350257430385298 ], [ -103.67529154993106, 19.350533629871908 ], [ -103.675050710317038, 19.350741230050016 ], [ -103.67478397973629, 19.351017710167284 ], [ -103.674471340001375, 19.35136317965252 ], [ -103.674278489915466, 19.3515935399029 ], [ -103.673774909977212, 19.352789950237636 ], [ -103.673367109690744, 19.353549249752618 ], [ -103.673322800165337, 19.353718879948779 ], [ -103.673223079542055, 19.354100690013766 ], [ -103.671945889616836, 19.35557511000615 ], [ -103.67161093985851, 19.356127569748981 ], [ -103.671298510340705, 19.356725539925904 ], [ -103.671892649903285, 19.357691199887505 ], [ -103.672914980394182, 19.35839194001802 ], [ -103.67397341980849, 19.359584510237262 ], [ -103.674224020350806, 19.360548110003833 ], [ -103.674372679687906, 19.361146049964269 ], [ -103.673735249749157, 19.361624370160023 ], [ -103.67322047996656, 19.362671910451581 ], [ -103.672487630214221, 19.364163140379056 ], [ -103.673372540058367, 19.367811880303044 ], [ -103.674848230114392, 19.367875889617522 ], [ -103.67620948954611, 19.369501849587898 ], [ -103.67631504976049, 19.371637679817233 ], [ -103.676241279588737, 19.371768660066216 ], [ -103.674824920241122, 19.374283890170986 ], [ -103.678703420387691, 19.375648620239286 ], [ -103.679164220326371, 19.376242020233104 ], [ -103.679430289531496, 19.37652952017061 ], [ -103.679626220040561, 19.377165549895064 ], [ -103.679656350472825, 19.37767312039356 ], [ -103.679510920106466, 19.378281320365648 ], [ -103.679482049631957, 19.378402139681182 ], [ -103.678976709979281, 19.378842649643147 ], [ -103.678706050113092, 19.379189939599993 ], [ -103.678495399744392, 19.379350569843428 ], [ -103.678335279916524, 19.379472660166314 ], [ -103.678098800058706, 19.379883629685764 ], [ -103.677725630269308, 19.380357169580819 ], [ -103.677457019751856, 19.38064048008038 ], [ -103.677016429845025, 19.381145309765152 ], [ -103.676830460090315, 19.381397480165759 ], [ -103.676714059780195, 19.381555290276037 ], [ -103.676407150168259, 19.382061000109953 ], [ -103.676169920248981, 19.382567020356287 ], [ -103.675930400180064, 19.383041339738377 ], [ -103.675764380342258, 19.383351629545249 ], [ -103.675659749715692, 19.383547180374482 ], [ -103.675452739999031, 19.384180339880832 ], [ -103.67521382032615, 19.384781510037108 ], [ -103.674908949739887, 19.385223769735255 ], [ -103.674807169850709, 19.385506650320515 ], [ -103.674738169721564, 19.385698420275183 ], [ -103.674432919717873, 19.386108970055201 ], [ -103.674114080449769, 19.386578019753674 ], [ -103.673855520168786, 19.38683254040723 ], [ -103.673725429590363, 19.386960580141753 ], [ -103.673501309898271, 19.387369060349947 ], [ -103.673110219601071, 19.388020029605681 ], [ -103.673008140462017, 19.388647489684459 ], [ -103.673117019578953, 19.388961679709006 ], [ -103.673222750287508, 19.389407259648166 ], [ -103.673330379806387, 19.389774179987977 ], [ -103.673384980016507, 19.389944550251933 ], [ -103.673483819728972, 19.390216980438634 ], [ -103.673303459734527, 19.390438029899958 ], [ -103.673181750130581, 19.390542539690095 ], [ -103.672855179545849, 19.390822919583648 ], [ -103.672829769536577, 19.390754780224249 ], [ -103.672453290099398, 19.390963309995985 ], [ -103.671654459769883, 19.391945709732969 ], [ -103.670338660475124, 19.392988979887555 ], [ -103.670500520329014, 19.39330211027476 ], [ -103.67023671013051, 19.393209429671359 ], [ -103.669817029904237, 19.394017569873867 ], [ -103.669805220329351, 19.395318919724264 ], [ -103.66752871043839, 19.39295331033858 ], [ -103.665745379903711, 19.391100089679721 ], [ -103.66375951012634, 19.391564450238143 ], [ -103.661181859522245, 19.393604349785427 ], [ -103.661129800262529, 19.393262180347719 ], [ -103.661015179735685, 19.393024519769018 ], [ -103.660664720319204, 19.392863570419792 ], [ -103.660449660402165, 19.392688170187661 ], [ -103.660201569552129, 19.392465479884262 ], [ -103.659987280399591, 19.392353480033748 ], [ -103.65975313972038, 19.392335680394723 ], [ -103.659568479765497, 19.392460549600514 ], [ -103.659485970070904, 19.39250730979051 ], [ -103.659251829815659, 19.392490030332301 ], [ -103.659136460386918, 19.392268229605907 ], [ -103.659056619912448, 19.392141090408881 ], [ -103.658855140142037, 19.392060680269488 ], [ -103.658589680453559, 19.392058510038538 ], [ -103.658390860243145, 19.391962120361615 ], [ -103.658357230209873, 19.391788079630476 ], [ -103.658426740252239, 19.391615170427883 ], [ -103.658394060160333, 19.391441120255685 ], [ -103.658229419556719, 19.39125038026301 ], [ -103.658081200196861, 19.391075339941015 ], [ -103.657816489738735, 19.390899849597599 ], [ -103.65756687977705, 19.390787059793507 ], [ -103.657434720047036, 19.390675889929533 ], [ -103.657519489819478, 19.390423550165565 ], [ -103.657654679835886, 19.390155880093189 ], [ -103.657689420445536, 19.390029830305508 ], [ -103.657625230269701, 19.389855479915177 ], [ -103.657491740201252, 19.389712620211391 ], [ -103.657242120289297, 19.38960038011691 ], [ -103.656911340424429, 19.389486769816607 ], [ -103.656760659889457, 19.389422740219825 ], [ -103.656763509672487, 19.389264689770187 ], [ -103.656863180435025, 19.389060379877026 ], [ -103.656965519689194, 19.388839540155995 ], [ -103.656934179909157, 19.388618450080912 ], [ -103.656853569605374, 19.388427889678056 ], [ -103.656555259597056, 19.388236369735687 ], [ -103.656129999664046, 19.388046880133661 ], [ -103.655810450378283, 19.387443340284303 ], [ -103.655592769596552, 19.387052139936834 ], [ -103.655122049771833, 19.386578830082431 ], [ -103.654755050373083, 19.386468950009284 ], [ -103.654751949853292, 19.387000200247435 ], [ -103.654550080001457, 19.38743611978731 ], [ -103.654414059889035, 19.388029419788605 ], [ -103.654461830397153, 19.388423569641745 ], [ -103.654467089850428, 19.388700379934363 ], [ -103.654388910054706, 19.388944780091926 ], [ -103.654525369922112, 19.389173689603002 ], [ -103.654581450393167, 19.389467539689587 ], [ -103.65468296971504, 19.38972916964325 ], [ -103.654596149846441, 19.389891579635364 ], [ -103.654423370282757, 19.389972109777112 ], [ -103.654276650295017, 19.39007682989994 ], [ -103.654179980073607, 19.390214880260856 ], [ -103.654170889673779, 19.390410399922565 ], [ -103.654168689814881, 19.390622169923073 ], [ -103.654029169648595, 19.390768109633793 ], [ -103.653908690102625, 19.390832310120182 ], [ -103.653786950394775, 19.391028450153819 ], [ -103.653716950462339, 19.391161660244634 ], [ -103.653691850375694, 19.391295029559473 ], [ -103.653712290301996, 19.391563179730049 ], [ -103.653662750161303, 19.391808349592932 ], [ -103.653639000122467, 19.392053230072769 ], [ -103.653590709641961, 19.392164749749988 ], [ -103.653401910096974, 19.392185570159715 ], [ -103.653285139661747, 19.39216247993463 ], [ -103.653096080069787, 19.392161109618218 ], [ -103.65295337958851, 19.392204619576056 ], [ -103.65285871043082, 19.392270800278283 ], [ -103.652719149557626, 19.392336830379115 ], [ -103.652645200076066, 19.392536970073614 ], [ -103.652665229629193, 19.392849319558895 ], [ -103.652641879560278, 19.393050090224378 ], [ -103.65263777015727, 19.393340060338147 ], [ -103.652591089573619, 19.393585199951016 ], [ -103.652472550219841, 19.39365155000301 ], [ -103.652306540007444, 19.393583140409895 ], [ -103.65223777958559, 19.393582820300193 ], [ -103.652003290452697, 19.393536080151144 ], [ -103.651884479998373, 19.393579879782873 ], [ -103.651718179712333, 19.393645660395023 ], [ -103.651622539559654, 19.393868140444603 ], [ -103.651736419967506, 19.3942038497776 ], [ -103.651689459700165, 19.394426339786467 ], [ -103.651520399960887, 19.394893620322662 ], [ -103.651375920159509, 19.395182859722315 ], [ -103.651164149722376, 19.395436600187381 ], [ -103.651120420042616, 19.39552993992659 ], [ -103.651103549932984, 19.395714140377169 ], [ -103.651135260027644, 19.395965849597051 ], [ -103.651192450323137, 19.396193999983065 ], [ -103.651397249783116, 19.396546749917942 ], [ -103.652138999659059, 19.397635579961722 ], [ -103.653055139911572, 19.399166910441757 ], [ -103.653074740472391, 19.399225350148544 ], [ -103.653649579876571, 19.400939049763267 ], [ -103.653383319930796, 19.402837309924234 ], [ -103.652860120165144, 19.403090119597426 ], [ -103.650739510118854, 19.404114820086246 ], [ -103.648726179885287, 19.405418850310486 ], [ -103.64803291015258, 19.407072580408556 ], [ -103.648122630131255, 19.407620949567349 ], [ -103.648357019823735, 19.408050400357997 ], [ -103.646810709965507, 19.408785460065594 ], [ -103.647312950018062, 19.410124290255748 ], [ -103.647588200239895, 19.411126820186201 ], [ -103.648525550050735, 19.413321949651134 ], [ -103.648849080387293, 19.41384743034903 ], [ -103.649621249999669, 19.41380392014964 ], [ -103.649738510010735, 19.413797310075726 ], [ -103.650128630006364, 19.413775340165358 ], [ -103.649991370144136, 19.414341289595964 ], [ -103.650318289984384, 19.415324770298191 ], [ -103.650071799541664, 19.417842709900889 ], [ -103.649830019798046, 19.417894860443738 ], [ -103.649717450163578, 19.418809649738183 ], [ -103.649884119826979, 19.418940650337134 ], [ -103.649770619839458, 19.419280340241936 ], [ -103.649764370163894, 19.419392399792674 ], [ -103.649728650131422, 19.420032939891232 ], [ -103.649391939559976, 19.420868830354287 ], [ -103.649457950392772, 19.421472780080272 ], [ -103.649462999752373, 19.422143830425977 ], [ -103.649231449884667, 19.422643349794026 ], [ -103.649193770000025, 19.423170539882104 ], [ -103.648486050195714, 19.423933050049563 ], [ -103.64824409011598, 19.425650939576514 ], [ -103.648520920471498, 19.426861219955533 ], [ -103.647917999996679, 19.427078740163921 ], [ -103.64768854017359, 19.428111150180193 ], [ -103.64767105047558, 19.428191520373172 ], [ -103.649886820381624, 19.428201509718146 ], [ -103.652205109635489, 19.428117660099083 ], [ -103.655870999846002, 19.429145709572907 ], [ -103.656752527438499, 19.429168418271246 ], [ -103.653063095970765, 19.432651272910071 ], [ -103.653136138143594, 19.432755385370093 ], [ -103.653745692170418, 19.432961984743088 ], [ -103.653762969220892, 19.432967845574026 ], [ -103.654792984588809, 19.432794768762161 ], [ -103.655673461670844, 19.432277246438939 ], [ -103.656400062002788, 19.431939292268041 ], [ -103.656827585367566, 19.432068938445266 ], [ -103.657253014792175, 19.432451584919377 ], [ -103.657335722961008, 19.432473399716336 ], [ -103.658048123027982, 19.432661308095387 ], [ -103.658098815449861, 19.432674676587315 ], [ -103.658134399873347, 19.432669584676447 ], [ -103.658937922980812, 19.432554385379248 ], [ -103.659282077258183, 19.432410507949655 ], [ -103.659511338373889, 19.432314676933093 ], [ -103.659835214634199, 19.432193537636355 ], [ -103.660103631092582, 19.432093154093497 ], [ -103.660277985422425, 19.432072123008332 ], [ -103.660456368717263, 19.432050585371808 ], [ -103.660795900470887, 19.431876899394634 ], [ -103.66081444572275, 19.431357508424586 ], [ -103.660975553831619, 19.430292523086305 ], [ -103.661375272322175, 19.429287417155482 ], [ -103.662733339948772, 19.429322350003755 ], [ -103.665443549895045, 19.42992731044508 ], [ -103.666667799814476, 19.430071289751172 ], [ -103.667534909889199, 19.430142090025495 ], [ -103.669182119990822, 19.430276229969412 ], [ -103.672283450228704, 19.430683119863307 ], [ -103.673472259650353, 19.431439030380218 ], [ -103.672305909647449, 19.43460897009853 ], [ -103.672210340446483, 19.437322630194537 ], [ -103.672033000222072, 19.440379169967244 ], [ -103.672173060036798, 19.441672770426003 ], [ -103.674807079922417, 19.442892279801285 ], [ -103.674820570271109, 19.444559369986553 ], [ -103.674825379769459, 19.445154480139394 ], [ -103.670859279710371, 19.445368799887515 ], [ -103.670599200239181, 19.446357049895056 ], [ -103.669860319786267, 19.450127179756077 ], [ -103.66829842040309, 19.45385378017793 ], [ -103.669878519907485, 19.456123600431873 ], [ -103.668810089890002, 19.462237969897732 ], [ -103.666665310344456, 19.462848319854345 ], [ -103.660538860114329, 19.464556950164127 ], [ -103.660514720434279, 19.466649150235902 ], [ -103.660274689966116, 19.466639230172131 ], [ -103.654497950244959, 19.466400230153013 ], [ -103.654056509836934, 19.466627689830144 ], [ -103.647163770230321, 19.470168800243606 ], [ -103.646303120149355, 19.470494119601703 ], [ -103.645916910309097, 19.470552149633576 ], [ -103.64308492046159, 19.471393379809061 ], [ -103.645989519880246, 19.476157919883377 ], [ -103.638565770409826, 19.480089549838485 ], [ -103.637293739908927, 19.479025580295957 ], [ -103.636683399683406, 19.47610263013425 ], [ -103.637217889787806, 19.472725569954186 ], [ -103.637374109997708, 19.470781370340916 ], [ -103.636299310394662, 19.467840280085966 ], [ -103.635284110170602, 19.468820149597782 ], [ -103.635089020090106, 19.469836020141685 ], [ -103.634853459744278, 19.471539779767046 ], [ -103.631886030202651, 19.473999659802612 ], [ -103.63067077036925, 19.474634549947776 ], [ -103.630083180257131, 19.475047000074664 ], [ -103.628123980451576, 19.483960089636224 ], [ -103.626737229542741, 19.483752980058302 ], [ -103.626030679904659, 19.486076120302666 ], [ -103.612445599622589, 19.488858949896297 ], [ -103.612479229995103, 19.488632060279002 ] ] ] } },
{ "type": "Feature", "properties": { "CVEGEO": "06010", "CVE_ENT": "06", "CVE_MUN": "010", "NOMGEO": "Villa de Álvarez" }, "geometry": { "type": "Polygon", "coordinates": [ [ [ -103.655870999846002, 19.429145709572907 ], [ -103.652205109635489, 19.428117660099083 ], [ -103.649886820381624, 19.428201509718146 ], [ -103.64767105047558, 19.428191520373172 ], [ -103.64768854017359, 19.428111150180193 ], [ -103.647917999996679, 19.427078740163921 ], [ -103.648520920471498, 19.426861219955533 ], [ -103.64824409011598, 19.425650939576514 ], [ -103.648486050195714, 19.423933050049563 ], [ -103.649193770000025, 19.423170539882104 ], [ -103.649231449884667, 19.422643349794026 ], [ -103.649462999752373, 19.422143830425977 ], [ -103.649457950392772, 19.421472780080272 ], [ -103.649391939559976, 19.420868830354287 ], [ -103.649728650131422, 19.420032939891232 ], [ -103.649764370163894, 19.419392399792674 ], [ -103.649770619839458, 19.419280340241936 ], [ -103.649884119826979, 19.418940650337134 ], [ -103.649717450163578, 19.418809649738183 ], [ -103.649830019798046, 19.417894860443738 ], [ -103.650071799541664, 19.417842709900889 ], [ -103.650318289984384, 19.415324770298191 ], [ -103.649991370144136, 19.414341289595964 ], [ -103.650128630006364, 19.413775340165358 ], [ -103.649738510010735, 19.413797310075726 ], [ -103.649621249999669, 19.41380392014964 ], [ -103.648849080387293, 19.41384743034903 ], [ -103.648525550050735, 19.413321949651134 ], [ -103.647588200239895, 19.411126820186201 ], [ -103.647312950018062, 19.410124290255748 ], [ -103.646810709965507, 19.408785460065594 ], [ -103.648357019823735, 19.408050400357997 ], [ -103.648122630131255, 19.407620949567349 ], [ -103.64803291015258, 19.407072580408556 ], [ -103.648726179885287, 19.405418850310486 ], [ -103.650739510118854, 19.404114820086246 ], [ -103.652860120165144, 19.403090119597426 ], [ -103.653383319930796, 19.402837309924234 ], [ -103.653649579876571, 19.400939049763267 ], [ -103.653074740472391, 19.399225350148544 ], [ -103.653055139911572, 19.399166910441757 ], [ -103.652138999659059, 19.397635579961722 ], [ -103.651397249783116, 19.396546749917942 ], [ -103.651192450323137, 19.396193999983065 ], [ -103.651135260027644, 19.395965849597051 ], [ -103.651103549932984, 19.395714140377169 ], [ -103.651120420042616, 19.39552993992659 ], [ -103.651164149722376, 19.395436600187381 ], [ -103.651375920159509, 19.395182859722315 ], [ -103.651520399960887, 19.394893620322662 ], [ -103.651689459700165, 19.394426339786467 ], [ -103.651736419967506, 19.3942038497776 ], [ -103.651622539559654, 19.393868140444603 ], [ -103.651718179712333, 19.393645660395023 ], [ -103.651884479998373, 19.393579879782873 ], [ -103.652003290452697, 19.393536080151144 ], [ -103.65223777958559, 19.393582820300193 ], [ -103.652306540007444, 19.393583140409895 ], [ -103.652472550219841, 19.39365155000301 ], [ -103.652591089573619, 19.393585199951016 ], [ -103.65263777015727, 19.393340060338147 ], [ -103.652641879560278, 19.393050090224378 ], [ -103.652665229629193, 19.392849319558895 ], [ -103.652645200076066, 19.392536970073614 ], [ -103.652719149557626, 19.392336830379115 ], [ -103.65285871043082, 19.392270800278283 ], [ -103.65295337958851, 19.392204619576056 ], [ -103.653096080069787, 19.392161109618218 ], [ -103.653285139661747, 19.39216247993463 ], [ -103.653401910096974, 19.392185570159715 ], [ -103.653590709641961, 19.392164749749988 ], [ -103.653639000122467, 19.392053230072769 ], [ -103.653662750161303, 19.391808349592932 ], [ -103.653712290301996, 19.391563179730049 ], [ -103.653691850375694, 19.391295029559473 ], [ -103.653716950462339, 19.391161660244634 ], [ -103.653786950394775, 19.391028450153819 ], [ -103.653908690102625, 19.390832310120182 ], [ -103.654029169648595, 19.390768109633793 ], [ -103.654168689814881, 19.390622169923073 ], [ -103.654170889673779, 19.390410399922565 ], [ -103.654179980073607, 19.390214880260856 ], [ -103.654276650295017, 19.39007682989994 ], [ -103.654423370282757, 19.389972109777112 ], [ -103.654596149846441, 19.389891579635364 ], [ -103.65468296971504, 19.38972916964325 ], [ -103.654581450393167, 19.389467539689587 ], [ -103.654525369922112, 19.389173689603002 ], [ -103.654388910054706, 19.388944780091926 ], [ -103.654467089850428, 19.388700379934363 ], [ -103.654461830397153, 19.388423569641745 ], [ -103.654414059889035, 19.388029419788605 ], [ -103.654550080001457, 19.38743611978731 ], [ -103.654751949853292, 19.387000200247435 ], [ -103.654755050373083, 19.386468950009284 ], [ -103.655122049771833, 19.386578830082431 ], [ -103.655592769596552, 19.387052139936834 ], [ -103.655810450378283, 19.387443340284303 ], [ -103.656129999664046, 19.388046880133661 ], [ -103.656555259597056, 19.388236369735687 ], [ -103.656853569605374, 19.388427889678056 ], [ -103.656934179909157, 19.388618450080912 ], [ -103.656965519689194, 19.388839540155995 ], [ -103.656863180435025, 19.389060379877026 ], [ -103.656763509672487, 19.389264689770187 ], [ -103.656760659889457, 19.389422740219825 ], [ -103.656911340424429, 19.389486769816607 ], [ -103.657242120289297, 19.38960038011691 ], [ -103.657491740201252, 19.389712620211391 ], [ -103.657625230269701, 19.389855479915177 ], [ -103.657689420445536, 19.390029830305508 ], [ -103.657654679835886, 19.390155880093189 ], [ -103.657519489819478, 19.390423550165565 ], [ -103.657434720047036, 19.390675889929533 ], [ -103.65756687977705, 19.390787059793507 ], [ -103.657816489738735, 19.390899849597599 ], [ -103.658081200196861, 19.391075339941015 ], [ -103.658229419556719, 19.39125038026301 ], [ -103.658394060160333, 19.391441120255685 ], [ -103.658426740252239, 19.391615170427883 ], [ -103.658357230209873, 19.391788079630476 ], [ -103.658390860243145, 19.391962120361615 ], [ -103.658589680453559, 19.392058510038538 ], [ -103.658855140142037, 19.392060680269488 ], [ -103.659056619912448, 19.392141090408881 ], [ -103.659136460386918, 19.392268229605907 ], [ -103.659251829815659, 19.392490030332301 ], [ -103.659485970070904, 19.39250730979051 ], [ -103.659568479765497, 19.392460549600514 ], [ -103.65975313972038, 19.392335680394723 ], [ -103.659987280399591, 19.392353480033748 ], [ -103.660201569552129, 19.392465479884262 ], [ -103.660449660402165, 19.392688170187661 ], [ -103.660664720319204, 19.392863570419792 ], [ -103.661015179735685, 19.393024519769018 ], [ -103.661129800262529, 19.393262180347719 ], [ -103.661181859522245, 19.393604349785427 ], [ -103.66375951012634, 19.391564450238143 ], [ -103.665745379903711, 19.391100089679721 ], [ -103.66752871043839, 19.39295331033858 ], [ -103.669805220329351, 19.395318919724264 ], [ -103.669817029904237, 19.394017569873867 ], [ -103.67023671013051, 19.393209429671359 ], [ -103.670500520329014, 19.39330211027476 ], [ -103.670338660475124, 19.392988979887555 ], [ -103.671654459769883, 19.391945709732969 ], [ -103.672453290099398, 19.390963309995985 ], [ -103.672829769536577, 19.390754780224249 ], [ -103.672855179545849, 19.390822919583648 ], [ -103.673181750130581, 19.390542539690095 ], [ -103.673303459734527, 19.390438029899958 ], [ -103.673483819728972, 19.390216980438634 ], [ -103.673384980016507, 19.389944550251933 ], [ -103.673330379806387, 19.389774179987977 ], [ -103.673222750287508, 19.389407259648166 ], [ -103.673117019578953, 19.388961679709006 ], [ -103.673008140462017, 19.388647489684459 ], [ -103.673110219601071, 19.388020029605681 ], [ -103.673501309898271, 19.387369060349947 ], [ -103.673725429590363, 19.386960580141753 ], [ -103.673855520168786, 19.38683254040723 ], [ -103.674114080449769, 19.386578019753674 ], [ -103.674432919717873, 19.386108970055201 ], [ -103.674738169721564, 19.385698420275183 ], [ -103.674807169850709, 19.385506650320515 ], [ -103.674908949739887, 19.385223769735255 ], [ -103.67521382032615, 19.384781510037108 ], [ -103.675452739999031, 19.384180339880832 ], [ -103.675659749715692, 19.383547180374482 ], [ -103.675764380342258, 19.383351629545249 ], [ -103.675930400180064, 19.383041339738377 ], [ -103.676169920248981, 19.382567020356287 ], [ -103.676407150168259, 19.382061000109953 ], [ -103.676714059780195, 19.381555290276037 ], [ -103.676830460090315, 19.381397480165759 ], [ -103.677016429845025, 19.381145309765152 ], [ -103.677457019751856, 19.38064048008038 ], [ -103.677725630269308, 19.380357169580819 ], [ -103.678098800058706, 19.379883629685764 ], [ -103.678335279916524, 19.379472660166314 ], [ -103.678495399744392, 19.379350569843428 ], [ -103.678706050113092, 19.379189939599993 ], [ -103.678976709979281, 19.378842649643147 ], [ -103.679482049631957, 19.378402139681182 ], [ -103.679510920106466, 19.378281320365648 ], [ -103.679656350472825, 19.37767312039356 ], [ -103.679626220040561, 19.377165549895064 ], [ -103.679430289531496, 19.37652952017061 ], [ -103.679164220326371, 19.376242020233104 ], [ -103.678703420387691, 19.375648620239286 ], [ -103.674824920241122, 19.374283890170986 ], [ -103.676241279588737, 19.371768660066216 ], [ -103.67631504976049, 19.371637679817233 ], [ -103.67620948954611, 19.369501849587898 ], [ -103.674848230114392, 19.367875889617522 ], [ -103.673372540058367, 19.367811880303044 ], [ -103.672487630214221, 19.364163140379056 ], [ -103.67322047996656, 19.362671910451581 ], [ -103.673735249749157, 19.361624370160023 ], [ -103.674372679687906, 19.361146049964269 ], [ -103.674224020350806, 19.360548110003833 ], [ -103.67397341980849, 19.359584510237262 ], [ -103.672914980394182, 19.35839194001802 ], [ -103.671892649903285, 19.357691199887505 ], [ -103.671298510340705, 19.356725539925904 ], [ -103.67161093985851, 19.356127569748981 ], [ -103.671945889616836, 19.35557511000615 ], [ -103.673223079542055, 19.354100690013766 ], [ -103.673322800165337, 19.353718879948779 ], [ -103.673367109690744, 19.353549249752618 ], [ -103.673774909977212, 19.352789950237636 ], [ -103.674278489915466, 19.3515935399029 ], [ -103.674471340001375, 19.35136317965252 ], [ -103.67478397973629, 19.351017710167284 ], [ -103.675050710317038, 19.350741230050016 ], [ -103.67529154993106, 19.350533629871908 ], [ -103.675436090221496, 19.350257430385298 ], [ -103.675507049770701, 19.350050520447137 ], [ -103.675504510079449, 19.349843799555451 ], [ -103.675359649591911, 19.349706710103725 ], [ -103.675238920363043, 19.349591980010423 ], [ -103.675140369915752, 19.34933994987669 ], [ -103.675284910066054, 19.349063740030825 ], [ -103.675429249594302, 19.348925060169162 ], [ -103.675526919604977, 19.348718510272985 ], [ -103.675887029854991, 19.34811990970644 ], [ -103.676031290270245, 19.347820510286066 ], [ -103.676173290369789, 19.347338139634271 ], [ -103.676533970195464, 19.346785460045183 ], [ -103.676654019535846, 19.346302880060549 ], [ -103.677811090452991, 19.345471740390515 ], [ -103.677954720076485, 19.344966250427305 ], [ -103.677952979837329, 19.344437979757448 ], [ -103.678192659543384, 19.343518019645877 ], [ -103.678067060274671, 19.342852340241819 ], [ -103.681072519555499, 19.344312079996062 ], [ -103.683674774280917, 19.345572098849459 ], [ -103.683697269407944, 19.345582990861601 ], [ -103.685122719907696, 19.346273169687663 ], [ -103.686359379867923, 19.347325080268771 ], [ -103.686744629826165, 19.347371689939919 ], [ -103.686823201192581, 19.347381172707355 ], [ -103.686917153227554, 19.347392511306012 ], [ -103.687509350138328, 19.347463979755055 ], [ -103.687528279886351, 19.345141019594124 ], [ -103.688460250393263, 19.343012020264904 ], [ -103.689688149832278, 19.340034620191314 ], [ -103.690519799902148, 19.33780204992819 ], [ -103.687244250031668, 19.33638475020679 ], [ -103.687000449969375, 19.336294910269192 ], [ -103.684703689857997, 19.335456119856641 ], [ -103.682811749594663, 19.335399519949934 ], [ -103.682608480448451, 19.335450019762224 ], [ -103.678806310405577, 19.33561675038262 ], [ -103.679052999747768, 19.336083860174242 ], [ -103.678619199933792, 19.336690620411915 ], [ -103.678283940234493, 19.337840219774094 ], [ -103.678295880403283, 19.337859762197734 ], [ -103.678313225701757, 19.337888151218788 ], [ -103.678348790061847, 19.337946359145999 ], [ -103.678361090650668, 19.337966490976992 ], [ -103.67841840029115, 19.33806028955361 ], [ -103.677835859709461, 19.338372310273979 ], [ -103.677611279786959, 19.338779539810108 ], [ -103.67670272038356, 19.338571889801077 ], [ -103.676659449477143, 19.338536298590995 ], [ -103.676629819930298, 19.338511926886493 ], [ -103.676580014749675, 19.338470960539009 ], [ -103.676569740366361, 19.338462510367698 ], [ -103.676564053687812, 19.3384621811858 ], [ -103.673754740092633, 19.338299739563951 ], [ -103.673580549964981, 19.338284919554845 ], [ -103.673791709561016, 19.337855180275412 ], [ -103.673887230074428, 19.337629349682093 ], [ -103.673981199689408, 19.337354260325263 ], [ -103.674102170022607, 19.33710151028238 ], [ -103.674052779663668, 19.336733970362914 ], [ -103.674385849806598, 19.335722369791213 ], [ -103.674551949702149, 19.334871719889026 ], [ -103.674791890314964, 19.334204909777945 ], [ -103.674980969840419, 19.332895399574248 ], [ -103.674520380135931, 19.332460570272509 ], [ -103.675682600464441, 19.331745549741278 ], [ -103.675239290034639, 19.330620280197675 ], [ -103.67712089024792, 19.329580180046726 ], [ -103.678080860234701, 19.327326089917513 ], [ -103.679171460145753, 19.325760249954001 ], [ -103.67942649010017, 19.32539221977132 ], [ -103.679839580447791, 19.32484005988599 ], [ -103.68022637958542, 19.324632459619824 ], [ -103.680371110408217, 19.324218630186706 ], [ -103.680466000179464, 19.32394242981113 ], [ -103.680442349917811, 19.323805090143637 ], [ -103.680392090175957, 19.323598449697226 ], [ -103.680512740466028, 19.323322420446203 ], [ -103.680658680265523, 19.323161170365967 ], [ -103.681164949913907, 19.32281526045286 ], [ -103.681794250205527, 19.322538089713262 ], [ -103.682374570025061, 19.322238369905222 ], [ -103.682687510208183, 19.32207688974308 ], [ -103.683269049579266, 19.322029650107471 ], [ -103.68351104959261, 19.322075049868474 ], [ -103.683849819720137, 19.322074179584543 ], [ -103.683947429649706, 19.322096830398003 ], [ -103.683703199883837, 19.321408220060622 ], [ -103.684732650265502, 19.317454650264075 ], [ -103.685039073452444, 19.316758994008907 ], [ -103.685634310414514, 19.315778843997247 ], [ -103.685634646151655, 19.315778291243522 ], [ -103.685914964238009, 19.314614259738324 ], [ -103.686257215248958, 19.314443969243019 ], [ -103.686721490216797, 19.313873035771856 ], [ -103.687519796611483, 19.313333641362256 ], [ -103.687762442121794, 19.313231012343973 ], [ -103.687979218153032, 19.313185609171875 ], [ -103.688789499632307, 19.312375461119828 ], [ -103.689996384915375, 19.312193908160285 ], [ -103.690786261248206, 19.312199585143681 ], [ -103.691373555404539, 19.31185188068968 ], [ -103.692039660239871, 19.311876332034061 ], [ -103.692462426948609, 19.311585846914795 ], [ -103.693314720369045, 19.310153723968096 ], [ -103.693824459534085, 19.309811024710172 ], [ -103.694179767113397, 19.309449607851526 ], [ -103.694325838675184, 19.308963416802271 ], [ -103.695112595024753, 19.3079945710681 ], [ -103.695215010270786, 19.307555028616314 ], [ -103.695687862011013, 19.307364522569461 ], [ -103.696385905897557, 19.307078394101204 ], [ -103.697333166173621, 19.306325651649317 ], [ -103.698108549088701, 19.305227562019578 ], [ -103.698149314334785, 19.304764097465505 ], [ -103.697940638306108, 19.30456888727986 ], [ -103.698234471326344, 19.304160060105559 ], [ -103.698541675896053, 19.303690690333884 ], [ -103.698671747475771, 19.302813001979224 ], [ -103.6994682034546, 19.301392187286172 ], [ -103.699615385243916, 19.301718231035998 ], [ -103.700463958224077, 19.300563231732902 ], [ -103.700972417672361, 19.299871163919942 ], [ -103.701667249991587, 19.298925423162686 ], [ -103.702010261139279, 19.298140500432961 ], [ -103.702643406761567, 19.297822132373916 ], [ -103.703992222676433, 19.297696693936981 ], [ -103.704764538125019, 19.296977187239833 ], [ -103.705415344999011, 19.296770470549944 ], [ -103.705789653102528, 19.29634458858504 ], [ -103.706091156811411, 19.295742079483478 ], [ -103.706915981771999, 19.295419183466098 ], [ -103.707189246838098, 19.295262619161004 ], [ -103.707463801177127, 19.294941692778114 ], [ -103.708020527160912, 19.294904541194857 ], [ -103.708702814853936, 19.294554276616832 ], [ -103.709086554359786, 19.294159414850107 ], [ -103.709410076832711, 19.293523092870803 ], [ -103.709934745374582, 19.292053339914069 ], [ -103.710134919880403, 19.291755365511612 ], [ -103.710136463320708, 19.290769155795061 ], [ -103.7103935159667, 19.290313082652471 ], [ -103.710697863012129, 19.29013325077532 ], [ -103.710723234229832, 19.290051244211476 ], [ -103.710731392576548, 19.289798876389714 ], [ -103.710445432885606, 19.289209820955765 ], [ -103.711202580144842, 19.288198728527753 ], [ -103.71112802561035, 19.287306771289067 ], [ -103.711608399446078, 19.286799866363701 ], [ -103.711727143957589, 19.286588942338209 ], [ -103.711559339269812, 19.285827984854343 ], [ -103.711499090419991, 19.284920149470185 ], [ -103.711994273220867, 19.284627596361599 ], [ -103.712086062834743, 19.284172882061544 ], [ -103.712284696224799, 19.284142196064611 ], [ -103.712303850762012, 19.283992435746878 ], [ -103.712479603931101, 19.283653193081562 ], [ -103.712760126214761, 19.283355780780656 ], [ -103.712864650279286, 19.283314112511405 ], [ -103.713043940306349, 19.283428225313976 ], [ -103.713322214276289, 19.283418444669174 ], [ -103.713466276065631, 19.283178773341376 ], [ -103.713517840119692, 19.282909100083678 ], [ -103.713471227404327, 19.28254480858855 ], [ -103.713485333009018, 19.282321833977377 ], [ -103.713515900129465, 19.28214645809302 ], [ -103.71354875600619, 19.282116816875092 ], [ -103.713771841442963, 19.282049117403105 ], [ -103.71398411936795, 19.282082379043139 ], [ -103.714080618949026, 19.282091210023982 ], [ -103.714219278744935, 19.28205522853554 ], [ -103.714291692791534, 19.281979017802641 ], [ -103.714274123423024, 19.281853060727034 ], [ -103.714614946065893, 19.281749791614946 ], [ -103.714827552980012, 19.2814401579964 ], [ -103.71486166718914, 19.281029471073776 ], [ -103.71490672582182, 19.280800843799607 ], [ -103.715118781931281, 19.280561649642706 ], [ -103.715182934400389, 19.280262711098427 ], [ -103.715074547411092, 19.279892115457304 ], [ -103.714898345837739, 19.279497561142847 ], [ -103.715049710359722, 19.279153504615287 ], [ -103.715192066785605, 19.279091635453955 ], [ -103.715311074411744, 19.278892879264383 ], [ -103.715374173013799, 19.2787289518545 ], [ -103.715344820198823, 19.278529153034956 ], [ -103.715252965709922, 19.27841696951246 ], [ -103.71526637081837, 19.278378296827864 ], [ -103.715284377591885, 19.278352617063785 ], [ -103.715409154354475, 19.278206734412361 ], [ -103.715478845621206, 19.277990020619942 ], [ -103.715567264295871, 19.277749956141012 ], [ -103.715568133632488, 19.27763842542684 ], [ -103.715120674356854, 19.277148037668763 ], [ -103.715072732513335, 19.276953978167313 ], [ -103.715124931213296, 19.276602122705377 ], [ -103.715194851547793, 19.276356057965664 ], [ -103.715270357302487, 19.276186348133749 ], [ -103.715513478296302, 19.276023298902999 ], [ -103.715512856788152, 19.276006070966179 ], [ -103.71537306107858, 19.275699828764129 ], [ -103.71542284025557, 19.2753431328081 ], [ -103.715555848475844, 19.275249093871146 ], [ -103.71582884236939, 19.27512186442403 ], [ -103.715909842999565, 19.275040248183625 ], [ -103.715904439123037, 19.274940413755051 ], [ -103.715880490170832, 19.274840448515675 ], [ -103.716193499227018, 19.274337795229751 ], [ -103.716670845726625, 19.274165036360486 ], [ -103.71725891043252, 19.274063498113506 ], [ -103.71767540024986, 19.273767031112207 ], [ -103.718372747288186, 19.273126179987838 ], [ -103.718896735574205, 19.272519333175474 ], [ -103.719116050855348, 19.272139295388364 ], [ -103.719149649318922, 19.271793177243335 ], [ -103.71958722744823, 19.271168111797586 ], [ -103.719991571252649, 19.270842201469804 ], [ -103.720155650884124, 19.270410116131362 ], [ -103.720431412711122, 19.269924803872673 ], [ -103.720534073401183, 19.269692461348381 ], [ -103.730149146370039, 19.25716747826106 ], [ -103.731113796118876, 19.256872535373933 ], [ -103.73219903043838, 19.256552379989024 ], [ -103.73272504888854, 19.254833483679221 ], [ -103.733786767349997, 19.255116525442116 ], [ -103.735894786808956, 19.25574827118843 ], [ -103.737408126574564, 19.256437577925393 ], [ -103.737324257892155, 19.25626982012016 ], [ -103.73731840752707, 19.256189998466123 ], [ -103.737345427977914, 19.256036760960509 ], [ -103.737437720143703, 19.255798055142357 ], [ -103.73756901683258, 19.255528934481511 ], [ -103.737654377816639, 19.255351550401656 ], [ -103.73772672242103, 19.255186350883907 ], [ -103.737798878325336, 19.255045698692324 ], [ -103.737904233696725, 19.25478867212448 ], [ -103.737946708211268, 19.254625040237723 ], [ -103.738005972863718, 19.254446146512691 ], [ -103.73803052216779, 19.254329269324586 ], [ -103.738038813684511, 19.254089984052388 ], [ -103.738066255543572, 19.253881515167212 ], [ -103.738086578690201, 19.253758916162269 ], [ -103.738113269383533, 19.253648634656873 ], [ -103.738198535203139, 19.253483523838842 ], [ -103.738296488415514, 19.25334918590756 ], [ -103.738524514848748, 19.25310527857096 ], [ -103.738706371840294, 19.252983792847171 ], [ -103.738771549129495, 19.252910598291351 ], [ -103.776107552133567, 19.236998095712501 ], [ -103.781395807675338, 19.241514034212138 ], [ -103.781409260326143, 19.241503459669989 ], [ -103.781686860371479, 19.241581080379088 ], [ -103.785576179643442, 19.243629890298784 ], [ -103.791308059605768, 19.246649020356681 ], [ -103.791268570138527, 19.246696539737659 ], [ -103.791106779847084, 19.246891200234991 ], [ -103.790934419590982, 19.247191510178858 ], [ -103.79046567989063, 19.247559600250881 ], [ -103.790034349701273, 19.247886999585376 ], [ -103.789964420188497, 19.247848599953635 ], [ -103.789773889538196, 19.247910119900542 ], [ -103.786948689665351, 19.248765370083945 ], [ -103.78477264952528, 19.249453909795719 ], [ -103.784699650292396, 19.249486620098342 ], [ -103.784615520226282, 19.24952429031573 ], [ -103.784561829826842, 19.249548340317045 ], [ -103.782411880072118, 19.250511310167944 ], [ -103.782256030224502, 19.250764649660322 ], [ -103.781910880260938, 19.250746170030897 ], [ -103.781264350310934, 19.252744020391329 ], [ -103.782659230265935, 19.252700889898577 ], [ -103.788098430460124, 19.251984859874103 ], [ -103.7883283501899, 19.251781549667029 ], [ -103.788477939610331, 19.251827780337582 ], [ -103.788665080471006, 19.251939400030711 ], [ -103.789088569814339, 19.252236109839675 ], [ -103.789556889712088, 19.252532290009018 ], [ -103.789868939609718, 19.252718119919511 ], [ -103.789993749761749, 19.252799090407805 ], [ -103.790330509555488, 19.253003980049186 ], [ -103.790643780245389, 19.253282650038241 ], [ -103.791224429796912, 19.254059689749091 ], [ -103.791295090388189, 19.254104090158968 ], [ -103.791566420275146, 19.254377019983796 ], [ -103.791854750265983, 19.254540149639251 ], [ -103.792360710171295, 19.25475331019905 ], [ -103.792959280464018, 19.254987259628408 ], [ -103.793340320188364, 19.255179980275365 ], [ -103.793560219568846, 19.255337050133114 ], [ -103.793808399980449, 19.255605859574601 ], [ -103.794216920007031, 19.256131350413064 ], [ -103.794251710291405, 19.256319420031069 ], [ -103.79422199957159, 19.256517019756203 ], [ -103.79389927996661, 19.257248450199427 ], [ -103.793780369601009, 19.257683800418775 ], [ -103.793812479889937, 19.257829979982347 ], [ -103.794033430161235, 19.257970079668951 ], [ -103.79884032016831, 19.261308540233383 ], [ -103.801212819796277, 19.264521910037086 ], [ -103.801356630393386, 19.26431972003947 ], [ -103.802061200339381, 19.264605799951305 ], [ -103.803483920073575, 19.263351629921733 ], [ -103.804023489830357, 19.262865230407652 ], [ -103.804699859736488, 19.262255489591684 ], [ -103.805053950291637, 19.262107000193083 ], [ -103.805046339820137, 19.261990379764256 ], [ -103.805673849761263, 19.261505369743094 ], [ -103.806038260153315, 19.261340680360693 ], [ -103.806391820469301, 19.261198599930349 ], [ -103.806625400257971, 19.261029799550325 ], [ -103.806667090169029, 19.260765400021288 ], [ -103.807319089923922, 19.260757820008791 ], [ -103.808059140338813, 19.259762829675648 ], [ -103.808335829552718, 19.259390820390202 ], [ -103.80851049029468, 19.258920719547351 ], [ -103.808763109932215, 19.258698650356422 ], [ -103.80915248966113, 19.257929779905147 ], [ -103.809085910077755, 19.257265030314532 ], [ -103.809783029938785, 19.256430050376064 ], [ -103.810110310424818, 19.255779689559763 ], [ -103.810373479889421, 19.254686429909629 ], [ -103.810514399645768, 19.254388539877542 ], [ -103.810932979903868, 19.253997739588577 ], [ -103.811176279983229, 19.253720659952844 ], [ -103.811332919783013, 19.253450150059084 ], [ -103.811751340297775, 19.252968280039248 ], [ -103.81206270984508, 19.253198080260219 ], [ -103.812362349789325, 19.253421400403454 ], [ -103.813451309723106, 19.253860850085665 ], [ -103.817080850121116, 19.254106999713933 ], [ -103.820358819753906, 19.254330940263319 ], [ -103.821620659828142, 19.254466480163302 ], [ -103.821800139913407, 19.254478169703255 ], [ -103.821868289638786, 19.254482619809433 ], [ -103.822196170208585, 19.254438649973917 ], [ -103.822744520351861, 19.254380650179645 ], [ -103.823357660213475, 19.254319539719226 ], [ -103.82409428018876, 19.254250800440026 ], [ -103.824481219923484, 19.254250220395317 ], [ -103.82486131976394, 19.254313650378364 ], [ -103.825162769590619, 19.25440269045334 ], [ -103.826342089692332, 19.254717119639118 ], [ -103.826457080002697, 19.254749219904809 ], [ -103.827552629797864, 19.254978710364448 ], [ -103.828114050380378, 19.255060830424895 ], [ -103.829554229537877, 19.255473770246098 ], [ -103.829602859855996, 19.255499480223282 ], [ -103.829742799802034, 19.255582430114728 ], [ -103.829910690245768, 19.255708370396107 ], [ -103.830555060245715, 19.256223029570169 ], [ -103.830684349561778, 19.256346200259685 ], [ -103.830915830089651, 19.256802460247556 ], [ -103.831247850069261, 19.25694029024185 ], [ -103.831503709554326, 19.256871280103198 ], [ -103.831577679651403, 19.25686525007486 ], [ -103.832318550412666, 19.257093080204935 ], [ -103.832429660085182, 19.25707136997335 ], [ -103.832983879870724, 19.257190030373526 ], [ -103.832866880098194, 19.257385119801349 ], [ -103.834513660156404, 19.257545949762939 ], [ -103.834385199561282, 19.258961249892909 ], [ -103.835111999689872, 19.258975630240549 ], [ -103.835615880298207, 19.257964999838137 ], [ -103.836151770259761, 19.256074490231185 ], [ -103.836244710069479, 19.25600711966996 ], [ -103.836791419958217, 19.254925110089641 ], [ -103.836950150042597, 19.253487860271001 ], [ -103.836954489886679, 19.253036350241903 ], [ -103.836944660341288, 19.25291129009026 ], [ -103.838569800184445, 19.250000000428503 ], [ -103.839024079780387, 19.248818520294865 ], [ -103.839815829767119, 19.247413170102799 ], [ -103.84050662040616, 19.245594679563226 ], [ -103.840666749714799, 19.243893649878544 ], [ -103.841836599975679, 19.240970310019978 ], [ -103.843305600230721, 19.239929349781011 ], [ -103.842083459810695, 19.237361879638911 ], [ -103.841911019900721, 19.236810850202524 ], [ -103.841734059615135, 19.235502290133379 ], [ -103.840882169638391, 19.234426799865258 ], [ -103.840899770284722, 19.233047920441383 ], [ -103.841091230399996, 19.232748370303778 ], [ -103.842330679538421, 19.229548550327362 ], [ -103.84205591001124, 19.227918450399073 ], [ -103.84171562982462, 19.227437950454323 ], [ -103.841008370318931, 19.226476220309721 ], [ -103.840062319959216, 19.225768659574154 ], [ -103.838582650391302, 19.224948770256923 ], [ -103.838293800147781, 19.224250229925619 ], [ -103.83817898029676, 19.223868349998394 ], [ -103.83802858024444, 19.223676600029975 ], [ -103.837863449592078, 19.223453229735131 ], [ -103.837775540058189, 19.223298049643006 ], [ -103.837605549997704, 19.223069120146405 ], [ -103.837114850240468, 19.222037880261681 ], [ -103.836455919883235, 19.220167450055488 ], [ -103.840150920183589, 19.221583290291576 ], [ -103.840168450003858, 19.223069829718408 ], [ -103.840917170387414, 19.22337727969127 ], [ -103.841864909574653, 19.226760480038656 ], [ -103.84215674956674, 19.226960020151083 ], [ -103.842173090434486, 19.227005859842397 ], [ -103.843106350004959, 19.229846459746952 ], [ -103.843214110318769, 19.233991000186588 ], [ -103.844746539345067, 19.236056160055174 ], [ -103.845902910210071, 19.237614480033194 ], [ -103.845606150158147, 19.240823770408191 ], [ -103.845335679226267, 19.241285146660442 ], [ -103.844766990746862, 19.242255220343772 ], [ -103.844599569359659, 19.242540806761461 ], [ -103.844598350009463, 19.242542887081775 ], [ -103.842346970115244, 19.246383149711875 ], [ -103.842139350268241, 19.246802920297728 ], [ -103.841758020443777, 19.247963940378966 ], [ -103.841321659723192, 19.250048880351098 ], [ -103.840862720251565, 19.250907349900842 ], [ -103.840974650317833, 19.250956049652963 ], [ -103.841287720429875, 19.250649980101315 ], [ -103.841399650394195, 19.250603429986413 ], [ -103.841698649740991, 19.250565120236946 ], [ -103.842508060076298, 19.250597169802369 ], [ -103.845176949685424, 19.250865150053126 ], [ -103.845550369952903, 19.250895150039351 ], [ -103.849988720219216, 19.251365879676573 ], [ -103.850353539637553, 19.251397709812757 ], [ -103.851282620325776, 19.251490149581784 ], [ -103.860406650045547, 19.252397680180927 ], [ -103.86057301958914, 19.25241423024757 ], [ -103.863074769640932, 19.252132369837081 ], [ -103.863778169964192, 19.25205310991764 ], [ -103.870314650015928, 19.252657250115448 ], [ -103.876858090083559, 19.252757049990741 ], [ -103.877459449885677, 19.253783719984813 ], [ -103.878475029660748, 19.254455579622711 ], [ -103.87968734966698, 19.254523750413192 ], [ -103.880708290197276, 19.254409120414191 ], [ -103.881475140246295, 19.254474309893954 ], [ -103.882114510352352, 19.254357090055308 ], [ -103.882359660166671, 19.254288909771127 ], [ -103.882595780338406, 19.254327259941736 ], [ -103.882831850326866, 19.2542915201577 ], [ -103.883205280040329, 19.254256260184626 ], [ -103.883695769525502, 19.254203750057954 ], [ -103.884094260306554, 19.254187460123106 ], [ -103.885308850051473, 19.254073739913121 ], [ -103.886647599660222, 19.254179309791397 ], [ -103.886967490285627, 19.254204749995644 ], [ -103.887856350039812, 19.254815909842868 ], [ -103.888747150075218, 19.255427049785624 ], [ -103.890153939669489, 19.255071980208967 ], [ -103.892350750198233, 19.255285079678078 ], [ -103.89643523021816, 19.254604780150554 ], [ -103.905392090243566, 19.259526600137448 ], [ -103.90557471953565, 19.259626749601626 ], [ -103.905938150015658, 19.259694650339831 ], [ -103.912851379972807, 19.262492510229613 ], [ -103.913448399548827, 19.265488460010722 ], [ -103.913836340209826, 19.267435260053364 ], [ -103.918735909875679, 19.268262279742743 ], [ -103.92700950981019, 19.26596006033396 ], [ -103.931072000078359, 19.265669180443545 ], [ -103.931873059567877, 19.265987970177367 ], [ -103.934322680407419, 19.267862939614574 ], [ -103.931609309623582, 19.27295046023859 ], [ -103.934345349671887, 19.276321029886823 ], [ -103.934904229955549, 19.276794259580594 ], [ -103.935869170137792, 19.277157819984055 ], [ -103.935908710465014, 19.277191060008107 ], [ -103.937347260077416, 19.278230770326363 ], [ -103.938850449904891, 19.279349739566779 ], [ -103.939380420268606, 19.279495080265342 ], [ -103.941373250468146, 19.279960349907228 ], [ -103.944218680091751, 19.28213577017441 ], [ -103.94644465007751, 19.283393280294998 ], [ -103.948574780190768, 19.284609080297393 ], [ -103.949188450122222, 19.284987399562247 ], [ -103.952247339988588, 19.286873060302483 ], [ -103.956566030094606, 19.28953518026572 ], [ -103.957086710135073, 19.290689549973333 ], [ -103.963541180428635, 19.288676340379528 ], [ -103.967977860055484, 19.287292309688667 ], [ -103.982572319731233, 19.282657149723377 ], [ -103.986364250187435, 19.282070060088596 ], [ -103.987976979897041, 19.282156739621126 ], [ -103.990381619674437, 19.286664679985545 ], [ -104.002134969949481, 19.289677749906108 ], [ -104.005032030219652, 19.290710259819836 ], [ -104.0099853500314, 19.29003353964562 ], [ -104.011561909535189, 19.287926599736291 ], [ -104.022099370281737, 19.287377030000947 ], [ -104.025546780142136, 19.290666460383829 ], [ -104.0286605796326, 19.291981879720577 ], [ -104.029257260178809, 19.292198080034936 ], [ -104.026669539971138, 19.295587140804781 ], [ -104.02529011885504, 19.295862120995213 ], [ -104.025095549239921, 19.296252660006271 ], [ -104.025046569603816, 19.298091250417283 ], [ -104.024343350257794, 19.298733750684654 ], [ -104.024316919031122, 19.302732749815977 ], [ -104.023565370408676, 19.303076949848936 ], [ -104.023131019165163, 19.303835261074198 ], [ -104.022693659092042, 19.304455460823625 ], [ -104.022040029031217, 19.305098381237467 ], [ -104.021917019888761, 19.305810681070618 ], [ -104.021722568655179, 19.30666091128688 ], [ -104.021432090050595, 19.307212371312865 ], [ -104.02133564893299, 19.307465059866615 ], [ -104.021358289403082, 19.308154380746895 ], [ -104.021504030145451, 19.30884388122562 ], [ -104.021988109468268, 19.30911988080701 ], [ -104.022689849297805, 19.309465540201938 ], [ -104.022907140038768, 19.309832979760344 ], [ -104.023002919776914, 19.310178230338039 ], [ -104.024188309105725, 19.311282320010637 ], [ -104.024406909699749, 19.311672950017076 ], [ -104.024743510052033, 19.312040970551244 ], [ -104.025204779269501, 19.312385860147689 ], [ -104.025349849596466, 19.312707800075334 ], [ -104.025519079856366, 19.313627370477278 ], [ -104.02573536999293, 19.313926340236534 ], [ -104.026072939241658, 19.314294340459718 ], [ -104.025442999253357, 19.315120980075726 ], [ -104.025008278997973, 19.315856120540058 ], [ -104.02474074897701, 19.316154780944043 ], [ -104.024354259469192, 19.316154260427748 ], [ -104.024015018571561, 19.316315089773372 ], [ -104.02372339927399, 19.316406780989745 ], [ -104.023287849410124, 19.31695792005139 ], [ -104.0231174497453, 19.31737126067334 ], [ -104.023475549339366, 19.318623170779233 ], [ -104.021536050000194, 19.318761119572759 ], [ -104.018190229247892, 19.32013658059029 ], [ -104.015125229705347, 19.325280120543741 ], [ -104.012234568664809, 19.326500661047945 ], [ -104.010864258657222, 19.327355711368583 ], [ -104.008288860374705, 19.328052820872138 ], [ -104.007762058964616, 19.328573580390401 ], [ -104.006069150074566, 19.332827491094314 ], [ -104.005495489964673, 19.332639830860362 ], [ -104.005231858584551, 19.333950450100684 ], [ -104.004662538961071, 19.334825310297322 ], [ -104.003462910112361, 19.336589800493339 ], [ -104.002536149095747, 19.337078250583616 ], [ -103.998852920380031, 19.338591249707395 ], [ -103.997136349505425, 19.340101971354581 ], [ -103.997352478724437, 19.343995250428303 ], [ -103.998611310102078, 19.346278799648086 ], [ -103.998821820241488, 19.347347080338903 ], [ -103.998461088712503, 19.35000760071393 ], [ -103.998459350467058, 19.350036659631559 ], [ -103.999058629983068, 19.351576740962447 ], [ -103.998774369218438, 19.351448259710654 ], [ -103.994961909819651, 19.350534920693033 ], [ -103.990803030349738, 19.349427180499681 ], [ -103.983653828776227, 19.348588019897623 ], [ -103.982491909732701, 19.360759751008661 ], [ -103.980562430144431, 19.361990711046282 ], [ -103.980853479946035, 19.362311339631393 ], [ -103.981023879212927, 19.362540680243566 ], [ -103.981350659745033, 19.363282449631484 ], [ -103.980001309044212, 19.363219950253765 ], [ -103.978629109572111, 19.363494631013904 ], [ -103.977070860170215, 19.362688230614271 ], [ -103.97682881948954, 19.36307250956688 ], [ -103.976888120067741, 19.363690179563761 ], [ -103.976357480328971, 19.363944821289667 ], [ -103.975455089230763, 19.363816629564891 ], [ -103.975169579298864, 19.364523479986119 ], [ -103.974846338969286, 19.364631450405692 ], [ -103.97438161869276, 19.364515581221823 ], [ -103.973185539805442, 19.364754540498627 ], [ -103.970048649577507, 19.363458620856836 ], [ -103.969600400314533, 19.363042939957548 ], [ -103.969645798617904, 19.362717750434641 ], [ -103.968840018666342, 19.361946539886652 ], [ -103.965987569834553, 19.361201309579563 ], [ -103.965929850357142, 19.361294880750567 ], [ -103.962203949731617, 19.362170140513548 ], [ -103.961655368728728, 19.362146821017713 ], [ -103.961173890457815, 19.362092430865559 ], [ -103.959991448655501, 19.360629380954094 ], [ -103.956458218638815, 19.35446648986326 ], [ -103.953408318961181, 19.353994600225935 ], [ -103.951178720263385, 19.352945880330342 ], [ -103.949897619751113, 19.353271550244251 ], [ -103.943185318727743, 19.35046957016749 ], [ -103.939503289526868, 19.348966429937352 ], [ -103.938600980414122, 19.347270180490302 ], [ -103.936976569207516, 19.345805820884845 ], [ -103.935783620185376, 19.345682940964164 ], [ -103.936126480411687, 19.348448651338167 ], [ -103.914424630244966, 19.362629030572467 ], [ -103.912423539584637, 19.364107451003203 ], [ -103.912183689902704, 19.364498350404453 ], [ -103.911197679714434, 19.363874200310494 ], [ -103.915966449869046, 19.358572509919018 ], [ -103.909945150437423, 19.341916029808239 ], [ -103.908953800396205, 19.341667541040309 ], [ -103.908512999283857, 19.340521939749962 ], [ -103.90807777974166, 19.340454969961225 ], [ -103.907641280284921, 19.340295679621523 ], [ -103.907277628984346, 19.340228320298525 ], [ -103.906986229197315, 19.340207091066002 ], [ -103.90671992031983, 19.340070030188421 ], [ -103.906065459144969, 19.339544920001099 ], [ -103.905851118967519, 19.340393020879464 ], [ -103.905608480206752, 19.341127120674823 ], [ -103.905187399870741, 19.34125194119159 ], [ -103.904864219526416, 19.341347690400742 ], [ -103.90362551037785, 19.341156110775042 ], [ -103.902803630097395, 19.341764420089227 ], [ -103.901519999157458, 19.341909680354441 ], [ -103.899933750333034, 19.342119890347657 ], [ -103.898950290408933, 19.342983259707125 ], [ -103.898817350153891, 19.343032490002482 ], [ -103.898454999677554, 19.343193969656724 ], [ -103.898141629768816, 19.343309429914321 ], [ -103.897924980205175, 19.343516020242649 ], [ -103.897731550041314, 19.343676979769526 ], [ -103.897516180319897, 19.343838249953112 ], [ -103.897250539812148, 19.343953649846924 ], [ -103.897057420047076, 19.343931169828256 ], [ -103.896863030120912, 19.343886030178066 ], [ -103.896694399548139, 19.343771549752585 ], [ -103.896476460412956, 19.343680250182718 ], [ -103.896355250231039, 19.343543059655417 ], [ -103.896161490310277, 19.34333766010365 ], [ -103.895608000285492, 19.343208710431227 ], [ -103.894430029569648, 19.342923419990008 ], [ -103.89402997023366, 19.343118679832461 ], [ -103.893859489833389, 19.343214229802374 ], [ -103.893756279533093, 19.343342370445271 ], [ -103.893672150263498, 19.343470260098425 ], [ -103.893626819616529, 19.343641879770491 ], [ -103.893676139732904, 19.343756770025799 ], [ -103.893722279995345, 19.343847879630694 ], [ -103.893772229534051, 19.344008620010971 ], [ -103.893893769952228, 19.344168540021915 ], [ -103.893942770404067, 19.344260150104013 ], [ -103.893990170313458, 19.344374539841887 ], [ -103.893771920259326, 19.344329709798789 ], [ -103.893580399783687, 19.344283999934937 ], [ -103.893409859864491, 19.344170079725313 ], [ -103.893120340301692, 19.344147620402548 ], [ -103.89300105002819, 19.344285550316432 ], [ -103.893145799779617, 19.344399890196591 ], [ -103.893218979532392, 19.344514479917216 ], [ -103.893219309908432, 19.344743779607345 ], [ -103.892255680434303, 19.346144849835593 ], [ -103.891968710111883, 19.34644405989939 ], [ -103.891543920256709, 19.346441420356641 ], [ -103.891289949677613, 19.346504660341921 ], [ -103.890982290126715, 19.346550910291402 ], [ -103.890728749992235, 19.346645860322351 ], [ -103.890422849713445, 19.346611740238668 ], [ -103.89022104995351, 19.346514049575131 ], [ -103.889932890434054, 19.346383480229484 ], [ -103.889696219884343, 19.346386449586344 ], [ -103.889513059786353, 19.346394890246927 ], [ -103.889225709923096, 19.34632210956682 ], [ -103.882437909886391, 19.350227890060093 ], [ -103.879943850415302, 19.34740160004689 ], [ -103.879299179756785, 19.343433999877117 ], [ -103.878154459771594, 19.34002077000007 ], [ -103.87792024984256, 19.339807489728656 ], [ -103.877865570030878, 19.338938289915756 ], [ -103.877278689525994, 19.339223279952567 ], [ -103.864619716252548, 19.345369624951697 ], [ -103.857247490026523, 19.345048595995589 ], [ -103.747886581047382, 19.290679388294567 ], [ -103.747601044912713, 19.2916882791455 ], [ -103.747137521530121, 19.293433270317337 ], [ -103.745729399338003, 19.298903596913323 ], [ -103.745198739261909, 19.301072412364913 ], [ -103.744765281712489, 19.302712527600455 ], [ -103.74403976886056, 19.30567014298402 ], [ -103.744088393340775, 19.305974565771876 ], [ -103.743759965791469, 19.306467220166205 ], [ -103.743353739351235, 19.307649151283776 ], [ -103.742819280640802, 19.309543754953815 ], [ -103.742228993404126, 19.311197163392908 ], [ -103.720355245999102, 19.325763968745072 ], [ -103.719636338797699, 19.325741649968982 ], [ -103.719375230801774, 19.325720953605622 ], [ -103.719251784848325, 19.32568393835086 ], [ -103.718680168836286, 19.325752214917618 ], [ -103.718231446080779, 19.325929768901212 ], [ -103.718184674312312, 19.325963289794057 ], [ -103.717944292042418, 19.326135568734479 ], [ -103.717656585075119, 19.32641364598193 ], [ -103.717482584706161, 19.326755784705583 ], [ -103.71730972310452, 19.326953354352991 ], [ -103.717166322807103, 19.32703366217396 ], [ -103.717033153818136, 19.327023691764207 ], [ -103.716777585434727, 19.326841169369239 ], [ -103.716758908317587, 19.326795862235517 ], [ -103.716540137707085, 19.326776261620239 ], [ -103.716319891969135, 19.326946385021678 ], [ -103.716152458432461, 19.327176414094374 ], [ -103.715915139389182, 19.327585061876992 ], [ -103.715819338121818, 19.32766570840926 ], [ -103.715399354015318, 19.327816354014168 ], [ -103.715217676715383, 19.327923491843542 ], [ -103.715015615423397, 19.328202169401866 ], [ -103.714918738366251, 19.328418337779041 ], [ -103.714809738278717, 19.328968754033532 ], [ -103.714655831037348, 19.329175477262613 ], [ -103.714330891728707, 19.329344862105394 ], [ -103.71420595446304, 19.329497584784505 ], [ -103.71414764602585, 19.32965078532688 ], [ -103.714179922646053, 19.330391922634327 ], [ -103.713926230954399, 19.331185261972717 ], [ -103.71378391366315, 19.331452260742576 ], [ -103.713722969155995, 19.331617538053706 ], [ -103.713622969069533, 19.332231262271769 ], [ -103.713574185055606, 19.332384508128865 ], [ -103.71339107729743, 19.332672353910748 ], [ -103.713237661174844, 19.332815845829543 ], [ -103.71293153766851, 19.333012462223788 ], [ -103.712598046154653, 19.333055292276221 ], [ -103.712444923203833, 19.333162630894712 ], [ -103.712241999968427, 19.333549738371367 ], [ -103.712069615027659, 19.333684045639874 ], [ -103.710818446234356, 19.334226369167805 ], [ -103.710703662279485, 19.334297845680119 ], [ -103.710540154069733, 19.334513537702104 ], [ -103.71047132308243, 19.334793154118113 ], [ -103.710554723473933, 19.335082877273098 ], [ -103.710456553624198, 19.33546167697137 ], [ -103.710341630973332, 19.335551230881496 ], [ -103.710198430596705, 19.335604430940535 ], [ -103.71012243138496, 19.33558581457196 ], [ -103.709751154418313, 19.335592230952908 ], [ -103.709339052733014, 19.335685522046045 ], [ -103.709159553780054, 19.335777785241259 ], [ -103.708703956803603, 19.336480136773925 ], [ -103.70852361517403, 19.336758153849594 ], [ -103.708370045727264, 19.336919708291301 ], [ -103.708320046376372, 19.337226554431563 ], [ -103.708365000357574, 19.33756119957512 ], [ -103.708324860788139, 19.337822938178526 ], [ -103.708267260904961, 19.33788578481434 ], [ -103.708085784769196, 19.337965815030657 ], [ -103.707658677309169, 19.337809185354246 ], [ -103.707439676535202, 19.33781666244834 ], [ -103.707324461373602, 19.337942337977267 ], [ -103.707314031181951, 19.338059739153312 ], [ -103.707397199868851, 19.338376569122666 ], [ -103.707376460948865, 19.338593276956946 ], [ -103.707136368796441, 19.338862631204698 ], [ -103.706697322880274, 19.339013123358963 ], [ -103.706601292325146, 19.339120861735594 ], [ -103.706600291569217, 19.339247353994736 ], [ -103.70668481473605, 19.33939252271211 ], [ -103.706683030916153, 19.339618399789256 ], [ -103.706442584778017, 19.339932938404029 ], [ -103.706260599558519, 19.340076215125968 ], [ -103.705859985268077, 19.340181800053291 ], [ -103.70547518491756, 19.340694091846157 ], [ -103.705148860802723, 19.341035123217488 ], [ -103.705040738215914, 19.341468062258656 ], [ -103.704877861411489, 19.341602430805647 ], [ -103.704524399531493, 19.34176256931287 ], [ -103.704351214686781, 19.341996262198244 ], [ -103.704321091995951, 19.342194830744361 ], [ -103.704243446056893, 19.34238401489867 ], [ -103.704042908087644, 19.342463907696775 ], [ -103.703633261445958, 19.342506169146606 ], [ -103.70347996914424, 19.342631584952166 ], [ -103.703264785043544, 19.343361923382222 ], [ -103.70308258512749, 19.343532307988898 ], [ -103.702870538443165, 19.343865108275356 ], [ -103.702495892441419, 19.344296153645239 ], [ -103.702399492007586, 19.344449061910929 ], [ -103.702370804926815, 19.344514038865395 ], [ -103.70224440034589, 19.344800354257956 ], [ -103.702214062019692, 19.345026016152914 ], [ -103.702260722529616, 19.345143815637002 ], [ -103.702336445781498, 19.345198569077819 ], [ -103.702345461202427, 19.345261877358411 ], [ -103.702411600250883, 19.345325600193327 ], [ -103.702676969396364, 19.34547206201713 ], [ -103.702942999729061, 19.345537200178867 ], [ -103.703350861448612, 19.345720814595634 ], [ -103.70359570829109, 19.346056877139532 ], [ -103.703949707943991, 19.347035231384403 ], [ -103.704014414738225, 19.347279646218947 ], [ -103.704021508193378, 19.347586907801801 ], [ -103.703827922636862, 19.34799212305677 ], [ -103.703425999568665, 19.348260338130757 ], [ -103.70327247738507, 19.34841284610739 ], [ -103.703192476810699, 19.348900184776095 ], [ -103.7032574613321, 19.349108477364005 ], [ -103.703255814866381, 19.349316277198348 ], [ -103.703197646005762, 19.349451399801346 ], [ -103.702909077365632, 19.349828831409209 ], [ -103.702879523270312, 19.349955123305516 ], [ -103.70300026066711, 19.350335476792232 ], [ -103.703236031115111, 19.350617245706918 ], [ -103.703273246319085, 19.350725938216236 ], [ -103.703305108014575, 19.351512261664453 ], [ -103.703255445848669, 19.351773938157798 ], [ -103.703139354188494, 19.352008031349435 ], [ -103.702990354178112, 19.352793062331418 ], [ -103.702836768675866, 19.352954614924471 ], [ -103.702645953902561, 19.353007461908138 ], [ -103.702512830862744, 19.352988445769384 ], [ -103.702369691715163, 19.353032600356858 ], [ -103.70187127695641, 19.353462754289769 ], [ -103.701373569106565, 19.353802554037067 ], [ -103.701163723429232, 19.353855277347524 ], [ -103.700933691666734, 19.354052414667105 ], [ -103.700750538452255, 19.354340245813979 ], [ -103.700701584670028, 19.354511569447197 ], [ -103.700719769434698, 19.354620123014655 ], [ -103.70068906117443, 19.354890968660555 ], [ -103.700640599829541, 19.354999045695834 ], [ -103.700448861440066, 19.355169354435233 ], [ -103.699885091558457, 19.355436399870605 ], [ -103.699529938424547, 19.355804323287437 ], [ -103.699366045571054, 19.356065168993904 ], [ -103.699297692185354, 19.356281538428753 ], [ -103.699314937968225, 19.356507554438423 ], [ -103.699492646153573, 19.356906384797966 ], [ -103.699490783651612, 19.357244906014319 ], [ -103.69945098484412, 19.357357862147296 ], [ -103.699259169188196, 19.357537199817365 ], [ -103.699142292249519, 19.357870677216219 ], [ -103.699225676951627, 19.358160415248179 ], [ -103.699508600403291, 19.35849673790927 ], [ -103.699574231267817, 19.358623708303167 ], [ -103.699562923264267, 19.358849523305128 ], [ -103.69950496385664, 19.359044166718576 ], [ -103.699425999632098, 19.359309353718221 ], [ -103.699439172633348, 19.359554925187691 ], [ -103.699404092288432, 19.359670616289129 ], [ -103.699317276553501, 19.359814569326222 ], [ -103.698781676875058, 19.360126984574382 ], [ -103.69833617196565, 19.360290781704425 ], [ -103.69793973757973, 19.360654045593957 ], [ -103.697870954310901, 19.360924630832372 ], [ -103.697964214580836, 19.361169245851578 ], [ -103.6980921086801, 19.361356339254353 ], [ -103.698255937591398, 19.361595999894615 ], [ -103.698411716750869, 19.361754008743503 ], [ -103.698557907877188, 19.361932476756763 ], [ -103.698974477087631, 19.362224585198121 ], [ -103.699181322634473, 19.362551353721134 ], [ -103.699274508393088, 19.362805014791309 ], [ -103.699290830889538, 19.363148477150538 ], [ -103.698952338721199, 19.363814676813831 ], [ -103.698674614740014, 19.364020508397726 ], [ -103.698349953755056, 19.364144691607059 ], [ -103.698244369082261, 19.364252353675742 ], [ -103.698128338320259, 19.364477415306425 ], [ -103.6980990022155, 19.36462339875343 ], [ -103.697979660848816, 19.365217262323597 ], [ -103.697863785159115, 19.365424245627597 ], [ -103.697643600439491, 19.365576277401093 ], [ -103.697252431316628, 19.365681907690607 ], [ -103.697186014717673, 19.365654322888279 ], [ -103.696755831168048, 19.365877137948726 ], [ -103.696679108348491, 19.365948861752361 ], [ -103.696553907531666, 19.366128677220569 ], [ -103.696522212315315, 19.366358132058959 ], [ -103.69649919970098, 19.367022800196942 ], [ -103.696188599718468, 19.367770522845738 ], [ -103.696206353761468, 19.367933291655969 ], [ -103.696119738408669, 19.368050123242014 ], [ -103.695822599534807, 19.368301000341486 ], [ -103.695601414598428, 19.368579507742645 ], [ -103.695224830803866, 19.369245430802227 ], [ -103.694900707995146, 19.36929732335868 ], [ -103.694718692296874, 19.369440585312692 ], [ -103.694679461319467, 19.369584876880818 ], [ -103.694695691633228, 19.369937368967836 ], [ -103.695004307746999, 19.370635323220263 ], [ -103.695051691764718, 19.370662769309583 ], [ -103.695030999775696, 19.370870430687365 ], [ -103.694896277238641, 19.37105016859924 ], [ -103.694561431392046, 19.371255584693358 ], [ -103.694441333012591, 19.371370974639291 ], [ -103.694216045668654, 19.371587430700401 ], [ -103.693852769472116, 19.371774569092771 ], [ -103.693613031432662, 19.371989692302876 ], [ -103.693380815411587, 19.3724578769536 ], [ -103.693217737725448, 19.372610307990911 ], [ -103.692960415061478, 19.372644599777633 ], [ -103.692703291670398, 19.372651784633025 ], [ -103.692454768612961, 19.372776492142723 ], [ -103.692234214976338, 19.372973692300182 ], [ -103.692013091911917, 19.373243169370202 ], [ -103.691809337655258, 19.373720584693444 ], [ -103.691747891933673, 19.374262262315963 ], [ -103.691641291839161, 19.374496430804161 ], [ -103.691516600119883, 19.374612984607783 ], [ -103.690911046459448, 19.375331476794106 ], [ -103.690688907578377, 19.375727430971796 ], [ -103.690484799990372, 19.376250014599012 ], [ -103.690337368674165, 19.376827231290232 ], [ -103.689741907932543, 19.377473492197666 ], [ -103.68898415447336, 19.378172800419144 ], [ -103.688947507920318, 19.379184508315024 ], [ -103.688645658299379, 19.379982853439859 ], [ -103.688276337631791, 19.380959645657608 ], [ -103.687961292394363, 19.381065799803686 ], [ -103.687333660697377, 19.380970923247357 ], [ -103.686616277220836, 19.38138138482487 ], [ -103.686121138442957, 19.381386831250168 ], [ -103.68569832338224, 19.38187169212064 ], [ -103.685147523464536, 19.382879691999349 ], [ -103.685188446003764, 19.383711246170705 ], [ -103.684792738473575, 19.384376999948199 ], [ -103.684323968660834, 19.384653708006123 ], [ -103.68422648997263, 19.385090746930594 ], [ -103.683998015473335, 19.386115092436082 ], [ -103.683963937667357, 19.386801538400672 ], [ -103.683836323173452, 19.387279492107968 ], [ -103.68373159996321, 19.388462384672781 ], [ -103.683156414655159, 19.388946122619952 ], [ -103.683118821174091, 19.389048555555174 ], [ -103.682640462131303, 19.390351922772208 ], [ -103.68281816922547, 19.390750769015202 ], [ -103.682567339051928, 19.391155538386496 ], [ -103.682343304057497, 19.391886425936164 ], [ -103.682185984593005, 19.392399661716667 ], [ -103.682179877052405, 19.39315860042246 ], [ -103.682470739371496, 19.393693799862813 ], [ -103.682138446080117, 19.394757568838948 ], [ -103.681660045819058, 19.395043230569584 ], [ -103.681407969335282, 19.395601600217564 ], [ -103.681081414687782, 19.395951614581108 ], [ -103.681076308424849, 19.396584046153233 ], [ -103.68115029241595, 19.396855645603381 ], [ -103.680623415295841, 19.397249384937798 ], [ -103.680551015202312, 19.397962662084836 ], [ -103.680452814540146, 19.398332399779125 ], [ -103.680183077170085, 19.398718968862848 ], [ -103.68014079663935, 19.398920120889489 ], [ -103.680093954430774, 19.399142985224078 ], [ -103.6796545075685, 19.399320491660646 ], [ -103.679164708979584, 19.400311949285776 ], [ -103.678996246062326, 19.400652954205416 ], [ -103.678614676948726, 19.401915138281062 ], [ -103.678292572013532, 19.402854910913575 ], [ -103.678117322585194, 19.403366214775509 ], [ -103.678034138432565, 19.404233014683498 ], [ -103.677921845320569, 19.4049460946975 ], [ -103.677839087875157, 19.405471614059941 ], [ -103.677712939071242, 19.406272677127689 ], [ -103.677397861466559, 19.40755341477632 ], [ -103.677284631120585, 19.408600692149104 ], [ -103.677129430534237, 19.408951937772795 ], [ -103.676708846097384, 19.40914766237702 ], [ -103.676014960685393, 19.410345737984272 ], [ -103.675907640136231, 19.410553969379698 ], [ -103.675489814644123, 19.411515077113929 ], [ -103.67451224615742, 19.412284999798263 ], [ -103.674367498007655, 19.412480143163165 ], [ -103.674309785092532, 19.412590722774553 ], [ -103.656752527438499, 19.429168418271246 ], [ -103.655870999846002, 19.429145709572907 ] ] ] } },
{ "type": "Feature", "properties": { "CVEGEO": "06008", "CVE_ENT": "06", "CVE_MUN": "008", "NOMGEO": "Minatitlán" }, "geometry": { "type": "Polygon", "coordinates": [ [ [ -104.0617249413216, 19.497702938912596 ], [ -104.051763598988217, 19.497600540233154 ], [ -104.04711277938722, 19.492836601263431 ], [ -104.047044829821971, 19.492765029838463 ], [ -104.039135709712397, 19.484661460752658 ], [ -104.036559460136502, 19.483494980366594 ], [ -104.031543290441761, 19.481386600261686 ], [ -104.030427618707321, 19.481406659609753 ], [ -104.030398949423613, 19.481407050003547 ], [ -104.029593649395295, 19.481352710561495 ], [ -104.028875109553226, 19.481093309976501 ], [ -104.027902430157795, 19.480707660878295 ], [ -104.026445718624998, 19.480090080048168 ], [ -104.025387049394453, 19.479445030255636 ], [ -104.024130379854981, 19.478786230226159 ], [ -104.022872649356373, 19.478181819682494 ], [ -104.021556629383454, 19.477576980603963 ], [ -104.020241578690133, 19.476972661370318 ], [ -104.019039950053823, 19.476477380914851 ], [ -104.017781800264672, 19.476035940138896 ], [ -104.016637060415363, 19.475703520775092 ], [ -104.015319249764048, 19.475424879551184 ], [ -104.013888319966441, 19.474927979603407 ], [ -104.012572569722096, 19.474595000452876 ], [ -104.011199309698071, 19.47399031100899 ], [ -104.009883879687393, 19.473548480889832 ], [ -104.008739338786171, 19.473161539710176 ], [ -104.006563508850519, 19.472552230008485 ], [ -104.005649888708348, 19.472275479728442 ], [ -104.004623369658859, 19.471661580648867 ], [ -104.000305248669207, 19.469077921154245 ], [ -104.000045550014747, 19.468828831223149 ], [ -103.997672429615761, 19.471626180638612 ], [ -103.991512478629346, 19.471324599675061 ], [ -103.988522859967318, 19.471177650279159 ], [ -103.988164340373743, 19.471160249681489 ], [ -103.987403998795841, 19.473393631027143 ], [ -103.987097119515283, 19.474295919729794 ], [ -103.986196450453818, 19.474313370427176 ], [ -103.974007090269467, 19.474552910784141 ], [ -103.974030740049599, 19.470915550792196 ], [ -103.972924048578562, 19.466279279609115 ], [ -103.971290089680068, 19.462632490701559 ], [ -103.96930442922762, 19.459231491233957 ], [ -103.964798659866531, 19.454162650667424 ], [ -103.947406139005892, 19.449547311098424 ], [ -103.93085651862107, 19.445482220632702 ], [ -103.921021140117787, 19.442116749712223 ], [ -103.914664678828956, 19.440094600737606 ], [ -103.910398799224239, 19.438994481084727 ], [ -103.89952159986025, 19.434547250354424 ], [ -103.899556829483785, 19.433308890527261 ], [ -103.899581659751433, 19.433171490650299 ], [ -103.899555539468992, 19.433011000529401 ], [ -103.899530679303567, 19.432804081042981 ], [ -103.89931257963832, 19.432575139703474 ], [ -103.899119339206763, 19.43241511105543 ], [ -103.898779629464443, 19.432163940949611 ], [ -103.89850914042097, 19.431977920303527 ], [ -103.898414778896708, 19.431889349988271 ], [ -103.898196368650844, 19.431637769869777 ], [ -103.898074430270924, 19.431454179836681 ], [ -103.897880219055068, 19.431225571147504 ], [ -103.897662118866648, 19.430996620655847 ], [ -103.897541138814574, 19.430882060393664 ], [ -103.897214489449226, 19.430744000612815 ], [ -103.896836720222282, 19.430502461288494 ], [ -103.896391538596717, 19.430288320602866 ], [ -103.895801969154491, 19.429925860007881 ], [ -103.89524954917286, 19.429692121344861 ], [ -103.894640449509751, 19.429366230009805 ], [ -103.893798019107123, 19.428882431339208 ], [ -103.893393279905581, 19.428622460531511 ], [ -103.893111680137906, 19.42842719958049 ], [ -103.892803079580062, 19.428075971196403 ], [ -103.892496429093015, 19.427659661077744 ], [ -103.89211306017269, 19.427219850223029 ], [ -103.891663920353864, 19.426651280951937 ], [ -103.891396250440138, 19.426289381088242 ], [ -103.891234349183236, 19.425979350120315 ], [ -103.89101873958198, 19.425789510472978 ], [ -103.890768509831418, 19.425444889965966 ], [ -103.890570080002263, 19.425254831296584 ], [ -103.890461690213257, 19.425014429848428 ], [ -103.889657399938613, 19.424041399577469 ], [ -103.889477848955707, 19.423972781316291 ], [ -103.889417370026266, 19.423950350688482 ], [ -103.888690619593916, 19.423883581321821 ], [ -103.888110289097469, 19.423839280708695 ], [ -103.887675449142009, 19.423817540055666 ], [ -103.886729348780392, 19.423636260890795 ], [ -103.88612484978222, 19.42343141980826 ], [ -103.885494859115056, 19.423111911105728 ], [ -103.885396828691512, 19.422928571023693 ], [ -103.885325200444328, 19.422722149987543 ], [ -103.885203919908875, 19.422447310489535 ], [ -103.885179420445198, 19.422194541152471 ], [ -103.885104619347999, 19.421621200125148 ], [ -103.88512626046861, 19.421322481053693 ], [ -103.885004029340493, 19.420910111244236 ], [ -103.884970539417367, 19.42076663121766 ], [ -103.884955340119447, 19.420703400834135 ], [ -103.884928919311719, 19.420175940889933 ], [ -103.884929569146678, 19.41967080100817 ], [ -103.885023480075645, 19.419211511013572 ], [ -103.885023488846727, 19.418867200656624 ], [ -103.884852880049067, 19.418477450984803 ], [ -103.884657428935341, 19.418156510233416 ], [ -103.884463889022811, 19.417767049995263 ], [ -103.884315889778705, 19.417285860161584 ], [ -103.884291379597883, 19.416688710443434 ], [ -103.884339138770414, 19.416344351271345 ], [ -103.884239830418977, 19.416069230086364 ], [ -103.884045030042486, 19.415656579691341 ], [ -103.883972149880961, 19.415358490048732 ], [ -103.884092798817719, 19.41496792123116 ], [ -103.883753289354274, 19.414035000867035 ], [ -103.883647969955476, 19.412581400540983 ], [ -103.886856950107315, 19.405773110650639 ], [ -103.886917218714828, 19.40564270992536 ], [ -103.882652148879316, 19.394844151194736 ], [ -103.881117430332196, 19.393480820596654 ], [ -103.883135579980049, 19.386584569913392 ], [ -103.883083429237303, 19.385851980590207 ], [ -103.883883679733046, 19.376757280417124 ], [ -103.883902750098272, 19.376549200892157 ], [ -103.883993478623708, 19.374689620414838 ], [ -103.885330079230002, 19.368489321367985 ], [ -103.885437379550936, 19.367983741010157 ], [ -103.881794369756136, 19.357312820525006 ], [ -103.886299999130173, 19.354093050377855 ], [ -103.898950290408905, 19.342983259707072 ], [ -103.899933750332991, 19.342119890347693 ], [ -103.901519999157415, 19.341909680354387 ], [ -103.902803630097438, 19.341764420089177 ], [ -103.903625510377807, 19.341156110774993 ], [ -103.904864219526374, 19.341347690400774 ], [ -103.905187399870769, 19.341251941191526 ], [ -103.905608480206695, 19.341127120674852 ], [ -103.90585111896749, 19.3403930208795 ], [ -103.906065459144926, 19.33954492000105 ], [ -103.906719920319787, 19.340070030188439 ], [ -103.906986229197273, 19.340207091066027 ], [ -103.907277628984303, 19.340228320298579 ], [ -103.907641280284878, 19.34029567962147 ], [ -103.908077779741717, 19.34045496996125 ], [ -103.908512999283801, 19.340521939749994 ], [ -103.908953800396162, 19.341667541040273 ], [ -103.909945150437466, 19.341916029808189 ], [ -103.915966449869003, 19.358572509918964 ], [ -103.911197679714476, 19.363874200310548 ], [ -103.912183689902662, 19.3644983504044 ], [ -103.912423539584594, 19.364107451003239 ], [ -103.914424630244923, 19.362629030572503 ], [ -103.93612648041163, 19.348448651338082 ], [ -103.935783620185418, 19.345682940964178 ], [ -103.936976569207459, 19.345805820884902 ], [ -103.938600980414151, 19.347270180490337 ], [ -103.939503289526812, 19.348966429937395 ], [ -103.943185318727785, 19.350469570167437 ], [ -103.949897619751155, 19.353271550244202 ], [ -103.951178720263428, 19.352945880330374 ], [ -103.953408318961209, 19.353994600225885 ], [ -103.956458218638772, 19.35446648986332 ], [ -103.959991448655543, 19.360629380954109 ], [ -103.961173890457843, 19.362092430865591 ], [ -103.961655368728671, 19.362146821017731 ], [ -103.962203949731588, 19.36217014051358 ], [ -103.96592985035717, 19.36129488075062 ], [ -103.965987569834596, 19.36120130957951 ], [ -103.968840018666313, 19.36194653988667 ], [ -103.969645798617947, 19.36271775043458 ], [ -103.969600400314491, 19.363042939957584 ], [ -103.970048649577535, 19.363458620856782 ], [ -103.973185539805485, 19.364754540498573 ], [ -103.974381618692718, 19.364515581221877 ], [ -103.974846338969314, 19.364631450405643 ], [ -103.975169579298907, 19.364523479986083 ], [ -103.975455089230735, 19.363816629564926 ], [ -103.976357480329014, 19.363944821289685 ], [ -103.976888120067684, 19.363690179563793 ], [ -103.976828819489583, 19.363072509566916 ], [ -103.977070860170244, 19.362688230614271 ], [ -103.978629109572168, 19.363494631013836 ], [ -103.980001309044184, 19.363219950253782 ], [ -103.98135065974499, 19.36328244963142 ], [ -103.98102387921287, 19.362540680243566 ], [ -103.980853479946077, 19.362311339631443 ], [ -103.980562430144374, 19.361990711046296 ], [ -103.982491909732744, 19.360759751008679 ], [ -103.983653828776184, 19.348588019897573 ], [ -103.990803030349795, 19.349427180499717 ], [ -103.994961909819608, 19.350534920692983 ], [ -103.998774369218481, 19.351448259710622 ], [ -103.99905862998304, 19.351576740962482 ], [ -103.998459350467016, 19.350036659631609 ], [ -103.998461088712546, 19.350007600713859 ], [ -103.998821820241531, 19.347347080338924 ], [ -103.998611310102106, 19.346278799648033 ], [ -103.997352478724494, 19.343995250428325 ], [ -103.997136349505453, 19.340101971354532 ], [ -103.998852920379974, 19.338591249707342 ], [ -104.002536149095704, 19.337078250583652 ], [ -104.003462910112404, 19.336589800493289 ], [ -104.004662538961043, 19.334825310297273 ], [ -104.005231858584608, 19.333950450100701 ], [ -104.00549548996463, 19.332639830860312 ], [ -104.006069150074609, 19.332827491094264 ], [ -104.007762058964659, 19.328573580390319 ], [ -104.008288860374648, 19.328052820872056 ], [ -104.010864258657264, 19.327355711368615 ], [ -104.012234568664837, 19.326500661047959 ], [ -104.01512522970539, 19.325280120543791 ], [ -104.018190229247935, 19.320136580590241 ], [ -104.021536050000236, 19.318761119572709 ], [ -104.023475549339409, 19.318623170779247 ], [ -104.023117449745243, 19.317371260673291 ], [ -104.023287849410082, 19.31695792005144 ], [ -104.023723399273948, 19.316406780989695 ], [ -104.024015018571532, 19.31631508977339 ], [ -104.024354259469149, 19.316154260427766 ], [ -104.024740748976967, 19.31615478094399 ], [ -104.02500827899793, 19.315856120539994 ], [ -104.025442999253315, 19.315120980075726 ], [ -104.026072939241601, 19.314294340459668 ], [ -104.025735369992987, 19.31392634023657 ], [ -104.025519079856394, 19.313627370477278 ], [ -104.025349849596509, 19.312707800075334 ], [ -104.025204779269473, 19.312385860147629 ], [ -104.024743510052076, 19.312040970551259 ], [ -104.024406909699792, 19.31167295001703 ], [ -104.024188309105668, 19.311282320010655 ], [ -104.023002919776971, 19.310178230338074 ], [ -104.022907140038797, 19.30983297976038 ], [ -104.022689849297763, 19.309465540201973 ], [ -104.021988109468225, 19.309119880806957 ], [ -104.021504030145394, 19.308843881225663 ], [ -104.021358289403111, 19.308154380746895 ], [ -104.021335648932933, 19.307465059866651 ], [ -104.021432090050638, 19.307212371312882 ], [ -104.021722568655221, 19.30666091128683 ], [ -104.021917019888804, 19.305810681070653 ], [ -104.022040029031174, 19.305098381237485 ], [ -104.022693659091985, 19.304455460823572 ], [ -104.023131019165206, 19.30383526107423 ], [ -104.023565370408619, 19.303076949848954 ], [ -104.024316919031065, 19.302732749816013 ], [ -104.024343350257752, 19.298733750684686 ], [ -104.025046569603859, 19.298091250417304 ], [ -104.025095549239879, 19.2962526600062 ], [ -104.025290118854997, 19.295862120995125 ], [ -104.02666953997111, 19.295587140804813 ], [ -104.029257260178767, 19.292198080034954 ], [ -104.029558848771444, 19.292267049569293 ], [ -104.029679708892886, 19.292502150006015 ], [ -104.03014828942699, 19.292893290036524 ], [ -104.030799709764054, 19.292940620365883 ], [ -104.031378350279127, 19.293033681052851 ], [ -104.031935170167102, 19.292943460819522 ], [ -104.032491979676024, 19.292852720465429 ], [ -104.033653419770289, 19.292166680309847 ], [ -104.034813949412452, 19.292123860033417 ], [ -104.034959090381648, 19.291940180584568 ], [ -104.035198849195098, 19.292468650495124 ], [ -104.035318690084992, 19.292698600010642 ], [ -104.035608370446411, 19.292928520015803 ], [ -104.03594658022962, 19.293342430435715 ], [ -104.036066428739275, 19.293572370456324 ], [ -104.036234089813007, 19.293618310783877 ], [ -104.036766178736698, 19.293596911013928 ], [ -104.03787900000512, 19.293553090766604 ], [ -104.038388080315073, 19.293141350237693 ], [ -104.039014089136771, 19.293211629862498 ], [ -104.039691550292673, 19.293213170995642 ], [ -104.039833320317271, 19.294842620189158 ], [ -104.041475629332282, 19.295557620054062 ], [ -104.042924949118017, 19.295492171212061 ], [ -104.042707598755854, 19.295950350846507 ], [ -104.042631850192066, 19.296179579683535 ], [ -104.042510549278816, 19.296362970465779 ], [ -104.042365079502147, 19.29652348088387 ], [ -104.042270488693177, 19.296706490428171 ], [ -104.042074770256619, 19.296889780086516 ], [ -104.041882598822568, 19.297118879571901 ], [ -104.041735549560485, 19.297302059918785 ], [ -104.041687199595529, 19.297577310778792 ], [ -104.04168724913049, 19.29789891971453 ], [ -104.041782029507289, 19.298174509933634 ], [ -104.042022689031171, 19.298633921273712 ], [ -104.042335259523583, 19.299116659936473 ], [ -104.042408089978778, 19.299391979844412 ], [ -104.042358520413117, 19.299713109850021 ], [ -104.042526890354821, 19.299805399551946 ], [ -104.043176768811193, 19.300701399719404 ], [ -104.043492348600438, 19.300748140032624 ], [ -104.043661169725411, 19.300679629790675 ], [ -104.043805878658048, 19.300657291147385 ], [ -104.043903820231847, 19.30063440022127 ], [ -104.04409656918989, 19.300634600328817 ], [ -104.044240380441735, 19.300680860498215 ], [ -104.044409108861814, 19.300796350622992 ], [ -104.044556118913064, 19.300865111277851 ], [ -104.04467644992917, 19.300934251073375 ], [ -104.044893049034542, 19.300934750613735 ], [ -104.0450870891856, 19.3009581211046 ], [ -104.045327569595344, 19.300958860185247 ], [ -104.045546000277014, 19.300890219603346 ], [ -104.045812488847389, 19.300845291046766 ], [ -104.046053909550182, 19.30084537118428 ], [ -104.046271999458682, 19.300754090442219 ], [ -104.046415479233104, 19.300777600604583 ], [ -104.046561909199013, 19.300869659581988 ], [ -104.046682368739923, 19.301076399733216 ], [ -104.046826450285337, 19.301329199821097 ], [ -104.04689772000026, 19.301627850102751 ], [ -104.046895919909346, 19.302269921232806 ], [ -104.048514629710894, 19.302549220023216 ], [ -104.05178996925531, 19.306319429869731 ], [ -104.052103749368754, 19.30611931043499 ], [ -104.052447088759905, 19.305917051076822 ], [ -104.052665999920521, 19.305752630239393 ], [ -104.052796079030031, 19.305646121199409 ], [ -104.053004399184857, 19.305540289922018 ], [ -104.053440949856935, 19.305255140639769 ], [ -104.053819249980194, 19.305029750106588 ], [ -104.054334649549375, 19.304722051069724 ], [ -104.054698579992291, 19.304620339569553 ], [ -104.055061399042955, 19.304634061256181 ], [ -104.055253138702241, 19.304693690853366 ], [ -104.055445089526941, 19.304767550153539 ], [ -104.055663049110493, 19.304856349870654 ], [ -104.055807279546485, 19.304929680407025 ], [ -104.055975718578523, 19.305025879616998 ], [ -104.05607323016946, 19.305163879926791 ], [ -104.056217689787147, 19.305251970707484 ], [ -104.056340489061142, 19.305295601215494 ], [ -104.056507620286794, 19.305304019914228 ], [ -104.056605278641698, 19.305325970128454 ], [ -104.056846919980515, 19.305341881011984 ], [ -104.05711401875142, 19.305335980510606 ], [ -104.057377488613398, 19.30527974965629 ], [ -104.05774102033665, 19.30515132087233 ], [ -104.057916948631814, 19.304985310939433 ], [ -104.05831205904758, 19.304611280097539 ], [ -104.058765169491181, 19.30397038133334 ], [ -104.059292169958212, 19.303168749875788 ], [ -104.060091380101525, 19.302826079941248 ], [ -104.061675250337871, 19.302187879908107 ], [ -104.062221260319134, 19.301887059715273 ], [ -104.062607379986218, 19.301864851298973 ], [ -104.062898770270237, 19.301888599982775 ], [ -104.062996348681807, 19.301842510573081 ], [ -104.063044660328075, 19.301566709721101 ], [ -104.063046458610529, 19.301245060817845 ], [ -104.062925510036521, 19.300945480075988 ], [ -104.062538418736793, 19.300461540089657 ], [ -104.061967828585068, 19.299770019885656 ], [ -104.06172637878457, 19.299263149745119 ], [ -104.061643780162868, 19.298849170753964 ], [ -104.061645230172587, 19.298503800439768 ], [ -104.061618829940997, 19.298020551066944 ], [ -104.061636418685609, 19.297606480741877 ], [ -104.061665628968143, 19.297330290132805 ], [ -104.062076019320841, 19.296706370981905 ], [ -104.062215338802517, 19.296140510228987 ], [ -104.061857258755126, 19.295934220705874 ], [ -104.061456539525452, 19.295809420271301 ], [ -104.061041019588842, 19.295589140257764 ], [ -104.060638599655746, 19.29547857004744 ], [ -104.060323119088721, 19.295313020457808 ], [ -104.060034719698862, 19.294981201160923 ], [ -104.059842149729235, 19.294866050714685 ], [ -104.059622250264511, 19.294709950011413 ], [ -104.059437230464738, 19.294463340823036 ], [ -104.059236659664549, 19.294135399790253 ], [ -104.059040848918229, 19.293616509712685 ], [ -104.058295859023431, 19.29249312029836 ], [ -104.058080569661783, 19.292262769694162 ], [ -104.057885120022192, 19.292147120103525 ], [ -104.057790489105315, 19.292009080275555 ], [ -104.057813819391072, 19.291847951182941 ], [ -104.057983479950877, 19.291710291162001 ], [ -104.058395420459618, 19.291504279621019 ], [ -104.058759289758285, 19.291275090135112 ], [ -104.059076138913923, 19.291091849607032 ], [ -104.059294219571285, 19.291000540019358 ], [ -104.059583849402003, 19.290909350662517 ], [ -104.062369969910378, 19.290915540743885 ], [ -104.06598652001648, 19.288554740534973 ], [ -104.066375280378452, 19.287451580459461 ], [ -104.069020338741666, 19.286215520805257 ], [ -104.068911598841339, 19.285971460892984 ], [ -104.068150249126532, 19.285726880907724 ], [ -104.066162920275289, 19.281050629872414 ], [ -104.065796048918742, 19.280715800531969 ], [ -104.065310738766314, 19.280673150951689 ], [ -104.064490909868837, 19.280527000812263 ], [ -104.063980149453371, 19.280504540553476 ], [ -104.063615779258356, 19.280572919774375 ], [ -104.063276918984769, 19.280686821322568 ], [ -104.062987658857907, 19.280801200578171 ], [ -104.062646979295849, 19.280984780235475 ], [ -104.062356618876095, 19.281214060145039 ], [ -104.061531679872971, 19.281235020314249 ], [ -104.056018519777368, 19.284795170679722 ], [ -104.055578620278027, 19.28251482133561 ], [ -104.055185750481385, 19.280505521090138 ], [ -104.053380489303038, 19.277328739978941 ], [ -104.052013750040146, 19.276900830487222 ], [ -104.051990889991657, 19.274310651109232 ], [ -104.050447550189304, 19.27475471991389 ], [ -104.043457689397869, 19.27403122957433 ], [ -104.040922339483501, 19.273768720321673 ], [ -104.035039819302256, 19.275124110864279 ], [ -104.032034319294524, 19.277003690447298 ], [ -104.032194339341942, 19.270232890972732 ], [ -104.03307891955096, 19.268631250945557 ], [ -104.034063248571755, 19.265895349591389 ], [ -104.036470739693399, 19.263166950989746 ], [ -104.038806379896684, 19.262285480839896 ], [ -104.03968353964737, 19.260292511212924 ], [ -104.039727180183391, 19.259834001202044 ], [ -104.040852198724309, 19.258450709615072 ], [ -104.040804349840926, 19.258378281054789 ], [ -104.04122316932758, 19.25838452034057 ], [ -104.041858219886478, 19.257951919970839 ], [ -104.044117739461313, 19.253950079893556 ], [ -104.044324520206686, 19.251839890183224 ], [ -104.044712148864051, 19.250165720051598 ], [ -104.048745910063417, 19.248641549645409 ], [ -104.052883549803852, 19.250974319656347 ], [ -104.053068219884267, 19.250582291036991 ], [ -104.057386449535713, 19.249244170946856 ], [ -104.068766740113873, 19.245831059754856 ], [ -104.069817618781158, 19.246579401366283 ], [ -104.071470379952189, 19.24732648045342 ], [ -104.072020000196588, 19.247661319833217 ], [ -104.07273831991165, 19.248098951175621 ], [ -104.075087939316646, 19.250000170484533 ], [ -104.075867178850586, 19.251175831208222 ], [ -104.092966859250524, 19.24938168020574 ], [ -104.099134998965908, 19.25117214015923 ], [ -104.105512719961354, 19.25273486126672 ], [ -104.105680050009269, 19.252790169884307 ], [ -104.112364019526879, 19.254686750839486 ], [ -104.113920550266329, 19.255053370535812 ], [ -104.115340230091391, 19.255377061046083 ], [ -104.117732489659971, 19.256102970276697 ], [ -104.118676519332666, 19.256498621083871 ], [ -104.122556489376549, 19.258124691134249 ], [ -104.121085659724159, 19.261426019871724 ], [ -104.12015770991168, 19.263502690528632 ], [ -104.118396379881617, 19.266807249784936 ], [ -104.122735418677635, 19.267365031086282 ], [ -104.124532769689182, 19.267557890900271 ], [ -104.129010179882826, 19.268038289925205 ], [ -104.133236618944125, 19.26849885960133 ], [ -104.13491433896813, 19.268647889728715 ], [ -104.135238568923469, 19.26873815039659 ], [ -104.136293660401734, 19.269031940412738 ], [ -104.140266450094003, 19.267895350605709 ], [ -104.142113619208942, 19.268204970173198 ], [ -104.144768778872361, 19.268649999646737 ], [ -104.144892659056936, 19.268746250399445 ], [ -104.147095378914514, 19.269354289840471 ], [ -104.152219048940964, 19.271250341133204 ], [ -104.15418768984452, 19.271978819855281 ], [ -104.156174579128503, 19.272714030756891 ], [ -104.156531480302945, 19.27280493961403 ], [ -104.15848444973561, 19.273302429982898 ], [ -104.161936679601155, 19.274181750225413 ], [ -104.165333108976114, 19.275046799706715 ], [ -104.165396219204609, 19.275072230785426 ], [ -104.165693999904576, 19.275135001058949 ], [ -104.166438078649207, 19.275269780875306 ], [ -104.172022479236318, 19.277065201018885 ], [ -104.172688508580876, 19.277236109946983 ], [ -104.171290058740851, 19.281069320218752 ], [ -104.171038219832027, 19.281693690308423 ], [ -104.171305428921542, 19.282336181319398 ], [ -104.173225369756267, 19.283702719985055 ], [ -104.176599649920803, 19.28549195016085 ], [ -104.177888620193983, 19.285814541046449 ], [ -104.179816579892261, 19.286296970785067 ], [ -104.187100320193764, 19.288067740689421 ], [ -104.18862857980811, 19.288439229876538 ], [ -104.190156479624193, 19.288992830312623 ], [ -104.19026191947215, 19.28903102974321 ], [ -104.193555709422782, 19.290224371298507 ], [ -104.194043919602663, 19.290401260477804 ], [ -104.195779709026567, 19.291030110535228 ], [ -104.198084858928482, 19.291886710574648 ], [ -104.199424338599542, 19.292384451368196 ], [ -104.200195859337242, 19.292813321031094 ], [ -104.201856478575834, 19.29053873997653 ], [ -104.205986310100627, 19.291955120480065 ], [ -104.210721259346542, 19.293721970107669 ], [ -104.215040979933036, 19.295333709572517 ], [ -104.219273919755324, 19.296912940792108 ], [ -104.225888060102889, 19.29831049087036 ], [ -104.225157140330168, 19.297823230596016 ], [ -104.225882319753467, 19.297786681310143 ], [ -104.226523649074153, 19.297746880029838 ], [ -104.22733437947835, 19.297957969872456 ], [ -104.227425088958256, 19.299734380057668 ], [ -104.223977679608794, 19.300833801134477 ], [ -104.223540060288101, 19.301310551069843 ], [ -104.223268920255052, 19.301685599888085 ], [ -104.222609778812398, 19.301641480712327 ], [ -104.222008370418436, 19.301625420212762 ], [ -104.221597378661642, 19.301540090103622 ], [ -104.221325119900754, 19.301665539696035 ], [ -104.221003449724321, 19.301800709997206 ], [ -104.220660149650186, 19.301784749709032 ], [ -104.220297289727725, 19.301586420762501 ], [ -104.220047319815762, 19.301442291088403 ], [ -104.219640688662892, 19.301351569859687 ], [ -104.219573489739531, 19.301163340932451 ], [ -104.219510538953855, 19.300799370438011 ], [ -104.219574398866968, 19.300328660096955 ], [ -104.219811540185816, 19.299658779978142 ], [ -104.219707349355488, 19.299445370709467 ], [ -104.219447968771078, 19.299291570614976 ], [ -104.218916049377626, 19.29910355086529 ], [ -104.218424170380032, 19.299015621047758 ], [ -104.218040228882785, 19.299074509703956 ], [ -104.217553219561523, 19.299169770985642 ], [ -104.217234218754413, 19.299384230476225 ], [ -104.216765889214258, 19.299612780210214 ], [ -104.216293110463255, 19.299805620228444 ], [ -104.215676540370737, 19.30073791979726 ], [ -104.215188310456696, 19.300992050038545 ], [ -104.21461128016216, 19.301687600126137 ], [ -104.214559169716466, 19.302128380448913 ], [ -104.214447828952345, 19.302334489802277 ], [ -104.214173199759941, 19.302373340118038 ], [ -104.213345509272656, 19.302136720619266 ], [ -104.212198909390565, 19.301908739670903 ], [ -104.211527880006159, 19.301837429977002 ], [ -104.211102369578086, 19.301719661320224 ], [ -104.210595999330437, 19.301671201234967 ], [ -104.210188779628353, 19.301497881095838 ], [ -104.20969528030065, 19.301181379592208 ], [ -104.209055519104638, 19.300866660701853 ], [ -104.208637830440367, 19.300222259776618 ], [ -104.208300220124713, 19.299868980375418 ], [ -104.207890568802895, 19.299748200711548 ], [ -104.207597719140239, 19.29982220009957 ], [ -104.20691817936283, 19.300012719807253 ], [ -104.206642399121066, 19.300279951048282 ], [ -104.206345680312523, 19.300920150528885 ], [ -104.205916350053485, 19.301545381029744 ], [ -104.205710219918615, 19.30192580010111 ], [ -104.205526428642159, 19.302448420311006 ], [ -104.205270799572745, 19.303099311331312 ], [ -104.205004769121828, 19.303538799602951 ], [ -104.204755199571252, 19.303704400110917 ], [ -104.204374770193368, 19.303609341284439 ], [ -104.204346289639517, 19.30360222095597 ], [ -104.204118310405065, 19.30330314128506 ], [ -104.203860139301966, 19.302975680765584 ], [ -104.203433420283304, 19.302552109674004 ], [ -104.202860710080742, 19.301951180864918 ], [ -104.202092380385395, 19.301402030955821 ], [ -104.201071799895345, 19.300402519604706 ], [ -104.199863169034643, 19.299203420251263 ], [ -104.199575569452733, 19.298830580174656 ], [ -104.198984710235081, 19.298594739714893 ], [ -104.198510720437923, 19.298476290420702 ], [ -104.198079829736201, 19.298297521172323 ], [ -104.19769482995531, 19.297960381267277 ], [ -104.197359278652527, 19.29769200056403 ], [ -104.196995149370835, 19.29745368029846 ], [ -104.196877490137936, 19.297152230068335 ], [ -104.196855819550848, 19.29674491014779 ], [ -104.196726489718628, 19.296594511080169 ], [ -104.196427449832626, 19.296511600086749 ], [ -104.195983229067366, 19.296360060812582 ], [ -104.195508428643819, 19.296206779574476 ], [ -104.194835849651227, 19.29597920009693 ], [ -104.194073248585582, 19.295667029975938 ], [ -104.193512180203811, 19.295422490363844 ], [ -104.193147000230454, 19.295373579925165 ], [ -104.192525480364537, 19.29543715042459 ], [ -104.192332379759904, 19.295319080137268 ], [ -104.192280288644895, 19.294560649904547 ], [ -104.192262429183472, 19.293964120928528 ], [ -104.192105798852168, 19.293438170532127 ], [ -104.19224611961873, 19.292582340381312 ], [ -104.192100289312904, 19.292288450795503 ], [ -104.191667370105364, 19.292209769764604 ], [ -104.191196449063327, 19.292301570030464 ], [ -104.190732549849955, 19.292323740935544 ], [ -104.190357599153288, 19.292306020664547 ], [ -104.190074368987027, 19.292418250146621 ], [ -104.189914089123178, 19.29258278111709 ], [ -104.189752690346737, 19.29295045062829 ], [ -104.189679939235305, 19.293350890428538 ], [ -104.189588798742392, 19.29401356984679 ], [ -104.189524479889116, 19.294512541051887 ], [ -104.189445290367786, 19.295055629762661 ], [ -104.189433250332428, 19.2956741806385 ], [ -104.18939295024613, 19.296371939710877 ], [ -104.189401019602684, 19.297051940474734 ], [ -104.189323919877566, 19.297894971107695 ], [ -104.189360579968252, 19.298320370357114 ], [ -104.189338309682881, 19.2992423697745 ], [ -104.189580660422436, 19.300100821206865 ], [ -104.189956448846331, 19.300736830197966 ], [ -104.190127448972277, 19.301104710012385 ], [ -104.19020374037899, 19.301322109936894 ], [ -104.190132648989305, 19.301700050529636 ], [ -104.190016370224797, 19.302032709563644 ], [ -104.189747379485624, 19.302273230100706 ], [ -104.189520749452328, 19.302435910276724 ], [ -104.189216348632812, 19.302574511136115 ], [ -104.188871659414545, 19.302719950145676 ], [ -104.18856857998334, 19.302832081338629 ], [ -104.187897719400027, 19.303016651288626 ], [ -104.187171910281961, 19.303309400040099 ], [ -104.186831818998797, 19.303439550998796 ], [ -104.18638996909506, 19.303588261039092 ], [ -104.186005679251906, 19.303582460370542 ], [ -104.185269178736903, 19.303461460293097 ], [ -104.18492193875646, 19.303512201352621 ], [ -104.184719369101828, 19.303578820224487 ], [ -104.184678310062495, 19.303808569697068 ], [ -104.184684578704776, 19.304199970526994 ], [ -104.184766429347533, 19.304476080914444 ], [ -104.184910150490794, 19.304857310981266 ], [ -104.185170538653338, 19.305462200612173 ], [ -104.185509088914358, 19.30570397125593 ], [ -104.185696339562625, 19.30585702050687 ], [ -104.185761018925575, 19.306050749932734 ], [ -104.185621579459507, 19.306210050314132 ], [ -104.185361550240373, 19.306358770318194 ], [ -104.185010418593365, 19.306471080737065 ], [ -104.184604549503618, 19.306523230945061 ], [ -104.184226368738649, 19.306610970855996 ], [ -104.183810399467845, 19.306709540913676 ], [ -104.183438109127422, 19.30700828112948 ], [ -104.182635819784963, 19.307117621333976 ], [ -104.18218899967043, 19.306794220499881 ], [ -104.181921110338195, 19.306932460818473 ], [ -104.181623779829252, 19.307345829896118 ], [ -104.18137386019599, 19.307656260629606 ], [ -104.181266450238056, 19.307879419674649 ], [ -104.181086319718446, 19.308132341305452 ], [ -104.180870079982398, 19.308453089923983 ], [ -104.180583908701948, 19.308638429757174 ], [ -104.180308260278522, 19.308653820652509 ], [ -104.179910479899547, 19.30867992120703 ], [ -104.179630690054722, 19.308804290242492 ], [ -104.179565599785846, 19.308986919831053 ], [ -104.179866859159375, 19.309656710907326 ], [ -104.180200250072332, 19.310113290229257 ], [ -104.18062332015522, 19.310604920957157 ], [ -104.181210248958593, 19.310898971130719 ], [ -104.181478549067208, 19.311093399647476 ], [ -104.18147265895179, 19.311278250514739 ], [ -104.18120506017361, 19.311710420047469 ], [ -104.180899970019141, 19.312017139878485 ], [ -104.180421769853368, 19.312218880374026 ], [ -104.17980131889675, 19.312562120597828 ], [ -104.178899798840149, 19.312821770968242 ], [ -104.178096619418241, 19.31302134048056 ], [ -104.176934739233644, 19.313168371216637 ], [ -104.176343850258291, 19.31321702119962 ], [ -104.175947779088034, 19.31333433992781 ], [ -104.175628090411024, 19.313567981308367 ], [ -104.175349369649098, 19.313840401067399 ], [ -104.175090400426285, 19.314018600861694 ], [ -104.174632248926912, 19.314132570061453 ], [ -104.174156830386465, 19.31412861961406 ], [ -104.173890079484408, 19.314154999871796 ], [ -104.173534619147148, 19.314303089715306 ], [ -104.173358749125711, 19.314220179690114 ], [ -104.173090660343902, 19.31401770962086 ], [ -104.17283331019911, 19.313987580121626 ], [ -104.172556820247465, 19.313653250564595 ], [ -104.172272049282427, 19.313345770109244 ], [ -104.172045349512018, 19.313190920077457 ], [ -104.17164913937745, 19.313223879875562 ], [ -104.171103400171347, 19.31325352114758 ], [ -104.1707175397067, 19.313125820725677 ], [ -104.170272399882464, 19.313088771070358 ], [ -104.169796578741511, 19.312963739747897 ], [ -104.169457079508121, 19.312665830393236 ], [ -104.169380938864393, 19.312328630775394 ], [ -104.169508148774597, 19.312013280506459 ], [ -104.169266569915095, 19.31167697130617 ], [ -104.169177308702416, 19.311289199657413 ], [ -104.168844629221056, 19.310929751122231 ], [ -104.168794509980756, 19.310572170450172 ], [ -104.168548419011742, 19.310367139736574 ], [ -104.168512879284151, 19.309904661234828 ], [ -104.168618379826896, 19.309524630553234 ], [ -104.168543058709616, 19.309256260524961 ], [ -104.168747998945619, 19.308742450466585 ], [ -104.168779548977824, 19.308428200116236 ], [ -104.168935939233577, 19.307970260047682 ], [ -104.168809829699185, 19.307676630819881 ], [ -104.168329179909492, 19.307590820140504 ], [ -104.16797345966711, 19.307488749949584 ], [ -104.167544119576803, 19.307494920656488 ], [ -104.166987549849821, 19.307552911342448 ], [ -104.166557309846056, 19.30750194081811 ], [ -104.166180569884204, 19.307500201326558 ], [ -104.16593290897201, 19.307540081001363 ], [ -104.165628909704751, 19.307782780906688 ], [ -104.165427650126787, 19.307944860551068 ], [ -104.16494293991957, 19.307997290824801 ], [ -104.164464909790851, 19.308109429712779 ], [ -104.16429917025016, 19.308182230455326 ], [ -104.163926508705956, 19.308284350638107 ], [ -104.163755488914234, 19.308228719663202 ], [ -104.163635320267531, 19.307946510714967 ], [ -104.1635123803851, 19.307490109758721 ], [ -104.16346491035408, 19.306987691210907 ], [ -104.163530020374637, 19.306254569881126 ], [ -104.163482769700835, 19.305539650714564 ], [ -104.163242049452862, 19.304951570031246 ], [ -104.163037509087303, 19.304485979980672 ], [ -104.16306302043121, 19.303903170343226 ], [ -104.162606089932964, 19.302995800275923 ], [ -104.162191680194454, 19.302745020189288 ], [ -104.161649829566969, 19.30271964957825 ], [ -104.161026089346265, 19.303034980752305 ], [ -104.16065799922211, 19.303470860657502 ], [ -104.16007004982319, 19.304003799930179 ], [ -104.159581139475037, 19.305314920015046 ], [ -104.159369030296347, 19.306700079581887 ], [ -104.159114458603526, 19.307572200115281 ], [ -104.158827030240388, 19.309070449645166 ], [ -104.158450310128487, 19.310210771356402 ], [ -104.158098798786426, 19.310831490067187 ], [ -104.157902889695151, 19.310850321282267 ], [ -104.157439479754174, 19.310932770128879 ], [ -104.15690188033571, 19.311031600814594 ], [ -104.156574709259431, 19.311135769581604 ], [ -104.156093830457593, 19.311287750021346 ], [ -104.155693080050028, 19.311415680249752 ], [ -104.155381419773519, 19.311572889937711 ], [ -104.155053888632438, 19.311745620321783 ], [ -104.154693320107, 19.311865320866787 ], [ -104.154307149060216, 19.311827819854557 ], [ -104.15400580008216, 19.311962829740661 ], [ -104.154122339986202, 19.312384050650369 ], [ -104.154264709271771, 19.312804910566676 ], [ -104.154262910362618, 19.313272379645358 ], [ -104.154268079862774, 19.313598491248467 ], [ -104.15422761973258, 19.313912950369478 ], [ -104.154075249666107, 19.314443000509545 ], [ -104.153812320009521, 19.314675351165587 ], [ -104.152930378982731, 19.315152419986713 ], [ -104.15255325893402, 19.315066970620578 ], [ -104.152175149348508, 19.314918649576832 ], [ -104.152279460069536, 19.314525911158697 ], [ -104.152295829660403, 19.31424506000463 ], [ -104.152241718655233, 19.314002460240758 ], [ -104.15211471981668, 19.313892479556319 ], [ -104.151943949215237, 19.313811081219029 ], [ -104.151642149573973, 19.313829350769872 ], [ -104.151341249851043, 19.313903490175736 ], [ -104.150863459859295, 19.313943890105236 ], [ -104.150228599033966, 19.314146719831125 ], [ -104.149925368889683, 19.314169820739991 ], [ -104.149586059310749, 19.313999420322897 ], [ -104.149108459418201, 19.313693890592344 ], [ -104.148660780142052, 19.313610620637174 ], [ -104.148237219653623, 19.31339257023912 ], [ -104.148050399966721, 19.313191830647163 ], [ -104.147576320283264, 19.313131939663464 ], [ -104.147221919470624, 19.312937089576049 ], [ -104.146956119286045, 19.312718770040743 ], [ -104.146628689162057, 19.312512949773438 ], [ -104.146304649830569, 19.312292371060668 ], [ -104.146197309855012, 19.312080200880271 ], [ -104.145783570276038, 19.311927801002678 ], [ -104.145576290016436, 19.311636779698002 ], [ -104.145488600071062, 19.311417819661962 ], [ -104.14537362883047, 19.311260941178649 ], [ -104.145153619122794, 19.311226880473892 ], [ -104.144789089711622, 19.311240969969475 ], [ -104.144552308993283, 19.311346079575323 ], [ -104.144353140294058, 19.311569380833451 ], [ -104.144163949167293, 19.31192080085782 ], [ -104.144174419928675, 19.3123822003237 ], [ -104.143369090104827, 19.313864090673786 ], [ -104.142956109644629, 19.314302570873867 ], [ -104.142597939969519, 19.314707370756576 ], [ -104.142256310117062, 19.315010651094376 ], [ -104.141683399695452, 19.315414600410101 ], [ -104.141272248580492, 19.315666769896513 ], [ -104.140158860166736, 19.316167030813869 ], [ -104.139960858963079, 19.316081431132929 ], [ -104.139779779715425, 19.315963890869533 ], [ -104.139651170413558, 19.315584031343896 ], [ -104.139443689672248, 19.315317050139342 ], [ -104.139130198922373, 19.314760120298391 ], [ -104.139004849532029, 19.314327230558895 ], [ -104.138903749389954, 19.313910981247201 ], [ -104.138669229860511, 19.313643380390403 ], [ -104.138378079033771, 19.313412289592179 ], [ -104.138207509329689, 19.312960291344265 ], [ -104.137951459073534, 19.312690660658365 ], [ -104.137720689664036, 19.312414770260819 ], [ -104.137442118940484, 19.312353660679509 ], [ -104.137017029122802, 19.312549399802499 ], [ -104.136627028714784, 19.31268772004967 ], [ -104.136325000082849, 19.312821000880568 ], [ -104.136035998768861, 19.312934940700735 ], [ -104.135872078611854, 19.313084030402024 ], [ -104.135797369749994, 19.313438451024421 ], [ -104.135709578750948, 19.313828620385149 ], [ -104.135673030358845, 19.314276920235976 ], [ -104.135792028853785, 19.314915920753517 ], [ -104.135908848704617, 19.315292371151358 ], [ -104.135989719529263, 19.315777510668688 ], [ -104.136049919491143, 19.316311480290864 ], [ -104.13581681871068, 19.316497511119522 ], [ -104.135613819362064, 19.316807001335455 ], [ -104.13551910952944, 19.316952880388957 ], [ -104.135541849033558, 19.317264029869332 ], [ -104.135205689488487, 19.317690660786244 ], [ -104.13505154930796, 19.3182124897295 ], [ -104.134849060262695, 19.318676030996283 ], [ -104.134697428826314, 19.318913221209186 ], [ -104.134474420187331, 19.319032520894808 ], [ -104.134314889041192, 19.319315569693309 ], [ -104.134044198891331, 19.319674969583716 ], [ -104.133791249069702, 19.319830309589626 ], [ -104.133468979513125, 19.320122290076981 ], [ -104.133139480397432, 19.320201450533322 ], [ -104.132811890205815, 19.3203654496842 ], [ -104.132654399345114, 19.320657950433731 ], [ -104.132207749430009, 19.320886260623819 ], [ -104.131765248797223, 19.320994950354411 ], [ -104.131238279398715, 19.32095480129275 ], [ -104.13097877892703, 19.320796000934045 ], [ -104.130561939120838, 19.320266520912639 ], [ -104.130258769869386, 19.319550949595143 ], [ -104.130114850285437, 19.319145260171609 ], [ -104.130015770252271, 19.318861251255743 ], [ -104.130059830178041, 19.318379540471366 ], [ -104.129976969170556, 19.31803006076424 ], [ -104.12985225994241, 19.317809419812722 ], [ -104.129600169019739, 19.31776447983858 ], [ -104.129340400057231, 19.317789479729953 ], [ -104.129111829041889, 19.317819941085652 ], [ -104.128875400248305, 19.317956850940202 ], [ -104.128552709630441, 19.318191880910838 ], [ -104.12815827930639, 19.318478290510775 ], [ -104.12790662913477, 19.318680059574806 ], [ -104.127672848804792, 19.318865091111316 ], [ -104.127403749683708, 19.319050090623179 ], [ -104.127100479801811, 19.319184550747451 ], [ -104.126866848719516, 19.319318660373131 ], [ -104.126509259512375, 19.319520220969032 ], [ -104.126242139220281, 19.319720650531753 ], [ -104.126070249048169, 19.320143289798715 ], [ -104.125760399108955, 19.320404450857946 ], [ -104.12538519996852, 19.320421401298052 ], [ -104.125056248844828, 19.320245091266081 ], [ -104.124944679158034, 19.319803109659023 ], [ -104.124658169304169, 19.319585350646005 ], [ -104.124349109705904, 19.319502151110957 ], [ -104.124060679253745, 19.319484771219425 ], [ -104.123815620462082, 19.319326150929669 ], [ -104.123489319153009, 19.319262770592868 ], [ -104.123226979618693, 19.319057340493313 ], [ -104.123087709647081, 19.319031170496782 ], [ -104.122984619677354, 19.319041940208052 ], [ -104.122873030394459, 19.31914144988221 ], [ -104.122736029083981, 19.319287350084302 ], [ -104.122650649444665, 19.319497430167207 ], [ -104.122519749204585, 19.319820340838891 ], [ -104.12254607919381, 19.320110860075449 ], [ -104.122659459348824, 19.32048336998151 ], [ -104.122832648725037, 19.320805220665306 ], [ -104.122905859618754, 19.320998370043228 ], [ -104.123172049536919, 19.321397740574319 ], [ -104.123425918845925, 19.32172652033535 ], [ -104.123730428627809, 19.322038520951729 ], [ -104.123998749198449, 19.322206289781992 ], [ -104.124277979983717, 19.322347110820527 ], [ -104.124460880467424, 19.322473201078747 ], [ -104.124502109473539, 19.322808169789681 ], [ -104.124515058765269, 19.32318933993658 ], [ -104.12474625981055, 19.323531490661228 ], [ -104.125325338930026, 19.323990151012481 ], [ -104.12549736956764, 19.324252251301949 ], [ -104.125329579866062, 19.325015341170925 ], [ -104.125148139223214, 19.32550492098725 ], [ -104.125011259921806, 19.325930001004775 ], [ -104.12476659928241, 19.326276629863059 ], [ -104.124394169788431, 19.3264503402816 ], [ -104.123975689819545, 19.326438891037345 ], [ -104.123820749428077, 19.326597629932561 ], [ -104.123665489465807, 19.32701685028103 ], [ -104.123416579242786, 19.327182661125534 ], [ -104.12307931886231, 19.327193000407842 ], [ -104.122653278926137, 19.327204620837726 ], [ -104.122279619781651, 19.327159341185652 ], [ -104.121736859971733, 19.327047320536064 ], [ -104.121549220393064, 19.327265051345162 ], [ -104.121588628841778, 19.32749655020071 ], [ -104.121735859185009, 19.327749181214156 ], [ -104.122055618582877, 19.327965449907996 ], [ -104.122600848840705, 19.328183881071229 ], [ -104.123736310199334, 19.328367199903951 ], [ -104.124384110093501, 19.328362310007488 ], [ -104.124726508925036, 19.328689709579439 ], [ -104.127879858890537, 19.337918109796124 ], [ -104.132888938892677, 19.352415320593874 ], [ -104.133344120049657, 19.353745830834256 ], [ -104.12842548954859, 19.356131710397346 ], [ -104.120263219615708, 19.360090450330766 ], [ -104.11879858007957, 19.3716635508591 ], [ -104.115771340140483, 19.374801851161354 ], [ -104.110457800057645, 19.380306750915636 ], [ -104.109598000416568, 19.381197089957002 ], [ -104.104070679813503, 19.384208600284055 ], [ -104.098906400347246, 19.388302770947323 ], [ -104.091092659900454, 19.392554619640794 ], [ -104.090226219386935, 19.393024799613976 ], [ -104.086358880407772, 19.405029321329021 ], [ -104.084871849524376, 19.407820720014254 ], [ -104.084205369302467, 19.409072340846432 ], [ -104.083837399249447, 19.415598949587778 ], [ -104.081973539082327, 19.41842672113793 ], [ -104.070883748859913, 19.435235431270613 ], [ -104.077530998930854, 19.432701180387038 ], [ -104.079942939104342, 19.431781749725047 ], [ -104.079798919647473, 19.432544859615088 ], [ -104.079752749760161, 19.433085720559866 ], [ -104.079965770265872, 19.434086310014603 ], [ -104.080487288913858, 19.435212940569929 ], [ -104.081055019850126, 19.435799170858331 ], [ -104.082057999973642, 19.437053370037621 ], [ -104.082405078977018, 19.437762689778751 ], [ -104.082708849321534, 19.438388799728987 ], [ -104.083318628761234, 19.439224799866885 ], [ -104.083836229905472, 19.439967479892371 ], [ -104.084499179523007, 19.440407420903988 ], [ -104.085504908660397, 19.440901510221803 ], [ -104.086639778886962, 19.442031000222833 ], [ -104.085859739997971, 19.445043280107647 ], [ -104.076739519129205, 19.480214720192681 ], [ -104.076162169338545, 19.481324259599333 ], [ -104.075336230201856, 19.481984580066452 ], [ -104.075029449299677, 19.482230650222203 ], [ -104.074510259784319, 19.482645000124709 ], [ -104.074371779752582, 19.482697229567769 ], [ -104.074203420413966, 19.482760749860041 ], [ -104.07347022938508, 19.48303809039567 ], [ -104.073212460042612, 19.48284098012536 ], [ -104.072665979660471, 19.482421540164779 ], [ -104.072244680379583, 19.482095451340513 ], [ -104.07213416998087, 19.482057350474758 ], [ -104.072022579155103, 19.482075139646593 ], [ -104.071981820401604, 19.482144091080819 ], [ -104.072004740123731, 19.482245320736684 ], [ -104.072101918794615, 19.482463459857833 ], [ -104.072201540164031, 19.482758121131067 ], [ -104.07225569020892, 19.483044820671974 ], [ -104.07219302968744, 19.483260750013613 ], [ -104.072081650470636, 19.483394970135926 ], [ -104.071552050158161, 19.483517491148518 ], [ -104.071485510227774, 19.483532999961195 ], [ -104.071273089933612, 19.483582479834975 ], [ -104.070798799222828, 19.483620691184083 ], [ -104.070112970283503, 19.483634059686729 ], [ -104.069560230234984, 19.483853950704265 ], [ -104.068981258898361, 19.484296830432449 ], [ -104.068179229158673, 19.485590650589675 ], [ -104.068142029607074, 19.485658479645455 ], [ -104.067649889516872, 19.486596919927312 ], [ -104.067409229017343, 19.487108201341695 ], [ -104.067206260354084, 19.487395879919717 ], [ -104.066590199078476, 19.488354050391653 ], [ -104.066316139851622, 19.489057250165139 ], [ -104.065989598808002, 19.490017079800761 ], [ -104.065715290482942, 19.490704430677113 ], [ -104.065184548773615, 19.491935000301353 ], [ -104.064672139657674, 19.492925740146738 ], [ -104.063923218608039, 19.493947510331498 ], [ -104.063477688995093, 19.495002479643642 ], [ -104.062943509292452, 19.495503630463059 ], [ -104.061725059829357, 19.497702940015447 ], [ -104.0617249413216, 19.497702938912596 ] ] ] } },
{ "type": "Feature", "properties": { "CVEGEO": "06002", "CVE_ENT": "06", "CVE_MUN": "002", "NOMGEO": "Colima" }, "geometry": { "type": "Polygon", "coordinates": [ [ [ -103.678870879660579, 19.325608479922849 ], [ -103.678534750440164, 19.325458750447176 ], [ -103.676350000379728, 19.324771509655807 ], [ -103.674580219943465, 19.324214779956144 ], [ -103.672193380368043, 19.323467771880118 ], [ -103.670043369676719, 19.322793631610672 ], [ -103.669969420233556, 19.322768121938736 ], [ -103.668825519642411, 19.322434452033303 ], [ -103.668420650341062, 19.322334681777857 ], [ -103.664700479992163, 19.321116342142094 ], [ -103.663261879588745, 19.32051229221392 ], [ -103.662547650007212, 19.320509139746473 ], [ -103.660814769788516, 19.318594449636823 ], [ -103.661102570146767, 19.317218680292921 ], [ -103.661489539832004, 19.315304650148164 ], [ -103.660823079762253, 19.314259370424722 ], [ -103.660487320109127, 19.313843109818951 ], [ -103.660395950260948, 19.313729829635054 ], [ -103.660675020285424, 19.312963709784171 ], [ -103.661229509550182, 19.312421919756986 ], [ -103.661686229889199, 19.31231498000896 ], [ -103.662291940206245, 19.312295349846156 ], [ -103.662946150406725, 19.312342519688212 ], [ -103.6634026200298, 19.312212919761425 ], [ -103.664366779779101, 19.312089059832569 ], [ -103.665162120084702, 19.311970950378814 ], [ -103.665738370218776, 19.311883059992233 ], [ -103.665384860088707, 19.311457819846101 ], [ -103.6651066196724, 19.311099050350951 ], [ -103.66456034047215, 19.310748940044476 ], [ -103.664160829931589, 19.310462890309115 ], [ -103.663831750074991, 19.310082570336242 ], [ -103.663722050076672, 19.309695400047101 ], [ -103.663681430318817, 19.309259819997418 ], [ -103.663887060289582, 19.308908230323578 ], [ -103.664075859567092, 19.308741350319039 ], [ -103.664457089965012, 19.307923519659578 ], [ -103.665381829835297, 19.306684600329664 ], [ -103.66574195021353, 19.306092399971252 ], [ -103.666291310394357, 19.305759569758671 ], [ -103.666948829542605, 19.305298800304818 ], [ -103.667087859687015, 19.304808060136505 ], [ -103.667730879805248, 19.304376220360012 ], [ -103.668221380285047, 19.303763489596076 ], [ -103.668826029629955, 19.302885029654973 ], [ -103.669005820352581, 19.302493940208297 ], [ -103.669246860149187, 19.302060999920609 ], [ -103.670065520422853, 19.300664380370314 ], [ -103.670911770028638, 19.29903159964741 ], [ -103.671344429860582, 19.298200229917178 ], [ -103.671390260264232, 19.298039109907617 ], [ -103.67149690990054, 19.297703319814136 ], [ -103.671357630396713, 19.297191079630334 ], [ -103.671297889871056, 19.297010460053848 ], [ -103.671417940274068, 19.296498580270825 ], [ -103.671394379582196, 19.296173310007955 ], [ -103.671417150043851, 19.295899250384952 ], [ -103.671343260212979, 19.295327220117162 ], [ -103.671322420392485, 19.294785479988906 ], [ -103.671217620050598, 19.292540370228714 ], [ -103.671205179577697, 19.292274030338117 ], [ -103.671224890423872, 19.291577799732771 ], [ -103.67145377965474, 19.291063820083128 ], [ -103.671521140399165, 19.29082124957274 ], [ -103.671804200336481, 19.290234549622934 ], [ -103.67262381971598, 19.288060429746121 ], [ -103.672977800158122, 19.28739825973183 ], [ -103.673319080168554, 19.286755779850697 ], [ -103.673400740420846, 19.28661171962343 ], [ -103.673679219798501, 19.286379109753522 ], [ -103.673891999627685, 19.285586769972184 ], [ -103.673886969817048, 19.285290659655708 ], [ -103.674319779971881, 19.284372259783197 ], [ -103.674808740147085, 19.283610509736235 ], [ -103.674849579866518, 19.283500380074067 ], [ -103.675358029985503, 19.28284691996312 ], [ -103.675551140162497, 19.282509850155442 ], [ -103.675909080007798, 19.28178002024195 ], [ -103.676385999994764, 19.281232599997416 ], [ -103.676850380334031, 19.281050719635633 ], [ -103.678251050222045, 19.280241520141097 ], [ -103.678553350025766, 19.279896830105301 ], [ -103.678977739847241, 19.279505510199279 ], [ -103.679336580350167, 19.27880071019732 ], [ -103.680638619529276, 19.27540614975231 ], [ -103.68104900039593, 19.274869620434131 ], [ -103.681191169727398, 19.2746784500867 ], [ -103.681631319762772, 19.274358249849918 ], [ -103.683365739868634, 19.273139200128622 ], [ -103.683900820300735, 19.27284470965035 ], [ -103.684584320377098, 19.272075460138776 ], [ -103.684659430176026, 19.271915979937145 ], [ -103.685128369812546, 19.271216850258782 ], [ -103.686240999864012, 19.270551249592838 ], [ -103.686384850222638, 19.270445939834222 ], [ -103.6864369800997, 19.270112800029825 ], [ -103.686576880317375, 19.26969157018813 ], [ -103.68677328978093, 19.269522110395471 ], [ -103.687245629904524, 19.269253000238031 ], [ -103.688123549600959, 19.268673400187364 ], [ -103.686478540008096, 19.266991059702221 ], [ -103.684297320059798, 19.265314999966815 ], [ -103.682415939829028, 19.264030800189637 ], [ -103.682262029566502, 19.26392574025467 ], [ -103.681789480395707, 19.263851830020585 ], [ -103.681715950178656, 19.26389178005142 ], [ -103.679273000444255, 19.266123939599712 ], [ -103.678978019626769, 19.266393459890345 ], [ -103.676311220427806, 19.26809603022841 ], [ -103.676275739551315, 19.268057550012724 ], [ -103.674414540244427, 19.269071949854784 ], [ -103.674467769916902, 19.269124019781746 ], [ -103.672742719615997, 19.270028799699141 ], [ -103.669496079644546, 19.2683150896078 ], [ -103.669099150268124, 19.268132140381685 ], [ -103.668884030011753, 19.268426950069362 ], [ -103.667412349418413, 19.270443769978815 ], [ -103.667389679962, 19.270430140018213 ], [ -103.665214909728789, 19.269856489888245 ], [ -103.664682619608712, 19.269786219897625 ], [ -103.663329976445965, 19.269589118498956 ], [ -103.662876449781606, 19.269523029588093 ], [ -103.66257747954333, 19.268709280249674 ], [ -103.660977279780838, 19.263763820273777 ], [ -103.660545340228964, 19.262428860032816 ], [ -103.660535310069108, 19.262153850169128 ], [ -103.660302769991517, 19.261701179854771 ], [ -103.660096139820993, 19.26133992004193 ], [ -103.660098570433902, 19.260991679726661 ], [ -103.660113459614834, 19.260648449873404 ], [ -103.660365850052884, 19.260224429566506 ], [ -103.660481769557308, 19.259953110330418 ], [ -103.660569950363765, 19.259752849889267 ], [ -103.660870949753345, 19.259562649645911 ], [ -103.661235480416337, 19.259340139767648 ], [ -103.661523420373911, 19.259094019978562 ], [ -103.661751480172484, 19.258632400427651 ], [ -103.66195914023298, 19.25790648990721 ], [ -103.662099089967185, 19.257415230135265 ], [ -103.662130119878583, 19.256831679889235 ], [ -103.662287479891944, 19.256476140244004 ], [ -103.662075089889399, 19.256310740202505 ], [ -103.658693689868286, 19.255459079943673 ], [ -103.65997214960943, 19.254249399762713 ], [ -103.663352739804125, 19.251081999726832 ], [ -103.666691259962505, 19.247973649601178 ], [ -103.666923969660999, 19.247734000324645 ], [ -103.671957599582996, 19.243533620009821 ], [ -103.674455770362485, 19.241448859996193 ], [ -103.674907400432943, 19.241071979943364 ], [ -103.675302880386795, 19.241050399892867 ], [ -103.675554486718212, 19.240935224507275 ], [ -103.67556636834297, 19.240902579066145 ], [ -103.675665320817714, 19.240630704715091 ], [ -103.675684834693683, 19.240577090588829 ], [ -103.675642543715057, 19.240471457801739 ], [ -103.675548106520964, 19.240367382037622 ], [ -103.675529750087179, 19.240347151977947 ], [ -103.675533678448787, 19.240334973320294 ], [ -103.675661968984855, 19.239937322099067 ], [ -103.675485379346568, 19.239878032144571 ], [ -103.674991583068632, 19.239712253084651 ], [ -103.674766557364947, 19.237997158731542 ], [ -103.674596420220766, 19.236700373881856 ], [ -103.674407379162872, 19.234935034429299 ], [ -103.675002289417009, 19.234283803334961 ], [ -103.674690190187746, 19.234164810476102 ], [ -103.674690002365693, 19.234164737372478 ], [ -103.674453209948325, 19.234074456259229 ], [ -103.673597748717683, 19.233748311683652 ], [ -103.673533974369022, 19.233725541278108 ], [ -103.673507979790458, 19.233716309668498 ], [ -103.671496679640043, 19.233001059993011 ], [ -103.670426570397268, 19.232626449790789 ], [ -103.668876350016603, 19.232083770363946 ], [ -103.667999550268078, 19.231778920371582 ], [ -103.66792534973338, 19.231753140346747 ], [ -103.666441370065044, 19.231237169735685 ], [ -103.66549442024656, 19.230923050179335 ], [ -103.663757580021169, 19.230353280175343 ], [ -103.663927220011033, 19.230229259923078 ], [ -103.665123400449517, 19.229609089731763 ], [ -103.660653880076552, 19.230650049903495 ], [ -103.656722029988444, 19.231552890310052 ], [ -103.65667631000403, 19.231561119891332 ], [ -103.653750569960764, 19.232214140214484 ], [ -103.653130510227953, 19.23237907962082 ], [ -103.650861149872568, 19.232683309645775 ], [ -103.650648379934637, 19.231702459792903 ], [ -103.650566200069434, 19.230822420418505 ], [ -103.650656909824392, 19.230201999883334 ], [ -103.650830080413911, 19.229933419685221 ], [ -103.651144259654785, 19.229732949754524 ], [ -103.651146820119038, 19.22931459972126 ], [ -103.65099220035674, 19.228989550140035 ], [ -103.65096798018935, 19.228564690338466 ], [ -103.65105686014725, 19.22818714973668 ], [ -103.651016050288362, 19.227809419617451 ], [ -103.650848720107035, 19.227537849951673 ], [ -103.650705620420368, 19.22737518004736 ], [ -103.650595369844368, 19.227090489879462 ], [ -103.650413120122892, 19.226846179960916 ], [ -103.650213569786843, 19.226669460104947 ], [ -103.64997335037998, 19.226519280378028 ], [ -103.649676819711758, 19.226287540025673 ], [ -103.64935108999957, 19.226163720157722 ], [ -103.649278599547927, 19.226084630130767 ], [ -103.649124019530177, 19.225918720109629 ], [ -103.648997740027625, 19.225728800082663 ], [ -103.64891274014056, 19.225559879796144 ], [ -103.648841980431072, 19.225466079572541 ], [ -103.649146549640093, 19.225022860242493 ], [ -103.649148219810854, 19.22476640021268 ], [ -103.649207089907264, 19.22451039974526 ], [ -103.649137720445424, 19.224293749985797 ], [ -103.649110169682103, 19.224145119616072 ], [ -103.649111999661102, 19.223902250428278 ], [ -103.649257650058701, 19.223565490322251 ], [ -103.649445600319737, 19.223337520176308 ], [ -103.649588170367309, 19.223298000032599 ], [ -103.649785889545484, 19.223245479626694 ], [ -103.649942750445646, 19.223206449763623 ], [ -103.650270969923923, 19.2231410796857 ], [ -103.650669880108708, 19.223009349619609 ], [ -103.651000079600479, 19.222714780348138 ], [ -103.651075460163867, 19.222246280318515 ], [ -103.651235179617373, 19.221891779747313 ], [ -103.651330999685115, 19.221536910089434 ], [ -103.65135156955985, 19.221266110341638 ], [ -103.651380820209184, 19.221082890215797 ], [ -103.651360849559978, 19.220852119679233 ], [ -103.65136991040616, 19.220576289939334 ], [ -103.651298599874536, 19.220436659670753 ], [ -103.651254549683799, 19.220343200387966 ], [ -103.651134199663005, 19.22024823034884 ], [ -103.650992580173579, 19.220129749620941 ], [ -103.65087388030102, 19.220012200287826 ], [ -103.65083128953205, 19.219803690358585 ], [ -103.650887369917598, 19.219551709634249 ], [ -103.650917680027177, 19.219299460015336 ], [ -103.650659720474565, 19.218922740425366 ], [ -103.650465080097192, 19.218578850140894 ], [ -103.650285480178312, 19.218108979577771 ], [ -103.650362940067495, 19.217667770081189 ], [ -103.65062437037254, 19.217373939713571 ], [ -103.650763049908448, 19.217199450324863 ], [ -103.651004880116588, 19.21733833972635 ], [ -103.651182110389243, 19.217611630059679 ], [ -103.651392249682843, 19.217868830282537 ], [ -103.6517760799901, 19.218108419927237 ], [ -103.652063119978521, 19.218213489770079 ], [ -103.652445889625739, 19.218324259863898 ], [ -103.652642150122631, 19.21837667978922 ], [ -103.652879060364256, 19.218260939548422 ], [ -103.652923859584618, 19.218112880256218 ], [ -103.652920649612128, 19.217847290348001 ], [ -103.652825219610676, 19.217666349693186 ], [ -103.652682380236016, 19.217421979817487 ], [ -103.652582170357334, 19.216975079864838 ], [ -103.652803540263761, 19.216791779955201 ], [ -103.653117319940606, 19.216717579724982 ], [ -103.653329660131874, 19.216471479699262 ], [ -103.653440780006903, 19.21607705990801 ], [ -103.653461340110425, 19.215722980154311 ], [ -103.65332675002216, 19.21555145967643 ], [ -103.652927619629764, 19.215308340084565 ], [ -103.652691290190205, 19.214941339628499 ], [ -103.652693380363743, 19.214430170287052 ], [ -103.652958800375302, 19.214466569816128 ], [ -103.653453979816362, 19.214327460177905 ], [ -103.654031979893219, 19.214264549594489 ], [ -103.654436550311758, 19.214206860142824 ], [ -103.654674370334021, 19.213924620065281 ], [ -103.654891919776901, 19.213622119907413 ], [ -103.655000749828233, 19.213318660066836 ], [ -103.655002770225252, 19.21306290974108 ], [ -103.654598519622652, 19.212871049613792 ], [ -103.652738420464289, 19.212008429675979 ], [ -103.648024029621467, 19.209821999741042 ], [ -103.647691980087259, 19.209668000421097 ], [ -103.642032309785662, 19.207361550006887 ], [ -103.640845820255365, 19.206873340031862 ], [ -103.639372219857577, 19.206266999889525 ], [ -103.642501970378845, 19.202691630279801 ], [ -103.645002250082101, 19.199835170069342 ], [ -103.646083029822435, 19.198600380161636 ], [ -103.649970199611502, 19.194159109952913 ], [ -103.650000250241916, 19.194220689804556 ], [ -103.649911629762443, 19.193672520113982 ], [ -103.64975282034527, 19.192802980352454 ], [ -103.649522230107792, 19.192020229622884 ], [ -103.649002550093442, 19.190617539596179 ], [ -103.648641829943017, 19.190674289918995 ], [ -103.648376979887971, 19.190994020069009 ], [ -103.648129350201359, 19.191207939880439 ], [ -103.647937770261592, 19.191456450217633 ], [ -103.647736710079428, 19.191687460197109 ], [ -103.647580379985754, 19.191880660214888 ], [ -103.647369920029377, 19.192008289898659 ], [ -103.647155649916968, 19.191913829758345 ], [ -103.646941350189067, 19.191819339758826 ], [ -103.646910259927665, 19.191546880113016 ], [ -103.647081970190641, 19.191184149621488 ], [ -103.647189630109992, 19.190892549858333 ], [ -103.647315090384581, 19.190539140381556 ], [ -103.647415089927478, 19.190379629823052 ], [ -103.647608259943212, 19.190263140344545 ], [ -103.647680490371272, 19.19010391011917 ], [ -103.647603690134844, 19.1898847401735 ], [ -103.64678024960017, 19.189967970389933 ], [ -103.645723720317193, 19.189952859613538 ], [ -103.645388629757363, 19.190005139624109 ], [ -103.645145200262903, 19.189796570284514 ], [ -103.645020820302094, 19.189472289665577 ], [ -103.644915080369941, 19.189156620432428 ], [ -103.644584450285819, 19.188771680188029 ], [ -103.644479120388368, 19.188491200067471 ], [ -103.644179890455945, 19.188265630299821 ], [ -103.643819180013139, 19.188322349857362 ], [ -103.643414369909465, 19.188564400034181 ], [ -103.643183079650242, 19.18878685979362 ], [ -103.643112890099815, 19.189113259750616 ], [ -103.643184000283981, 19.189631719774283 ], [ -103.643140229680483, 19.189843429743828 ], [ -103.643150149683322, 19.189997920059188 ], [ -103.64281094999194, 19.189936490336109 ], [ -103.642455459762047, 19.189921289699154 ], [ -103.642178049916808, 19.189968309823197 ], [ -103.64219112017004, 19.190285000312546 ], [ -103.642426570204904, 19.190599259591551 ], [ -103.642567769525556, 19.190782539612993 ], [ -103.642625369544305, 19.190949120242415 ], [ -103.642599580269732, 19.191189050177673 ], [ -103.642481580004741, 19.191392749958517 ], [ -103.64229692010619, 19.191447570154597 ], [ -103.642113739919608, 19.191625579704343 ], [ -103.641948320005, 19.191741800267771 ], [ -103.641645660128802, 19.192000310020997 ], [ -103.642039200415098, 19.192508350302855 ], [ -103.642399120396362, 19.192706519974269 ], [ -103.642556849962176, 19.193030970068065 ], [ -103.64260795009973, 19.193426459960143 ], [ -103.642235919554167, 19.193641830237787 ], [ -103.641882280171117, 19.193727220063124 ], [ -103.641453780306946, 19.193836860326126 ], [ -103.641102020100959, 19.193867079767202 ], [ -103.640710199825904, 19.193777370290924 ], [ -103.640293280402517, 19.193832800312187 ], [ -103.640045509849116, 19.194055259863177 ], [ -103.639505619823765, 19.193899689578348 ], [ -103.639135799990996, 19.193924309679581 ], [ -103.638729940281834, 19.194185079713456 ], [ -103.638652259639898, 19.194661149887018 ], [ -103.638749680011912, 19.195056149759818 ], [ -103.638483309994641, 19.195252659692429 ], [ -103.638237750175676, 19.19528128034224 ], [ -103.637910969695, 19.195281980430035 ], [ -103.637563720260502, 19.195184940029581 ], [ -103.636889509675242, 19.194978799609931 ], [ -103.636548630440387, 19.194968430146602 ], [ -103.636673550295995, 19.195501720329581 ], [ -103.636664140040367, 19.195952080014557 ], [ -103.636742280287336, 19.196288909629715 ], [ -103.636804000137673, 19.196586140010186 ], [ -103.63668502015561, 19.19680121965202 ], [ -103.636276820282291, 19.197098379819334 ], [ -103.635968430111788, 19.197326830329075 ], [ -103.635734280187123, 19.197568580373101 ], [ -103.635500659578199, 19.197852510405237 ], [ -103.635326620240519, 19.198163939562217 ], [ -103.635316019556612, 19.198515820412464 ], [ -103.635342550260077, 19.198974599550223 ], [ -103.635096510058489, 19.199243619997308 ], [ -103.634798860019799, 19.199542769732002 ], [ -103.634555460262234, 19.199536689672655 ], [ -103.634193889799391, 19.199332289936091 ], [ -103.633653719866132, 19.19932828956162 ], [ -103.633143510441329, 19.19922528976851 ], [ -103.632653740250362, 19.199092490212067 ], [ -103.632239829679122, 19.199225200397663 ], [ -103.63212088006938, 19.199699979552314 ], [ -103.632163090080695, 19.200037689658188 ], [ -103.632157799659083, 19.200461939815323 ], [ -103.632016979943273, 19.200848179570372 ], [ -103.631875949824348, 19.201214690003532 ], [ -103.631693029895004, 19.201552079798695 ], [ -103.631341939667493, 19.201652579628874 ], [ -103.631070680013806, 19.201532600012918 ], [ -103.630924049628618, 19.20139043039153 ], [ -103.630800309783623, 19.201248549613702 ], [ -103.63052999978602, 19.201129180235597 ], [ -103.630182460236426, 19.201008919738289 ], [ -103.629935170203041, 19.201218769899803 ], [ -103.629561050259127, 19.20142724966788 ], [ -103.629359399556847, 19.201707970093761 ], [ -103.629281680288557, 19.202224490378025 ], [ -103.629157509779148, 19.202365149604191 ], [ -103.628809450348044, 19.202362110048099 ], [ -103.628339350225446, 19.202358659671233 ], [ -103.628188750028173, 19.20252225978065 ], [ -103.628087229728735, 19.202803520230741 ], [ -103.628001519710409, 19.203207290236616 ], [ -103.62810391998093, 19.203488349839958 ], [ -103.628070569791547, 19.203673179882816 ], [ -103.627915119992494, 19.20380451044311 ], [ -103.627686720384588, 19.204111660063123 ], [ -103.627577399810647, 19.204422570178409 ], [ -103.627225719865478, 19.204588880134274 ], [ -103.626832520349097, 19.20483764974939 ], [ -103.626186089792427, 19.205046740056041 ], [ -103.625741019588588, 19.204902619846937 ], [ -103.625620629595971, 19.204642940216608 ], [ -103.625548890457907, 19.204383830034097 ], [ -103.625012229844046, 19.204213220242789 ], [ -103.624462259909052, 19.204034519636046 ], [ -103.624114060354742, 19.204474629868269 ], [ -103.624115680398532, 19.204950399847764 ], [ -103.624034310303927, 19.20553866044008 ], [ -103.624059800117436, 19.20619292021448 ], [ -103.623624650146795, 19.206751429609174 ], [ -103.623133679588889, 19.207075579697424 ], [ -103.622553550168902, 19.207333549887199 ], [ -103.622079230072671, 19.207573630340708 ], [ -103.621481449629201, 19.20783179976673 ], [ -103.62081138017237, 19.207956460438904 ], [ -103.620420219805766, 19.208078149937354 ], [ -103.620169970273565, 19.208002169702453 ], [ -103.619919719959412, 19.207926180012596 ], [ -103.619466109936795, 19.207955120339008 ], [ -103.619273720240827, 19.208124999765303 ], [ -103.61911648975223, 19.208277720404698 ], [ -103.618906250020615, 19.208431030219067 ], [ -103.618518890426074, 19.208552659573822 ], [ -103.617912800121132, 19.20850534000483 ], [ -103.617624230263047, 19.208331820204315 ], [ -103.617277980172787, 19.208031090244006 ], [ -103.616865170294744, 19.207710089800432 ], [ -103.616332509672105, 19.207537310422811 ], [ -103.616113690048351, 19.207728619886804 ], [ -103.616051229682341, 19.208054720003098 ], [ -103.616364320229607, 19.208355799653038 ], [ -103.616599690427677, 19.208626229723343 ], [ -103.616613219552093, 19.208836030028348 ], [ -103.616527779901261, 19.209088890118867 ], [ -103.616453970150019, 19.209414260071927 ], [ -103.616366600080639, 19.209625340239764 ], [ -103.61629194974968, 19.209744320201185 ], [ -103.616065370462735, 19.209878060337381 ], [ -103.615567889673585, 19.209909659753208 ], [ -103.614916859807821, 19.209699179793638 ], [ -103.614465659685393, 19.209610520032324 ], [ -103.614299910404156, 19.209866110257078 ], [ -103.614178029886503, 19.210268169611947 ], [ -103.613982979602355, 19.210643859815985 ], [ -103.613451970082693, 19.210491020182705 ], [ -103.612953649644453, 19.210279490024934 ], [ -103.612548400409395, 19.210038690317528 ], [ -103.612061259787254, 19.209864519581675 ], [ -103.611697319567511, 19.210015370002907 ], [ -103.611516689942349, 19.210204309829116 ], [ -103.611619710373418, 19.210590619639781 ], [ -103.611920000238541, 19.211001520143412 ], [ -103.61207785955672, 19.211267020021783 ], [ -103.612222629759032, 19.21161279990843 ], [ -103.612170170315807, 19.211933980283373 ], [ -103.612060820305572, 19.212202320229125 ], [ -103.611981749735122, 19.212354000112043 ], [ -103.611937090000652, 19.212366970290475 ], [ -103.611549520296805, 19.212640850307857 ], [ -103.611250090037714, 19.212618980077576 ], [ -103.610958060193255, 19.21227712009734 ], [ -103.611060230291244, 19.211834030087786 ], [ -103.611197600099274, 19.211339579547584 ], [ -103.611139080221633, 19.210932219935749 ], [ -103.610654000453849, 19.210784400407828 ], [ -103.610138920287923, 19.211129879758392 ], [ -103.609533149895725, 19.211374339890519 ], [ -103.608767220083138, 19.211611540323521 ], [ -103.607893279857109, 19.21189943028612 ], [ -103.607193139946673, 19.212174059646163 ], [ -103.606986880268281, 19.21257701958476 ], [ -103.60697226000903, 19.213384080345833 ], [ -103.606991230318769, 19.214043139764033 ], [ -103.606884030001126, 19.21444833956339 ], [ -103.606699109819772, 19.214907540362191 ], [ -103.606556200397776, 19.21513234994293 ], [ -103.606402279535615, 19.215174449927826 ], [ -103.606232490070354, 19.215220880024027 ], [ -103.605898309895295, 19.215192969926065 ], [ -103.60478792020433, 19.214428479970813 ], [ -103.604023919546975, 19.214438059638795 ], [ -103.603719169699957, 19.214734050150135 ], [ -103.603837460215004, 19.215542090108652 ], [ -103.60386108040673, 19.216006750199504 ], [ -103.60368422014372, 19.216387479928887 ], [ -103.603322620198767, 19.216477400041679 ], [ -103.602883649738189, 19.216450940284375 ], [ -103.602174629791008, 19.21649661965666 ], [ -103.601743740351907, 19.21686282020422 ], [ -103.601641629932573, 19.217432140122206 ], [ -103.601756690471504, 19.217964689946868 ], [ -103.601857079934732, 19.218790149904788 ], [ -103.601735600168823, 19.219256369656843 ], [ -103.601341180338096, 19.219639379773877 ], [ -103.600962050059238, 19.219781149804753 ], [ -103.600435020418757, 19.219683429731422 ], [ -103.599797780287716, 19.219466340443557 ], [ -103.599309830014647, 19.21960926028229 ], [ -103.599134200119863, 19.220093280186461 ], [ -103.599285920072191, 19.220659909893293 ], [ -103.59909154044405, 19.221092450425758 ], [ -103.598930570357567, 19.221283569589168 ], [ -103.598565019789234, 19.221309850364246 ], [ -103.598368880117008, 19.2213239503427 ], [ -103.597896849818198, 19.221277290247677 ], [ -103.597241490120993, 19.221060369725443 ], [ -103.596448649625017, 19.22089301971107 ], [ -103.595778460097776, 19.220664049869828 ], [ -103.595068309872389, 19.220850449918327 ], [ -103.594382140148909, 19.220911739775154 ], [ -103.589067779585633, 19.22350222010915 ], [ -103.588541370213179, 19.223582459691727 ], [ -103.587699080023057, 19.223422169905021 ], [ -103.586853630439435, 19.223703370022424 ], [ -103.586480029597453, 19.224212289612915 ], [ -103.58607285991053, 19.22462475040307 ], [ -103.585531059930773, 19.224775379853011 ], [ -103.58481505978942, 19.224708170361254 ], [ -103.584228029908758, 19.224496920350227 ], [ -103.583511080164541, 19.224347090418696 ], [ -103.583030910413271, 19.224467079911765 ], [ -103.582549080190049, 19.225020719736914 ], [ -103.582131399996186, 19.225595779790105 ], [ -103.581756369664873, 19.225984690184895 ], [ -103.581492690210951, 19.226271630396742 ], [ -103.580883510458463, 19.226370310149676 ], [ -103.580471490361816, 19.226201969642588 ], [ -103.580038509652411, 19.226033219663375 ], [ -103.57947485992689, 19.225946259635794 ], [ -103.578492310418937, 19.226166059554252 ], [ -103.57755314996335, 19.226592569552089 ], [ -103.576656680082706, 19.227163549725777 ], [ -103.576021750367701, 19.22775728021135 ], [ -103.575600689609786, 19.228455820303832 ], [ -103.574897249638354, 19.22922457964016 ], [ -103.574266739552783, 19.229795819909761 ], [ -103.571320420346609, 19.226970660424548 ], [ -103.570054970455999, 19.228671380278382 ], [ -103.569330140370695, 19.226303540277893 ], [ -103.568244599795449, 19.222909340392047 ], [ -103.567483509556808, 19.220643850301872 ], [ -103.567471479655993, 19.220142149827566 ], [ -103.567337479941713, 19.219733260388658 ], [ -103.567310060032554, 19.219619649855051 ], [ -103.567251970231823, 19.219432519804865 ], [ -103.566965400301655, 19.218669680420216 ], [ -103.566872279834897, 19.218484030028161 ], [ -103.566786939907217, 19.217889119750989 ], [ -103.566414919832681, 19.216686349870063 ], [ -103.566312379608632, 19.216759659878168 ], [ -103.566250479895558, 19.216698339957777 ], [ -103.566134999582189, 19.216583920298707 ], [ -103.566160369992872, 19.216478660402107 ], [ -103.565346780443306, 19.216494089701648 ], [ -103.564795319974252, 19.216327600312486 ], [ -103.562441710280467, 19.215642939608131 ], [ -103.562351030116517, 19.215691150125647 ], [ -103.562323879677891, 19.215709200014942 ], [ -103.56228313988133, 19.215736290385927 ], [ -103.561964829887216, 19.216033570164161 ], [ -103.561680849608237, 19.216213739825832 ], [ -103.56151451041427, 19.216308509945502 ], [ -103.556054599728583, 19.217001549613972 ], [ -103.555508890044948, 19.217070800326727 ], [ -103.553683170075047, 19.217051490077807 ], [ -103.551174050407923, 19.216867510189299 ], [ -103.548580660427305, 19.21667731025434 ], [ -103.547350150171781, 19.216587050404446 ], [ -103.543016430121966, 19.215630950235717 ], [ -103.542008880006733, 19.216108579554444 ], [ -103.540765030051475, 19.216433820169303 ], [ -103.539540079991909, 19.216683580062298 ], [ -103.533073660446505, 19.216200429946376 ], [ -103.532328320311748, 19.216450169624906 ], [ -103.530043570181704, 19.215902200035035 ], [ -103.527932459857425, 19.215649429903465 ], [ -103.527113949613565, 19.21555142009915 ], [ -103.524140480100101, 19.215215420022467 ], [ -103.522822940451775, 19.215074879792667 ], [ -103.5211325801138, 19.215153140109386 ], [ -103.520335339787238, 19.215322450191863 ], [ -103.519093219646734, 19.215939110454304 ], [ -103.518805059992374, 19.216169859911329 ], [ -103.516485149694148, 19.216980680391526 ], [ -103.514719280013495, 19.217161080015192 ], [ -103.514133780078069, 19.217193080381477 ], [ -103.51407745029546, 19.217015029846465 ], [ -103.514033599593617, 19.216773460170749 ], [ -103.513961229659941, 19.21667265987054 ], [ -103.513639079532595, 19.216550979942237 ], [ -103.513235289993645, 19.216482139805091 ], [ -103.512928800024312, 19.216561109720615 ], [ -103.51246842971301, 19.216698579664239 ], [ -103.512043319981075, 19.216855629792867 ], [ -103.511666399664264, 19.21694577038474 ], [ -103.511276310036209, 19.21679150971416 ], [ -103.511029479606876, 19.216633200040874 ], [ -103.510824180264578, 19.216435970047392 ], [ -103.510600119670301, 19.216179510219426 ], [ -103.51035559984507, 19.215884110095118 ], [ -103.510233999981921, 19.215667919984753 ], [ -103.510092909534066, 19.215412889689762 ], [ -103.509971109914233, 19.215176880040421 ], [ -103.509750030074059, 19.214588030268942 ], [ -103.509729019769551, 19.214412150068373 ], [ -103.509731400204586, 19.214196980104727 ], [ -103.509732740240167, 19.214060020213122 ], [ -103.509866579776087, 19.21366183022058 ], [ -103.510032339993259, 19.213389509713448 ], [ -103.51028179984101, 19.213097689847157 ], [ -103.510388049596671, 19.212961939700481 ], [ -103.510658479648015, 19.212670450320338 ], [ -103.511113379618607, 19.212420229912549 ], [ -103.511732369521866, 19.212346649819494 ], [ -103.512393229946525, 19.21235252026862 ], [ -103.51274276998214, 19.212316140084877 ], [ -103.513217000175558, 19.212261020422396 ], [ -103.513588480169574, 19.212225049724989 ], [ -103.513918290258971, 19.212129980196032 ], [ -103.514329199772902, 19.211954770162407 ], [ -103.514729279943793, 19.211770459928292 ], [ -103.515073659622615, 19.211597340315976 ], [ -103.51523851959405, 19.211351799998329 ], [ -103.515201920244564, 19.211076459914587 ], [ -103.514787319884036, 19.210963969691903 ], [ -103.514428769698839, 19.210861509758068 ], [ -103.514080600249144, 19.210695320337969 ], [ -103.513946119699213, 19.210515060268992 ], [ -103.513512650188446, 19.210113570063879 ], [ -103.513229570229385, 19.209785719832372 ], [ -103.512925050229498, 19.209411680335943 ], [ -103.512517820245222, 19.208965719616998 ], [ -103.512252379570043, 19.208549859627873 ], [ -103.511922740448512, 19.208143689765969 ], [ -103.511745219765672, 19.20766111967276 ], [ -103.51162320043764, 19.207405889618727 ], [ -103.511502429617039, 19.207091780185188 ], [ -103.511382850040007, 19.206797420325575 ], [ -103.511243690366911, 19.206287569740841 ], [ -103.511133230166237, 19.206012979779899 ], [ -103.511045620295249, 19.20566296959613 ], [ -103.511020220133332, 19.205259369732069 ], [ -103.511087220122604, 19.205013769967827 ], [ -103.511055310212683, 19.204649939594226 ], [ -103.511024090174729, 19.2043523398067 ], [ -103.511021259769862, 19.20323334966421 ], [ -103.511106320071903, 19.20295645022377 ], [ -103.511100290245395, 19.202412770148396 ], [ -103.511158659586258, 19.201804280227915 ], [ -103.511234200089376, 19.201542909819647 ], [ -103.511217850293292, 19.201245220277087 ], [ -103.511126169683735, 19.200800949958072 ], [ -103.511073429680536, 19.200513619740928 ], [ -103.511026859693004, 19.200145310243538 ], [ -103.510919420084477, 19.199881849806111 ], [ -103.510865059644559, 19.199657939630441 ], [ -103.510564260180431, 19.199444090137487 ], [ -103.510257889849015, 19.199340260178484 ], [ -103.509958250375163, 19.19927068005666 ], [ -103.509581520209181, 19.199142480440464 ], [ -103.509137430099656, 19.199055280293205 ], [ -103.507889999848146, 19.198670340214996 ], [ -103.507079259543772, 19.198133249829841 ], [ -103.506603940435568, 19.197827750209498 ], [ -103.506328850295645, 19.197523689769046 ], [ -103.505975169630162, 19.197181290013361 ], [ -103.505659080097544, 19.196877019876119 ], [ -103.505266420404539, 19.196459180100966 ], [ -103.504910289895506, 19.196154220088516 ], [ -103.504040170346073, 19.195295289737629 ], [ -103.503532630307177, 19.194860680333356 ], [ -103.503295289593069, 19.194519460002851 ], [ -103.502982740318018, 19.194101920131015 ], [ -103.502709219623483, 19.193729629648853 ], [ -103.502405859783252, 19.19312272045509 ], [ -103.50211342980964, 19.192425819850239 ], [ -103.502005289607098, 19.191920680348861 ], [ -103.501932260176488, 19.191090320255551 ], [ -103.501669139591698, 19.19060742011488 ], [ -103.501425649848045, 19.190105230153282 ], [ -103.500951029863998, 19.18968647975835 ], [ -103.500517170046663, 19.189419059806632 ], [ -103.499572399876385, 19.188468290131166 ], [ -103.499178420048111, 19.188012509935909 ], [ -103.498905650415935, 19.18748196962801 ], [ -103.498592829538765, 19.186951739871791 ], [ -103.498244400128698, 19.186043150261547 ], [ -103.49817247963847, 19.185137520441415 ], [ -103.498254800437564, 19.184648110091082 ], [ -103.498376349639315, 19.183563919653448 ], [ -103.49833207970228, 19.182571430161449 ], [ -103.498391720223594, 19.182101460129367 ], [ -103.498476279801764, 19.181814750159301 ], [ -103.498559780104031, 19.181606769928973 ], [ -103.498645580075092, 19.181346050413097 ], [ -103.498701539686749, 19.181059620002266 ], [ -103.498760630091041, 19.180798619596882 ], [ -103.498844139679179, 19.180590539721535 ], [ -103.498821049930612, 19.180224459852969 ], [ -103.498687459817162, 19.179779679563488 ], [ -103.498608580331066, 19.179282909796061 ], [ -103.498583489598857, 19.178994939742498 ], [ -103.498395750058123, 19.178392820415784 ], [ -103.49812742969209, 19.178005349771251 ], [ -103.497963829616836, 19.177691139914316 ], [ -103.497783649937602, 19.177516830203 ], [ -103.497554340087774, 19.17729546004788 ], [ -103.497530679524871, 19.176877420047102 ], [ -103.497621309686423, 19.176016549970278 ], [ -103.497622520291543, 19.175665249746586 ], [ -103.497637940327351, 19.175283769963983 ], [ -103.497614749563809, 19.174958519928698 ], [ -103.49763088032384, 19.174642149695941 ], [ -103.497746219674994, 19.174371849951918 ], [ -103.497888349991214, 19.174033570280816 ], [ -103.498026200383208, 19.173826139785678 ], [ -103.498222200237379, 19.173618749742502 ], [ -103.498500259976495, 19.173333490310636 ], [ -103.498721720155729, 19.17310031007084 ], [ -103.498916479934806, 19.172866860320337 ], [ -103.499056309731813, 19.172580690246374 ], [ -103.499389570189152, 19.172113170439179 ], [ -103.499589059566816, 19.172050049706218 ], [ -103.500139509862834, 19.172002090006881 ], [ -103.500701719898586, 19.171871719763459 ], [ -103.501151939538076, 19.171677250173349 ], [ -103.501498080081362, 19.171508619687614 ], [ -103.501991480051927, 19.17128068043521 ], [ -103.502285950218237, 19.171162109790245 ], [ -103.502588139902983, 19.170952569766822 ], [ -103.502871950244497, 19.170660649866669 ], [ -103.503126800195375, 19.170172120251646 ], [ -103.502991889527934, 19.170040400421499 ], [ -103.502635999656306, 19.169750200039495 ], [ -103.502446940128792, 19.169461050168039 ], [ -103.502257020182981, 19.169094379999859 ], [ -103.5020703101208, 19.168413549577007 ], [ -103.501978740363427, 19.167963309640857 ], [ -103.50195352012409, 19.167545820287923 ], [ -103.501946920066473, 19.166152220430213 ], [ -103.502010829621327, 19.165637999880172 ], [ -103.502066049830361, 19.165043220050286 ], [ -103.502104920200196, 19.164395320026621 ], [ -103.502061419570708, 19.16398791004702 ], [ -103.502024170152112, 19.162918979779487 ], [ -103.502120550084371, 19.162485909853807 ], [ -103.502405200324844, 19.162334720232241 ], [ -103.502724919811257, 19.162207970187943 ], [ -103.502870480273302, 19.162033480398357 ], [ -103.503093719561718, 19.161817030342522 ], [ -103.50350856981332, 19.161202600164113 ], [ -103.503668799962867, 19.160963979714992 ], [ -103.504189029636294, 19.160407429735457 ], [ -103.504651350462268, 19.160034140258059 ], [ -103.505589509897789, 19.15926064978316 ], [ -103.505962660355891, 19.158959199999757 ], [ -103.506434620452055, 19.158541180206772 ], [ -103.506880919953829, 19.158216350260954 ], [ -103.507229630341328, 19.158031719958274 ], [ -103.507523310255138, 19.157728630180593 ], [ -103.507818680109253, 19.157459689640596 ], [ -103.508138180096893, 19.157167380409092 ], [ -103.50843399999917, 19.156933119907482 ], [ -103.508716830339594, 19.156629620312518 ], [ -103.508963349747347, 19.156343849687961 ], [ -103.509165650197801, 19.155961310120851 ], [ -103.509238460346239, 19.155587980112259 ], [ -103.509303680047054, 19.155229339821453 ], [ -103.509331430229551, 19.154951429664557 ], [ -103.509506049764468, 19.152952859711029 ], [ -103.509748659584034, 19.148946680190249 ], [ -103.510114969754014, 19.147724149910761 ], [ -103.510443890237539, 19.14728112033826 ], [ -103.510884170375007, 19.147214289641532 ], [ -103.511372310015787, 19.1468989504231 ], [ -103.511729180293699, 19.146752419712975 ], [ -103.511978650198245, 19.146473019667866 ], [ -103.511903339570452, 19.146101220003942 ], [ -103.511936060295739, 19.145728020201233 ], [ -103.512017550196731, 19.145330979648183 ], [ -103.512120450307137, 19.14465409011364 ], [ -103.512275599746175, 19.144256319949864 ], [ -103.512523920250459, 19.143650649668995 ], [ -103.512629370254842, 19.143018459972012 ], [ -103.512782050361679, 19.142433800410302 ], [ -103.512810200445031, 19.14196533981346 ], [ -103.512889649825141, 19.141567179748684 ], [ -103.512893449613472, 19.141051419831591 ], [ -103.51292237992304, 19.140653139888649 ], [ -103.513128340440829, 19.13955048021408 ], [ -103.51334756967978, 19.139114539820842 ], [ -103.513456510051896, 19.13878413955003 ], [ -103.513764049555206, 19.138560249781776 ], [ -103.513954549802222, 19.138340539929601 ], [ -103.51398013977105, 19.137960089841329 ], [ -103.513987290007208, 19.137730049921352 ], [ -103.514016229621362, 19.137113750062021 ], [ -103.513852379576974, 19.136846219765047 ], [ -103.513622459721645, 19.136583820199633 ], [ -103.513255510111449, 19.136322570020191 ], [ -103.512914140399971, 19.135874849816393 ], [ -103.512182079795622, 19.134743740442381 ], [ -103.51137292022463, 19.133490739969446 ], [ -103.511272889688257, 19.133295570133157 ], [ -103.511139150350004, 19.13299754001897 ], [ -103.510983799798311, 19.1327100499844 ], [ -103.510969690280433, 19.132421120266869 ], [ -103.511009050308573, 19.13204911026196 ], [ -103.511419579849772, 19.131817859936124 ], [ -103.51195135005112, 19.131740280382658 ], [ -103.512664059527694, 19.131489850033866 ], [ -103.513052550450055, 19.131265479861874 ], [ -103.513588510281124, 19.130946970246018 ], [ -103.513939879994595, 19.130636920209231 ], [ -103.514293030369444, 19.130197620318256 ], [ -103.514485349905826, 19.129722600414759 ], [ -103.514670059719109, 19.129345510449824 ], [ -103.514984890041418, 19.129007180350904 ], [ -103.5150101703681, 19.128966170006052 ], [ -103.515189420104321, 19.128656710016472 ], [ -103.515376289779724, 19.128338430286441 ], [ -103.51569135011097, 19.128094339890968 ], [ -103.515887140446566, 19.127876170255785 ], [ -103.516139150007206, 19.127659080349755 ], [ -103.516410980430692, 19.127423119969439 ], [ -103.516681849775594, 19.127187710449647 ], [ -103.517284380213027, 19.126698799887862 ], [ -103.517861919869631, 19.126090519599082 ], [ -103.518281429672157, 19.125683520147806 ], [ -103.518548020023275, 19.12538794008827 ], [ -103.519035089714279, 19.124989450300838 ], [ -103.519556939890464, 19.124454540108157 ], [ -103.5198465698479, 19.12405191995369 ], [ -103.520033950263013, 19.123701249973532 ], [ -103.520085229852782, 19.123519909694146 ], [ -103.520165740421774, 19.123229779687232 ], [ -103.520384109583944, 19.122926909989058 ], [ -103.520735030469609, 19.122120230233801 ], [ -103.520989429534296, 19.121655460297358 ], [ -103.521213229605294, 19.121355320313711 ], [ -103.52140358000193, 19.120973350260357 ], [ -103.521518169741739, 19.120581859557511 ], [ -103.521772799857331, 19.120137599785213 ], [ -103.521941649817293, 19.119572879743234 ], [ -103.52207484955116, 19.119027710141406 ], [ -103.522098750310136, 19.118607399628665 ], [ -103.522109119765858, 19.11834962038845 ], [ -103.52232000035437, 19.11800542966277 ], [ -103.52254611017365, 19.117682200347655 ], [ -103.52277694019844, 19.117172830423701 ], [ -103.522988849807547, 19.116785620349017 ], [ -103.523327350472897, 19.116328120176277 ], [ -103.523511200054244, 19.115928680425959 ], [ -103.523616799528085, 19.115640659920082 ], [ -103.523562830367666, 19.115390029772669 ], [ -103.523534719955165, 19.115163460026142 ], [ -103.523559220158262, 19.115065980221029 ], [ -103.523565279567791, 19.114847150021522 ], [ -103.523536800041398, 19.114588140163171 ], [ -103.523440550105818, 19.114370339561376 ], [ -103.523323779857506, 19.114120709751496 ], [ -103.523125399927423, 19.113868049972425 ], [ -103.522564120387869, 19.113522110323917 ], [ -103.522334679630845, 19.113282780227266 ], [ -103.522103940275457, 19.113098260145968 ], [ -103.521854539755466, 19.112949619839672 ], [ -103.521605349801249, 19.112819710105139 ], [ -103.521298779861425, 19.11267109029486 ], [ -103.520839140183739, 19.112466229646 ], [ -103.520747600106517, 19.112117910228363 ], [ -103.520653879827336, 19.111660370123381 ], [ -103.520619509797001, 19.111312549836626 ], [ -103.52058397974119, 19.110946649601438 ], [ -103.520568480238865, 19.110580519566707 ], [ -103.520569570398138, 19.110251649578398 ], [ -103.520612310026479, 19.109813120149823 ], [ -103.520634579897802, 19.109502690291137 ], [ -103.520679170438214, 19.108972940294702 ], [ -103.520737849528615, 19.108680799739599 ], [ -103.520838570238439, 19.108315769847735 ], [ -103.521039710008679, 19.107555830130131 ], [ -103.521438750218735, 19.104942660410266 ], [ -103.521432109990656, 19.104347139609221 ], [ -103.521573139937715, 19.103702260294249 ], [ -103.521453570433167, 19.103249510140273 ], [ -103.521376000127418, 19.102802289863952 ], [ -103.521251479561798, 19.102481880071526 ], [ -103.521127090229427, 19.101980279597441 ], [ -103.520727169640693, 19.10157447984092 ], [ -103.520322309892592, 19.101323780318662 ], [ -103.520112549776712, 19.101139140163646 ], [ -103.519807449774049, 19.100862539842105 ], [ -103.519443280416965, 19.100594449855297 ], [ -103.519135289908419, 19.100397829901539 ], [ -103.518856080123712, 19.100210050071841 ], [ -103.518538029943045, 19.099968139776355 ], [ -103.518249050264259, 19.099762279706141 ], [ -103.51793154962607, 19.09956577044774 ], [ -103.517603629653323, 19.099296750238238 ], [ -103.51738777995061, 19.098790600162587 ], [ -103.517441180222804, 19.09841204976609 ], [ -103.517488089723557, 19.09817640021387 ], [ -103.517604509956456, 19.097949309603941 ], [ -103.517738660326344, 19.09779465016927 ], [ -103.517872619927672, 19.097615780313635 ], [ -103.518074289903979, 19.097420120140114 ], [ -103.518170220029901, 19.097322800332144 ], [ -103.51825904953246, 19.097232679840491 ], [ -103.518531649966832, 19.096963599743368 ], [ -103.518974829989503, 19.096546620042641 ], [ -103.519737319590291, 19.09561946017978 ], [ -103.520018939586308, 19.095301219583327 ], [ -103.520348229852488, 19.094890120017471 ], [ -103.520686279555434, 19.094406450021591 ], [ -103.521050380255886, 19.094091089843683 ], [ -103.521233919842786, 19.093823419984712 ], [ -103.521552770352187, 19.093522139564584 ], [ -103.521829489896675, 19.093245480318629 ], [ -103.522191520021948, 19.093008249980937 ], [ -103.522333109936625, 19.092781279826657 ], [ -103.522439920287752, 19.092474090347057 ], [ -103.522562150195782, 19.092216880332796 ], [ -103.522631139604698, 19.091789379929359 ], [ -103.52271350998015, 19.091420059936727 ], [ -103.522802940389212, 19.091024570159835 ], [ -103.522932860079223, 19.090660479908806 ], [ -103.523048509972782, 19.090220149876679 ], [ -103.523064260105897, 19.089831739745698 ], [ -103.523240479619844, 19.089180549841455 ], [ -103.523353859851682, 19.088610780249571 ], [ -103.523483400316579, 19.087998920364825 ], [ -103.52360555020816, 19.087560149563227 ], [ -103.523762459627591, 19.087013119650386 ], [ -103.524131000061189, 19.086178719721222 ], [ -103.524194309783041, 19.085925180406349 ], [ -103.524321020265361, 19.085511689917737 ], [ -103.52442442989819, 19.08519955018323 ], [ -103.524552489854429, 19.084962080265608 ], [ -103.524613599826054, 19.084633679813098 ], [ -103.524716399776381, 19.084030909829529 ], [ -103.52479519993949, 19.083666200114639 ], [ -103.524877059807935, 19.083319490082634 ], [ -103.524935920374702, 19.083045459755382 ], [ -103.524995179632128, 19.082808289780029 ], [ -103.525019000160711, 19.082552199611243 ], [ -103.525040369910798, 19.082333449623583 ], [ -103.525040229780188, 19.082150579593211 ], [ -103.525082880457617, 19.081876180022469 ], [ -103.525063689574552, 19.081693620441129 ], [ -103.525051850419246, 19.081060289597726 ], [ -103.525191280058451, 19.080595400271054 ], [ -103.525598479804628, 19.08027867980989 ], [ -103.525948170408896, 19.079860779831417 ], [ -103.526144139640181, 19.079496539651618 ], [ -103.526426219713258, 19.079217999859811 ], [ -103.526480630064796, 19.078728049909831 ], [ -103.526174920168884, 19.078417910065308 ], [ -103.526020859596017, 19.078270570408502 ], [ -103.525582280366365, 19.077809749951172 ], [ -103.525237679738098, 19.077660910387866 ], [ -103.524930519845441, 19.077622169691228 ], [ -103.524525770090932, 19.077460430144161 ], [ -103.524131539536327, 19.07730302021163 ], [ -103.523558369744705, 19.07704163016032 ], [ -103.523142980094619, 19.077035679752761 ], [ -103.522696889576096, 19.077141370223202 ], [ -103.522439629594302, 19.076992219649945 ], [ -103.522226000023736, 19.076665230333841 ], [ -103.522120510425694, 19.076266279961036 ], [ -103.522006859633834, 19.075891380046961 ], [ -103.521824569683588, 19.075236319868281 ], [ -103.521837019833072, 19.074844489690896 ], [ -103.521865829870492, 19.074412519695265 ], [ -103.521910539570129, 19.073892449746957 ], [ -103.521998150007889, 19.073451909703607 ], [ -103.522165289855948, 19.072898090076212 ], [ -103.522340569993077, 19.072519709909624 ], [ -103.522494060243417, 19.07219837010166 ], [ -103.522692880134016, 19.071919230098835 ], [ -103.52285433985459, 19.071640459874359 ], [ -103.522985029731188, 19.071290969775458 ], [ -103.523089259776597, 19.070879180004173 ], [ -103.523203859741812, 19.070334819583213 ], [ -103.523276170437001, 19.069749630266756 ], [ -103.523284979737596, 19.069142979651872 ], [ -103.523249749791589, 19.068360050008927 ], [ -103.523082219558333, 19.067618969710857 ], [ -103.522995910108861, 19.067139829936647 ], [ -103.522787259869204, 19.066539030406926 ], [ -103.522574140070901, 19.066214850182256 ], [ -103.522323519885205, 19.06595393992983 ], [ -103.521911249985635, 19.065711310388114 ], [ -103.521545889580352, 19.065662909566633 ], [ -103.521098550034296, 19.06543701980053 ], [ -103.520757719682891, 19.065194849625772 ], [ -103.520178570265088, 19.064922849935272 ], [ -103.519595750405742, 19.064347250288165 ], [ -103.519274919926389, 19.064019910285246 ], [ -103.518934660280934, 19.0638286202675 ], [ -103.518610980045196, 19.063586820109862 ], [ -103.518309020146191, 19.063242250063631 ], [ -103.517992859620463, 19.062944509673848 ], [ -103.517831319578562, 19.062707119722713 ], [ -103.517721280461444, 19.06238216957453 ], [ -103.51752697046247, 19.062038800232656 ], [ -103.517349419679718, 19.061746230385808 ], [ -103.517101370198276, 19.061282310236706 ], [ -103.516953879933183, 19.060983290185973 ], [ -103.516687619833348, 19.060843050267511 ], [ -103.516391739761048, 19.060672850339582 ], [ -103.515890580160729, 19.06054382978698 ], [ -103.515426890166154, 19.06059391037661 ], [ -103.514707339692137, 19.060553580118544 ], [ -103.514244649956709, 19.060441169831414 ], [ -103.513861859779936, 19.060324339880996 ], [ -103.513540480276077, 19.060116460324029 ], [ -103.513233950347669, 19.059960399982216 ], [ -103.512768370312557, 19.059631710029393 ], [ -103.512334369857825, 19.059353140354627 ], [ -103.512010679865881, 19.059157569944986 ], [ -103.511689489848777, 19.058968339745512 ], [ -103.5112683097869, 19.058777850325747 ], [ -103.510941829923695, 19.058538850245753 ], [ -103.510555279599529, 19.058465739986008 ], [ -103.510295649655546, 19.058243110012505 ], [ -103.509779659903245, 19.05785494986177 ], [ -103.509364059549796, 19.057556450192777 ], [ -103.509059770417807, 19.057068119645855 ], [ -103.509041250167485, 19.056737430022597 ], [ -103.508915490459842, 19.056083939558199 ], [ -103.508807180140778, 19.055669649699059 ], [ -103.508469629926623, 19.054843279809692 ], [ -103.508115779904259, 19.054246909864492 ], [ -103.507891080291301, 19.053909180067528 ], [ -103.507664480283964, 19.05340151989979 ], [ -103.507252910266175, 19.052599819788579 ], [ -103.507136280407707, 19.052200999906272 ], [ -103.507029170232244, 19.051819910108488 ], [ -103.506921370051202, 19.051376579884945 ], [ -103.506885880401896, 19.050701479726865 ], [ -103.506742550413222, 19.049703419610527 ], [ -103.506588400343915, 19.049421139971187 ], [ -103.506246860397752, 19.049281369691837 ], [ -103.505681940309884, 19.049267710369616 ], [ -103.504819579933113, 19.049226510188152 ], [ -103.504295720044709, 19.049222140034004 ], [ -103.503667090391517, 19.049217090133091 ], [ -103.503198479539307, 19.049213250279834 ], [ -103.502604339745815, 19.049139920167026 ], [ -103.501811879827699, 19.049133679967099 ], [ -103.5013406900338, 19.048722950069671 ], [ -103.50102947985917, 19.047964119557186 ], [ -103.500999060323565, 19.047536510035769 ], [ -103.500929549728099, 19.047279089947267 ], [ -103.500786709581362, 19.047106720106381 ], [ -103.500446150388839, 19.046882060001213 ], [ -103.500124350155616, 19.04680484962935 ], [ -103.499295949826831, 19.045952719857549 ], [ -103.499083259813872, 19.045663940192114 ], [ -103.498799459948501, 19.045405219988041 ], [ -103.49852237043828, 19.045148139810564 ], [ -103.498294260289896, 19.044757620112367 ], [ -103.498021080170219, 19.044335769758835 ], [ -103.497638850429027, 19.04361168979883 ], [ -103.497430340417736, 19.043035519801631 ], [ -103.497273890062289, 19.04263894026743 ], [ -103.496901720329461, 19.041702399589777 ], [ -103.496813780021995, 19.041325799734455 ], [ -103.496693490328568, 19.040777350407467 ], [ -103.496641149671788, 19.040520309925807 ], [ -103.496557819999111, 19.039869629586509 ], [ -103.496396919521317, 19.039240399751847 ], [ -103.496317689987251, 19.038807540246893 ], [ -103.496294489903377, 19.038391769584326 ], [ -103.496324819858529, 19.037925379853164 ], [ -103.49633758013681, 19.037579080249223 ], [ -103.496359539776407, 19.037319250368075 ], [ -103.496460050303355, 19.036665260337976 ], [ -103.496695249902928, 19.035950850335944 ], [ -103.496837339833206, 19.035551829579859 ], [ -103.496951050123712, 19.035176780206672 ], [ -103.496705569855578, 19.034986570047231 ], [ -103.496452709734314, 19.034820109694177 ], [ -103.49616977994512, 19.034773179560759 ], [ -103.495907170274378, 19.034723219940759 ], [ -103.495662970145361, 19.034689829714523 ], [ -103.495299489593634, 19.034541739592076 ], [ -103.494891710330279, 19.034262769880343 ], [ -103.494508079650913, 19.034015259762359 ], [ -103.494089750037404, 19.033765979706164 ], [ -103.493606570038125, 19.03354234001193 ], [ -103.49328085031685, 19.033386659721373 ], [ -103.492818660195368, 19.033172769933635 ], [ -103.492406750455274, 19.0330024800815 ], [ -103.491976140028399, 19.032810939662202 ], [ -103.491651739843363, 19.032753550269067 ], [ -103.491382230240148, 19.03275168956209 ], [ -103.490905200011994, 19.032669829917705 ], [ -103.490790919548942, 19.032140940449203 ], [ -103.49098258014952, 19.031523779599723 ], [ -103.491121620021858, 19.031125229584713 ], [ -103.491212940267644, 19.0306283998199 ], [ -103.491112090362506, 19.03016339987802 ], [ -103.490957459925738, 19.029761539831497 ], [ -103.49013135025956, 19.029459419850561 ], [ -103.489670429880874, 19.029116419933068 ], [ -103.489055480113137, 19.028539829853464 ], [ -103.488505540091836, 19.027586750129927 ], [ -103.488650599837243, 19.026905480124416 ], [ -103.488809800063635, 19.026446969691776 ], [ -103.489040969849, 19.026057349557178 ], [ -103.489759279659879, 19.025346310239396 ], [ -103.490327319784413, 19.024978260241969 ], [ -103.490925149928259, 19.024652570367689 ], [ -103.491545340223283, 19.024331090079055 ], [ -103.492407479982717, 19.023930340057014 ], [ -103.493083349548797, 19.023478820356459 ], [ -103.493410740056092, 19.02293760001438 ], [ -103.493960349986125, 19.021829229962002 ], [ -103.494096480341724, 19.02023384980723 ], [ -103.494233679944145, 19.016993370279035 ], [ -103.49426172008971, 19.016519060233133 ], [ -103.494465060203709, 19.014706080147107 ], [ -103.495150279756089, 19.014155800388373 ], [ -103.496644779744528, 19.013982939844901 ], [ -103.498115999708915, 19.012916310117788 ], [ -103.498423110196185, 19.012618290294679 ], [ -103.498741910404519, 19.01203922999499 ], [ -103.498782219761296, 19.011673649594496 ], [ -103.498677399770528, 19.011548260311336 ], [ -103.498349030107349, 19.011256569707715 ], [ -103.497506460354231, 19.011607619894463 ], [ -103.4968294196876, 19.011252629741104 ], [ -103.496300709770992, 19.01061943004278 ], [ -103.496032490226099, 19.01021111960814 ], [ -103.49543634978798, 19.009442649845507 ], [ -103.49500777972932, 19.00869776991696 ], [ -103.494751369602227, 19.0080760195792 ], [ -103.494210519910737, 19.007289950133021 ], [ -103.493949110336686, 19.006892349722683 ], [ -103.493270380467663, 19.005131620000306 ], [ -103.493099250437083, 19.003368620197275 ], [ -103.492724429691094, 19.000687549982064 ], [ -103.492708220383378, 19.000511120102928 ], [ -103.492090830053343, 18.998902460033225 ], [ -103.491523279795544, 18.997060660191725 ], [ -103.490831220327834, 18.995820819944811 ], [ -103.490783200336935, 18.994152540069273 ], [ -103.491331479906577, 18.992591540233072 ], [ -103.49192383001585, 18.989290199621969 ], [ -103.492194619972963, 18.98706658033619 ], [ -103.492004090371381, 18.985855540122881 ], [ -103.491448799994828, 18.984152289562189 ], [ -103.491372310121491, 18.983512890155545 ], [ -103.490997650350778, 18.982329220105331 ], [ -103.490676720443275, 18.981707539826559 ], [ -103.489988849757125, 18.981217980263601 ], [ -103.48985071045945, 18.980771649742426 ], [ -103.490282710097333, 18.980233079738774 ], [ -103.490816140371322, 18.979831080361439 ], [ -103.491270450433447, 18.979157000448577 ], [ -103.491541229915399, 18.978501140102797 ], [ -103.491706859635642, 18.977979969829601 ], [ -103.492022890457633, 18.977022020136946 ], [ -103.492751799745349, 18.976218430322021 ], [ -103.493122890182903, 18.975771030333938 ], [ -103.493645169911744, 18.975221969594102 ], [ -103.494382649973161, 18.974593260395984 ], [ -103.49479567957404, 18.974064490056094 ], [ -103.495231260139619, 18.973596600084225 ], [ -103.495557999817294, 18.973271890276653 ], [ -103.495711019668136, 18.972904149720296 ], [ -103.495675889959827, 18.972043680406031 ], [ -103.495423319771348, 18.971406679842826 ], [ -103.495020200024314, 18.970666399894306 ], [ -103.494400219632823, 18.970114450391559 ], [ -103.493906280326627, 18.969946200204998 ], [ -103.493368780006577, 18.969798660049733 ], [ -103.492961540434479, 18.969549769797201 ], [ -103.492597570182724, 18.969341660361433 ], [ -103.491907679722502, 18.969181230107626 ], [ -103.491175770068097, 18.969179769703125 ], [ -103.490380920320234, 18.969274620435293 ], [ -103.489928859693677, 18.969013169668539 ], [ -103.489542050321148, 18.96869148976344 ], [ -103.48908612026527, 18.967991519833912 ], [ -103.488814880387395, 18.967467380306022 ], [ -103.488620219715244, 18.966884200008515 ], [ -103.488506939619171, 18.966451659874394 ], [ -103.488536709672502, 18.966166750227199 ], [ -103.488714140239168, 18.965598319721757 ], [ -103.488594340349536, 18.964889150431421 ], [ -103.488453020262568, 18.963905180023865 ], [ -103.488764080454999, 18.962144170165093 ], [ -103.489362770069079, 18.961186879556486 ], [ -103.489793420383521, 18.96026855000089 ], [ -103.490441219575175, 18.95906493971124 ], [ -103.490480910094476, 18.958991179676673 ], [ -103.491202060039257, 18.958355780183375 ], [ -103.491879549639975, 18.958080860104118 ], [ -103.493061780421513, 18.957955949850433 ], [ -103.494179539804435, 18.958121779817226 ], [ -103.494911060389342, 18.958706799629496 ], [ -103.495876370046389, 18.959075289625922 ], [ -103.496632720266561, 18.959482079627424 ], [ -103.497131280266629, 18.96024792026547 ], [ -103.497718199714427, 18.960653580151966 ], [ -103.498728340414857, 18.960942369965739 ], [ -103.49973665963941, 18.96115077004065 ], [ -103.500578259926456, 18.961518820397199 ], [ -103.501123460248522, 18.9617635100157 ], [ -103.501755429780388, 18.96184895029274 ], [ -103.502766170459068, 18.962017079848714 ], [ -103.503439569700589, 18.962063079783359 ], [ -103.504490599533668, 18.962432289823138 ], [ -103.505374169745906, 18.962720029952294 ], [ -103.506340419636786, 18.963168320418646 ], [ -103.507052540098272, 18.963615060130319 ], [ -103.507853879771758, 18.963781909886983 ], [ -103.508601450247426, 18.96367131973183 ], [ -103.508903400478076, 18.963323880398583 ], [ -103.50904361981091, 18.962749630067435 ], [ -103.509048889982552, 18.962107719746339 ], [ -103.508617079840988, 18.961495890101965 ], [ -103.508285690125959, 18.960764049989024 ], [ -103.507736890248097, 18.960015179776555 ], [ -103.506626769995208, 18.95936267967404 ], [ -103.505530249859589, 18.959353799745603 ], [ -103.504855310057906, 18.959428460401089 ], [ -103.504626150289042, 18.959413769910618 ], [ -103.504138139550292, 18.959382460143267 ], [ -103.503720549564477, 18.959058370214169 ], [ -103.503302079848268, 18.958654420414831 ], [ -103.503108080249078, 18.958224489733503 ], [ -103.502915380087757, 18.95778955018152 ], [ -103.502933350192222, 18.957531200138959 ], [ -103.502928340113343, 18.957074599587401 ], [ -103.503363319843302, 18.956610149622165 ], [ -103.503845049941589, 18.956105050405803 ], [ -103.504097397602237, 18.955462649198431 ], [ -103.504172772318142, 18.955270765332187 ], [ -103.504190349554889, 18.955226019880239 ], [ -103.504366680168673, 18.954385450176847 ], [ -103.504393729252868, 18.95427186037816 ], [ -103.504556969643943, 18.953586339754757 ], [ -103.504576525732887, 18.953439967186295 ], [ -103.504698659593984, 18.952525799555755 ], [ -103.504772380093087, 18.952017650321984 ], [ -103.504843949841316, 18.951722029854711 ], [ -103.504889850000154, 18.951550076533508 ], [ -103.504911980214032, 18.95146716970191 ], [ -103.505050479965931, 18.95086802026389 ], [ -103.505354449561622, 18.949922320288046 ], [ -103.505415576758253, 18.949777911927796 ], [ -103.505445632044655, 18.949706909947654 ], [ -103.505570949544321, 18.949410859974918 ], [ -103.5057442071747, 18.949001519098722 ], [ -103.505755139682307, 18.948975689873855 ], [ -103.506370000324821, 18.948225519787325 ], [ -103.507299820203997, 18.947486429809711 ], [ -103.507931909669367, 18.947158750390642 ], [ -103.508398149702487, 18.946721149981805 ], [ -103.509281820093349, 18.946371479939113 ], [ -103.510157280124531, 18.946262110245126 ], [ -103.510680169720217, 18.946370350109689 ], [ -103.511015450410213, 18.946739029549697 ], [ -103.511335549789408, 18.947025720346886 ], [ -103.511633429996664, 18.947716550061017 ], [ -103.511692259816115, 18.948481650167619 ], [ -103.512101660255567, 18.949075719611244 ], [ -103.512407449852603, 18.949407630362185 ], [ -103.513036109725945, 18.949596109645515 ], [ -103.513265199733695, 18.949566510449408 ], [ -103.515118630372143, 18.949701420300038 ], [ -103.515583539944956, 18.949745370035945 ], [ -103.516169139885463, 18.950030980160783 ], [ -103.516971230316528, 18.9500381996356 ], [ -103.517809999693085, 18.950242859906126 ], [ -103.518556619722162, 18.950221139706574 ], [ -103.519467850164858, 18.950226149664942 ], [ -103.520569380403487, 18.949888219585137 ], [ -103.521404830250859, 18.94947112036731 ], [ -103.521861119674739, 18.949046050023128 ], [ -103.522318259945237, 18.948515710048028 ], [ -103.522535630325763, 18.947916690205464 ], [ -103.522346539615782, 18.947037629679176 ], [ -103.521861139890831, 18.946374680101318 ], [ -103.521601750378693, 18.945879919671412 ], [ -103.521205200002129, 18.945145030073277 ], [ -103.520667920038505, 18.943843219915767 ], [ -103.520106580219093, 18.943067309711488 ], [ -103.519414519958758, 18.942619600438743 ], [ -103.518826569995383, 18.942128220328161 ], [ -103.51822131012176, 18.942189919985296 ], [ -103.517791909967229, 18.941799349968157 ], [ -103.517509910435436, 18.941542850097076 ], [ -103.516046180180865, 18.94024845998047 ], [ -103.514958289714414, 18.939117339589089 ], [ -103.514584199574969, 18.93859362974359 ], [ -103.514365820299446, 18.938036119909288 ], [ -103.514019579798031, 18.937449830328276 ], [ -103.513852910435546, 18.936407339926745 ], [ -103.513987950299992, 18.935686169636309 ], [ -103.51411398036916, 18.934931749941413 ], [ -103.514421619907026, 18.934388740189174 ], [ -103.515133660233545, 18.933955319853929 ], [ -103.515996400356769, 18.933634029790262 ], [ -103.516653599680723, 18.933641629672234 ], [ -103.517623019886813, 18.933518219715257 ], [ -103.5187239104486, 18.933123419696773 ], [ -103.519228570363993, 18.932910000057419 ], [ -103.519715490187366, 18.932371920305442 ], [ -103.520247659712808, 18.931710050184638 ], [ -103.520689369979834, 18.931213799944356 ], [ -103.521087260148562, 18.930800579696928 ], [ -103.521251650359687, 18.930178059993455 ], [ -103.521306120070491, 18.929708630432049 ], [ -103.52140880002429, 18.92953704967606 ], [ -103.521657780313006, 18.929094059930762 ], [ -103.521981030150641, 18.928621910304027 ], [ -103.522493539715299, 18.927928109630084 ], [ -103.522939549944681, 18.927676620214022 ], [ -103.523548320119346, 18.927198940084896 ], [ -103.524184490078895, 18.927057800242949 ], [ -103.524886139733425, 18.927415229850656 ], [ -103.52545322993825, 18.927669280253486 ], [ -103.526195450267451, 18.927925449781689 ], [ -103.527244090395072, 18.928100459847883 ], [ -103.528385109569726, 18.928026050433729 ], [ -103.529751829776686, 18.927883780354019 ], [ -103.530802450033846, 18.927808549736582 ], [ -103.531388709722009, 18.92779777980876 ], [ -103.532134379661926, 18.927704950061628 ], [ -103.533057399664656, 18.927439779564828 ], [ -103.53362032041646, 18.927036200351665 ], [ -103.534058710415863, 18.926293199777458 ], [ -103.534151630002242, 18.92550282966743 ], [ -103.534277880089647, 18.924580579884392 ], [ -103.534269939642101, 18.923900650265381 ], [ -103.53421819979323, 18.923129080335308 ], [ -103.534138860305859, 18.922629909613381 ], [ -103.533958679568997, 18.921659619602856 ], [ -103.533698449547856, 18.920845709753689 ], [ -103.533067969535182, 18.919246000149052 ], [ -103.531597769783346, 18.917110379594337 ], [ -103.530820600052806, 18.915854549622015 ], [ -103.530055780446659, 18.914820689971368 ], [ -103.52968558043311, 18.914184679758158 ], [ -103.529225349579022, 18.91392066015548 ], [ -103.528860180176224, 18.913732430379046 ], [ -103.528654050030482, 18.913337880332332 ], [ -103.528543259754471, 18.913044689919616 ], [ -103.528414030029836, 18.912316719732825 ], [ -103.529149170376584, 18.911975219847694 ], [ -103.529521320299153, 18.911516859787742 ], [ -103.529832369585051, 18.910741310124166 ], [ -103.530097479922503, 18.909911600317376 ], [ -103.530159920448654, 18.909832939765202 ], [ -103.530216420220981, 18.909394449742319 ], [ -103.530364999687365, 18.908955020280814 ], [ -103.530452509705142, 18.908545399762879 ], [ -103.530601419681048, 18.908135170227002 ], [ -103.530837510290041, 18.907286120045288 ], [ -103.53107850969198, 18.906874949651215 ], [ -103.531347919598801, 18.906259120107201 ], [ -103.531773109735028, 18.905846079836543 ], [ -103.532044799561561, 18.90543460023255 ], [ -103.532625109576486, 18.905165940210097 ], [ -103.533239719946195, 18.905218079946135 ], [ -103.534075969889997, 18.905819619980335 ], [ -103.534729080225617, 18.906199509857682 ], [ -103.535778519588249, 18.906457659729504 ], [ -103.536475879725813, 18.906879490179822 ], [ -103.537178339591861, 18.907661600158512 ], [ -103.537734019787081, 18.90818079968108 ], [ -103.538648289878267, 18.908854569745525 ], [ -103.53952025974921, 18.909403079845426 ], [ -103.540349479786414, 18.909534419560671 ], [ -103.541094480053943, 18.909623509988155 ], [ -103.541489059990212, 18.909665229639067 ], [ -103.542031400344158, 18.909592319926418 ], [ -103.542666970159289, 18.909406199578065 ], [ -103.543373120355326, 18.909196920043584 ], [ -103.544122690395383, 18.90902267955888 ], [ -103.544573569778308, 18.908847780269877 ], [ -103.545728680436781, 18.908656319862882 ], [ -103.546579490016896, 18.908541829915048 ], [ -103.54766016967055, 18.908209889579439 ], [ -103.549712479583874, 18.908009180136204 ], [ -103.55032464982132, 18.907845720058678 ], [ -103.551282850119904, 18.906960200028298 ], [ -103.551475380318706, 18.906815570066019 ], [ -103.551797949823253, 18.906573230053507 ], [ -103.552391829534187, 18.906153149782117 ], [ -103.553328379931287, 18.905990799617758 ], [ -103.554416570137221, 18.906232399615458 ], [ -103.554713750452336, 18.906323199752254 ], [ -103.555444890211291, 18.906498120112435 ], [ -103.556039829727013, 18.906749350442112 ], [ -103.556714939675246, 18.906813449561461 ], [ -103.55738687970026, 18.906842980432241 ], [ -103.558074680365308, 18.906580429565441 ], [ -103.558338030164379, 18.906217540127248 ], [ -103.558461149572381, 18.905816400395675 ], [ -103.558788079625359, 18.904804849660469 ], [ -103.559034199855674, 18.903862849616051 ], [ -103.559088430245339, 18.902780230424703 ], [ -103.558877199908935, 18.901778490208173 ], [ -103.558750180114345, 18.901486080420526 ], [ -103.558785579985852, 18.90114292033406 ], [ -103.558778519903726, 18.900410050052081 ], [ -103.559172140048389, 18.898032349844289 ], [ -103.559277230149803, 18.896520629653576 ], [ -103.559624999740393, 18.895955689861392 ], [ -103.560510179535228, 18.894891259807036 ], [ -103.561824460391563, 18.894181629977727 ], [ -103.563051179624154, 18.894079090183624 ], [ -103.563899679545983, 18.893935600112155 ], [ -103.564867220296392, 18.893880659874995 ], [ -103.566009620454722, 18.893751980271286 ], [ -103.566810649697203, 18.893586489590135 ], [ -103.567491229633745, 18.893220170354834 ], [ -103.568060819727194, 18.892929449900464 ], [ -103.568544579934652, 18.892808319592667 ], [ -103.568853289759105, 18.892518799751535 ], [ -103.568825140223822, 18.892173490236829 ], [ -103.568774850432263, 18.891904580109205 ], [ -103.568788519628683, 18.891677450153878 ], [ -103.568818220050545, 18.891183800269076 ], [ -103.568650969607347, 18.890476259933514 ], [ -103.568834520140925, 18.889478320366425 ], [ -103.569153119789405, 18.888231059651499 ], [ -103.569117370333998, 18.887189059786397 ], [ -103.568739080424621, 18.885478220036383 ], [ -103.568703339943752, 18.884436749775961 ], [ -103.568962889884489, 18.883656460368183 ], [ -103.569356400088182, 18.883005230123416 ], [ -103.570026630382088, 18.882152020316781 ], [ -103.57095713956781, 18.881196450063456 ], [ -103.571786219984759, 18.880627479788412 ], [ -103.572230080229915, 18.880218739992507 ], [ -103.572363719904459, 18.879521320309561 ], [ -103.572334719634398, 18.876812780103787 ], [ -103.572401229822674, 18.874257660010748 ], [ -103.572343000404672, 18.872594379784548 ], [ -103.572453920267236, 18.872170709874446 ], [ -103.572545420083827, 18.871821220202857 ], [ -103.573244139546901, 18.871327890363158 ], [ -103.573720260318836, 18.871389969952887 ], [ -103.574178710024725, 18.871435460075457 ], [ -103.574652970282472, 18.871621819728528 ], [ -103.575172879898219, 18.87216698035018 ], [ -103.575739859756112, 18.87250512025382 ], [ -103.576348709649835, 18.872926049552955 ], [ -103.576783479740513, 18.873262749642556 ], [ -103.577088380099596, 18.873556650026945 ], [ -103.577388580306177, 18.874183970179839 ], [ -103.577515649621915, 18.874725920346275 ], [ -103.578124060351016, 18.875272420084208 ], [ -103.578997349850553, 18.875528659634615 ], [ -103.580153449734055, 18.876074429568771 ], [ -103.581167000299601, 18.87592905956792 ], [ -103.579676170384289, 18.876898379630997 ], [ -103.578261850094478, 18.878798290427621 ], [ -103.578464370107412, 18.880236380357253 ], [ -103.580361520173042, 18.884096150044705 ], [ -103.580551279629233, 18.886202279847232 ], [ -103.581395259992647, 18.887174120193244 ], [ -103.582013650169657, 18.887949140009518 ], [ -103.583137979733408, 18.889523569839518 ], [ -103.583347260250562, 18.889750970241103 ], [ -103.584852260162918, 18.891299080330487 ], [ -103.5864357096617, 18.891674749628216 ], [ -103.587683490352958, 18.897515770317185 ], [ -103.589600850325496, 18.901266019748274 ], [ -103.589642050281626, 18.901347419594355 ], [ -103.590711949880571, 18.903462280118966 ], [ -103.596208860463946, 18.904239139842304 ], [ -103.589555030176527, 18.906945280133851 ], [ -103.588698779976895, 18.908991049802534 ], [ -103.587858229893939, 18.909933199596878 ], [ -103.58634256994749, 18.912547949661921 ], [ -103.586617540158699, 18.916148950155097 ], [ -103.585156570036432, 18.917337509951732 ], [ -103.57995606013283, 18.917110249571877 ], [ -103.581376019845464, 18.921001539647257 ], [ -103.58082110964061, 18.927474999647504 ], [ -103.57971323025123, 18.928354739984645 ], [ -103.584778180100685, 18.928999979747108 ], [ -103.58800008028895, 18.926867520321146 ], [ -103.589471260456392, 18.934066770421818 ], [ -103.587406169630938, 18.940190090301169 ], [ -103.587990019751757, 18.944403200227075 ], [ -103.589952319846589, 18.947015909741758 ], [ -103.587982200057112, 18.950029509938368 ], [ -103.5892656204487, 18.951545460052483 ], [ -103.589195780021129, 18.952175090036501 ], [ -103.587935970094875, 18.960144419921836 ], [ -103.587870199852972, 18.960580339772076 ], [ -103.587644320257439, 18.962077339981821 ], [ -103.587185829897763, 18.965115909757312 ], [ -103.587026879658637, 18.966208620101529 ], [ -103.586946279955001, 18.966757879975916 ], [ -103.58676529000509, 18.967991429637468 ], [ -103.586352429869066, 18.970805059991989 ], [ -103.58542043043839, 18.977156580055382 ], [ -103.591461680171662, 18.980529769939281 ], [ -103.592323429972012, 18.980956370212514 ], [ -103.589829369979014, 18.981962290305809 ], [ -103.588871119829108, 18.985342259576633 ], [ -103.588924539787811, 18.987068019654878 ], [ -103.588932799583901, 18.987123980313882 ], [ -103.589028780278397, 18.988009260423905 ], [ -103.589508600472371, 18.989399999751161 ], [ -103.590473319718086, 18.994576599933929 ], [ -103.591018170394989, 18.994929110412077 ], [ -103.591516579793634, 18.996849319742726 ], [ -103.591942339895112, 18.99727444993934 ], [ -103.592902400038298, 19.000000399552288 ], [ -103.593426449923186, 19.001666249820644 ], [ -103.592228799779321, 19.004532769857491 ], [ -103.595677260284376, 19.006259830221794 ], [ -103.597810019714956, 19.007406599584399 ], [ -103.603071139765206, 19.010225550300703 ], [ -103.604491060163141, 19.013023739545918 ], [ -103.605837109618008, 19.015340230333205 ], [ -103.608445689933234, 19.018841969624116 ], [ -103.608731019977967, 19.022147109942456 ], [ -103.608256369636024, 19.023006710072558 ], [ -103.611786539525738, 19.028477550138415 ], [ -103.616120680314921, 19.030166890428966 ], [ -103.620461630465769, 19.028487780427753 ], [ -103.622460059821265, 19.028472779761159 ], [ -103.626997599740633, 19.029416249688545 ], [ -103.628274599991641, 19.02920989043254 ], [ -103.62830180017491, 19.029443520282822 ], [ -103.628756970421634, 19.029705920058436 ], [ -103.629512459987239, 19.029701280093477 ], [ -103.631942550259495, 19.028997260063374 ], [ -103.632545880337673, 19.029243629781995 ], [ -103.632598460037627, 19.029265110104614 ], [ -103.632748779695532, 19.028659799800206 ], [ -103.633848649933327, 19.028501909825426 ], [ -103.634668349706203, 19.02856717981005 ], [ -103.636005920292888, 19.028300199618595 ], [ -103.646903199814034, 19.021891400346188 ], [ -103.646817020006139, 19.02051008012614 ], [ -103.647282350116967, 19.017364200181792 ], [ -103.647560249569821, 19.017281679880895 ], [ -103.647636779555867, 19.016921919783645 ], [ -103.647875430007701, 19.016586049907747 ], [ -103.648091119670482, 19.016583679857657 ], [ -103.648388620466662, 19.016657339849747 ], [ -103.64849957043991, 19.016912490384982 ], [ -103.648613919534696, 19.017449630146356 ], [ -103.648701619899086, 19.018012679939449 ], [ -103.648924119962686, 19.018574279579024 ], [ -103.649140449790835, 19.018623180393909 ], [ -103.649626679784717, 19.018694770314291 ], [ -103.649926050233347, 19.018922229747282 ], [ -103.649878949951074, 19.019486770300375 ], [ -103.649670380410754, 19.020078709877229 ], [ -103.649863769807581, 19.020461150454892 ], [ -103.650243710130155, 19.020662109758433 ], [ -103.650302310301058, 19.021046019737639 ], [ -103.650066459653843, 19.021612620264111 ], [ -103.64950428964562, 19.021952060415146 ], [ -103.649101709804242, 19.022110289766683 ], [ -103.649167399701625, 19.023083780359492 ], [ -103.649152830352193, 19.024109450421911 ], [ -103.649240549786498, 19.02467251981798 ], [ -103.649066680220031, 19.025905019789672 ], [ -103.649074720015179, 19.026571489887434 ], [ -103.648812850210376, 19.027215309678613 ], [ -103.648438780442277, 19.027501420235104 ], [ -103.648373949718888, 19.028049420242603 ], [ -103.648616710359391, 19.028391520160746 ], [ -103.648701139933877, 19.03080693978983 ], [ -103.648647279986292, 19.030920720200331 ], [ -103.648596829650245, 19.031080400175963 ], [ -103.648520400390595, 19.031216449800219 ], [ -103.64844328010696, 19.031375230415868 ], [ -103.648412720190663, 19.03160477970183 ], [ -103.648384740445778, 19.031810580261823 ], [ -103.648401800157359, 19.032041339807872 ], [ -103.64844661980888, 19.032203320323568 ], [ -103.64851522988009, 19.032365579643599 ], [ -103.648513219897808, 19.032434619750855 ], [ -103.648385770421839, 19.032684519591712 ], [ -103.648284549898619, 19.032819749952598 ], [ -103.64815845991771, 19.033023820157478 ], [ -103.648131549741123, 19.033161050296421 ], [ -103.648126829717, 19.033321850024951 ], [ -103.648195459976691, 19.033484110402206 ], [ -103.648189780227753, 19.033644919781739 ], [ -103.648066279765061, 19.033826309827681 ], [ -103.647594979538994, 19.034228769770106 ], [ -103.647199629703096, 19.034610109648302 ], [ -103.647168800356695, 19.034816479801766 ], [ -103.64725814043743, 19.035117169953629 ], [ -103.647440179540766, 19.035604230232138 ], [ -103.647478770043264, 19.035881219938531 ], [ -103.647377049847535, 19.03613138042455 ], [ -103.647177879543776, 19.036356520019151 ], [ -103.647213859642704, 19.037759890400267 ], [ -103.646777820448193, 19.03871503005675 ], [ -103.646761780106303, 19.041174049919878 ], [ -103.645986520424756, 19.041247629962982 ], [ -103.645296660045318, 19.041690969800666 ], [ -103.645358749596767, 19.043048770331559 ], [ -103.644628570155447, 19.043307509895335 ], [ -103.644665320194221, 19.044618579793518 ], [ -103.643299540277383, 19.047850280161448 ], [ -103.644136919996228, 19.04913452003105 ], [ -103.643844259872409, 19.050139019901419 ], [ -103.642916629744505, 19.051404109748837 ], [ -103.644096750057741, 19.051570109902595 ], [ -103.644576619773957, 19.052661819785268 ], [ -103.645038510047542, 19.056212710001084 ], [ -103.646902259566701, 19.056118740013758 ], [ -103.647979619743111, 19.056603999607685 ], [ -103.657315620246052, 19.058180540375652 ], [ -103.658308579930946, 19.058813369918195 ], [ -103.658293680234635, 19.05957889034541 ], [ -103.658397370110407, 19.062556569816685 ], [ -103.660305080382827, 19.063289110069174 ], [ -103.660645889678818, 19.063419969910885 ], [ -103.669311620107308, 19.066747060275933 ], [ -103.6730452202099, 19.068180350164486 ], [ -103.674681019595354, 19.068823479914755 ], [ -103.676466750319747, 19.069489339902454 ], [ -103.677741680402377, 19.069964710205202 ], [ -103.679120550033886, 19.07051210982068 ], [ -103.682267280004481, 19.072174060086688 ], [ -103.682430999918665, 19.072260519751314 ], [ -103.682563709541256, 19.072330619722894 ], [ -103.683407819868023, 19.072776420208967 ], [ -103.682382720437332, 19.074807890083456 ], [ -103.718204719730963, 19.088506219957154 ], [ -103.719054350253529, 19.088595340439081 ], [ -103.71919997991634, 19.088591850354934 ], [ -103.719326320222976, 19.088594060440077 ], [ -103.719370739641846, 19.087771519763542 ], [ -103.719366430326744, 19.087430250406225 ], [ -103.719362720314635, 19.087136050400407 ], [ -103.719222819661979, 19.086843380095008 ], [ -103.719104229869615, 19.086277509984082 ], [ -103.719075889690785, 19.085995339926296 ], [ -103.719069369836305, 19.085477549690467 ], [ -103.719164569985793, 19.085170459838565 ], [ -103.719409710445078, 19.084967569828162 ], [ -103.719582710308643, 19.084844480367749 ], [ -103.719764749794692, 19.084548150122721 ], [ -103.719922309827197, 19.084275649942438 ], [ -103.720065860104981, 19.083873829760954 ], [ -103.720247740302824, 19.08356573958671 ], [ -103.720342199650545, 19.083199799978214 ], [ -103.720338779628221, 19.082929120239871 ], [ -103.720336849552638, 19.082776149756342 ], [ -103.720247510126285, 19.082565309918163 ], [ -103.720170690358984, 19.08236608969105 ], [ -103.720141429624235, 19.081961830156239 ], [ -103.720138150183061, 19.081702939668457 ], [ -103.720134889815455, 19.081444049950942 ], [ -103.720118369537019, 19.081114680314037 ], [ -103.720114650420243, 19.080820479969816 ], [ -103.720136149680741, 19.08056129007203 ], [ -103.720245509580977, 19.080395259557669 ], [ -103.720266860157878, 19.08012431002993 ], [ -103.720371629806763, 19.080005539722059 ], [ -103.72047997002197, 19.079954969591949 ], [ -103.72071030967227, 19.079750859915787 ], [ -103.720995120436925, 19.079747619743184 ], [ -103.721254849592555, 19.079721119732621 ], [ -103.721414909676426, 19.07964868021708 ], [ -103.721536800132284, 19.079494289997985 ], [ -103.721734180330458, 19.079433170254905 ], [ -103.72201702968178, 19.079276939652893 ], [ -103.722237399732464, 19.079074339990544 ], [ -103.722493709721263, 19.078777150417498 ], [ -103.722552950356018, 19.078564649719887 ], [ -103.722575340351256, 19.078376060112319 ], [ -103.722609490313701, 19.07814027972697 ], [ -103.722607569888893, 19.077987290105561 ], [ -103.72254388031233, 19.077846770036889 ], [ -103.722479279956133, 19.077635650275266 ], [ -103.722489150047323, 19.07743545966953 ], [ -103.722511090323806, 19.077211580402356 ], [ -103.722609260184498, 19.076993819925452 ], [ -103.722657309753629, 19.076875570288369 ], [ -103.722740690472918, 19.076615689872575 ], [ -103.72277354037351, 19.076273979943913 ], [ -103.722770739602538, 19.076052079895536 ], [ -103.722929029598859, 19.075850060368595 ], [ -103.723075850110888, 19.075670739890192 ], [ -103.723381629967605, 19.075396080087653 ], [ -103.723601969812819, 19.075193479645687 ], [ -103.72388231968911, 19.074837170341393 ], [ -103.724040139699227, 19.074588200405515 ], [ -103.724246459558884, 19.074256290307343 ], [ -103.724540059716603, 19.073970460198218 ], [ -103.724858420078903, 19.073684350086637 ], [ -103.725216799912289, 19.073435619757582 ], [ -103.725461689759115, 19.073262420345127 ], [ -103.725712739575229, 19.073190480043699 ], [ -103.725949769974974, 19.07316013977951 ], [ -103.726350280101627, 19.073208050388736 ], [ -103.726431510245149, 19.073132350179595 ], [ -103.726878230145971, 19.072715999785729 ], [ -103.727654549726438, 19.071527420181642 ], [ -103.727355579643373, 19.069599549967364 ], [ -103.726714049528866, 19.068348570402279 ], [ -103.726360740146063, 19.06748936966498 ], [ -103.725120420195438, 19.064678169730271 ], [ -103.727044920059242, 19.065273619877271 ], [ -103.728455280381368, 19.065712249591453 ], [ -103.729593250225903, 19.0660911800165 ], [ -103.730570480281415, 19.066382710047726 ], [ -103.731168090242264, 19.066559309816583 ], [ -103.732105749710968, 19.06683809026325 ], [ -103.73336831980572, 19.06722648008078 ], [ -103.73476106008178, 19.067712319861656 ], [ -103.73600574954358, 19.068128290045266 ], [ -103.73717150991871, 19.068567509947037 ], [ -103.739446520105332, 19.069433109590484 ], [ -103.740568860004714, 19.069870370430849 ], [ -103.740927619597386, 19.068684920126184 ], [ -103.741592619721132, 19.067000659884581 ], [ -103.74209168038405, 19.065658200154903 ], [ -103.750305219653612, 19.064292620130985 ], [ -103.750209450241911, 19.063715740036269 ], [ -103.7501451097868, 19.063572749844958 ], [ -103.750126019745395, 19.063341200191353 ], [ -103.750115980119688, 19.063048769611711 ], [ -103.750139709998791, 19.062882770279039 ], [ -103.7501591095386, 19.06250887975359 ], [ -103.750197649795268, 19.062261780373777 ], [ -103.750212980084441, 19.062068969891701 ], [ -103.750340539610718, 19.062059600189279 ], [ -103.750437119531469, 19.062048320281555 ], [ -103.750598089910596, 19.062049880020723 ], [ -103.750733050470004, 19.062121170309783 ], [ -103.751035539722821, 19.062036399944244 ], [ -103.751074140280878, 19.06191600034758 ], [ -103.750874379700704, 19.061217180340456 ], [ -103.750945969944752, 19.061180340212644 ], [ -103.751094090215773, 19.061176629888575 ], [ -103.751571339645352, 19.061233219818735 ], [ -103.751810169989412, 19.061271170034065 ], [ -103.752295490032992, 19.0613537403705 ], [ -103.752766619892114, 19.061722080378523 ], [ -103.753433379654055, 19.062332679596825 ], [ -103.753542680345547, 19.062450819709365 ], [ -103.753144150000239, 19.062824420335971 ], [ -103.752913450183058, 19.063088659888628 ], [ -103.752749779998226, 19.063307850332837 ], [ -103.752619820311978, 19.06350102981213 ], [ -103.752581769998926, 19.063585909916114 ], [ -103.752252890298422, 19.064230940358698 ], [ -103.752138889637408, 19.064582860455257 ], [ -103.752001399979335, 19.065037800026293 ], [ -103.751954059885463, 19.065281999695763 ], [ -103.751970259599517, 19.065481599832395 ], [ -103.752082379710544, 19.065987430091283 ], [ -103.752128119563082, 19.066148279709768 ], [ -103.75216174000326, 19.066452970307232 ], [ -103.752170249803797, 19.067415090116981 ], [ -103.752150970225728, 19.067861770324985 ], [ -103.752112169970886, 19.068271219981224 ], [ -103.752228539841127, 19.068669830283437 ], [ -103.752230550042682, 19.068852950372783 ], [ -103.752248940093267, 19.069004709935879 ], [ -103.752397980146625, 19.069743139729347 ], [ -103.752436380169527, 19.070332380101917 ], [ -103.752440649856965, 19.07081550968763 ], [ -103.752476940220689, 19.071124720262443 ], [ -103.752883429658382, 19.071825200299461 ], [ -103.766907710439128, 19.070681199869306 ], [ -103.767315619827741, 19.069968949728015 ], [ -103.767489150469103, 19.069201149937815 ], [ -103.768649820309562, 19.068074399554501 ], [ -103.769769319682112, 19.068637779989906 ], [ -103.769818000089828, 19.068663750107685 ], [ -103.77438682961612, 19.07110094008334 ], [ -103.77608366011826, 19.07201395028412 ], [ -103.776118949698343, 19.072567320447121 ], [ -103.776105719750404, 19.072784540204633 ], [ -103.776011739716949, 19.072929679901652 ], [ -103.775765460171925, 19.073053520076268 ], [ -103.775274379931744, 19.073120400016105 ], [ -103.774974029540203, 19.073306230001254 ], [ -103.774808710125399, 19.073625000337863 ], [ -103.774789429609001, 19.073930079895238 ], [ -103.774956089899916, 19.074215630201472 ], [ -103.774914429651076, 19.074629820307646 ], [ -103.774719420160395, 19.07501225969748 ], [ -103.774440170176362, 19.075250339634334 ], [ -103.77375041979505, 19.075582710187113 ], [ -103.77358488032047, 19.076504050087951 ], [ -103.773592720118756, 19.077107719560264 ], [ -103.773398879997202, 19.07757959990963 ], [ -103.773021219785846, 19.078684509747308 ], [ -103.773016169636435, 19.078699280456117 ], [ -103.784529029744121, 19.078230350105358 ], [ -103.784097979834769, 19.081079079990914 ], [ -103.783099999591371, 19.086075599768332 ], [ -103.782611169811361, 19.088773140185058 ], [ -103.786205889915848, 19.092951910190216 ], [ -103.790895649807311, 19.098403110120103 ], [ -103.797604150449018, 19.106199860091191 ], [ -103.810873180091534, 19.11687977023049 ], [ -103.817040049720958, 19.121842570355273 ], [ -103.82584016966814, 19.135985710389559 ], [ -103.824963200426538, 19.13728342026414 ], [ -103.808078749529244, 19.145817229744221 ], [ -103.807940910028591, 19.146137689774722 ], [ -103.806848400418303, 19.146438970119007 ], [ -103.805727339680516, 19.147300110012178 ], [ -103.804360200451171, 19.148336339770722 ], [ -103.800181510403604, 19.151539199606763 ], [ -103.798771999608022, 19.150057539614554 ], [ -103.798277600281466, 19.149752549643576 ], [ -103.798095509873576, 19.149644349663607 ], [ -103.797385830127652, 19.148958020219435 ], [ -103.796751619954478, 19.148547199894271 ], [ -103.793896079884732, 19.153963480237852 ], [ -103.793454479670373, 19.154904679589354 ], [ -103.785151458048603, 19.14894568313591 ], [ -103.78476294272285, 19.148740580164898 ], [ -103.78423424549726, 19.148229177165803 ], [ -103.783402614364945, 19.14769259457368 ], [ -103.782591946004189, 19.147601518166493 ], [ -103.781800682936264, 19.147258569902313 ], [ -103.781281351114373, 19.14688365040335 ], [ -103.780962911868187, 19.146829891985018 ], [ -103.780702768443447, 19.147063402274622 ], [ -103.779376410319799, 19.147892375885036 ], [ -103.778934290724237, 19.148776614455048 ], [ -103.778989556290867, 19.149550323083819 ], [ -103.780315913462431, 19.151705653993915 ], [ -103.780150119114609, 19.15286621707639 ], [ -103.78064750311286, 19.154026780250753 ], [ -103.780426443363936, 19.156624230242546 ], [ -103.780581833104975, 19.159205908075474 ], [ -103.781365945582309, 19.162150719628386 ], [ -103.781359814879906, 19.163785966714983 ], [ -103.781642270580704, 19.165190289896966 ], [ -103.781531741343642, 19.168671977915618 ], [ -103.781752801124924, 19.17044045470875 ], [ -103.782029125395951, 19.172595785950822 ], [ -103.782526509447408, 19.173922144438475 ], [ -103.782692304193844, 19.174972177206598 ], [ -103.782637039229726, 19.176243269547999 ], [ -103.781808066247663, 19.177790687410333 ], [ -103.776107552133567, 19.236998095712501 ], [ -103.738771549129495, 19.252910598291351 ], [ -103.738706371840294, 19.252983792847171 ], [ -103.738524514848748, 19.25310527857096 ], [ -103.738296488415514, 19.25334918590756 ], [ -103.738198535203139, 19.253483523838842 ], [ -103.738113269383533, 19.253648634656873 ], [ -103.738086578690201, 19.253758916162269 ], [ -103.738066255543572, 19.253881515167212 ], [ -103.738038813684511, 19.254089984052388 ], [ -103.73803052216779, 19.254329269324586 ], [ -103.738005972863718, 19.254446146512691 ], [ -103.737946708211268, 19.254625040237723 ], [ -103.737904233696725, 19.25478867212448 ], [ -103.737798878325336, 19.255045698692324 ], [ -103.73772672242103, 19.255186350883907 ], [ -103.737654377816639, 19.255351550401656 ], [ -103.73756901683258, 19.255528934481511 ], [ -103.737437720143703, 19.255798055142357 ], [ -103.737345427977914, 19.256036760960509 ], [ -103.73731840752707, 19.256189998466123 ], [ -103.737324257892155, 19.25626982012016 ], [ -103.737408126574564, 19.256437577925393 ], [ -103.735894786808956, 19.25574827118843 ], [ -103.733786767349997, 19.255116525442116 ], [ -103.73272504888854, 19.254833483679221 ], [ -103.73219903043838, 19.256552379989024 ], [ -103.731113796118876, 19.256872535373933 ], [ -103.730149146370039, 19.25716747826106 ], [ -103.720534073401183, 19.269692461348381 ], [ -103.720431412711122, 19.269924803872673 ], [ -103.720155650884124, 19.270410116131362 ], [ -103.719991571252649, 19.270842201469804 ], [ -103.71958722744823, 19.271168111797586 ], [ -103.719149649318922, 19.271793177243335 ], [ -103.719116050855348, 19.272139295388364 ], [ -103.718896735574205, 19.272519333175474 ], [ -103.718372747288186, 19.273126179987838 ], [ -103.71767540024986, 19.273767031112207 ], [ -103.71725891043252, 19.274063498113506 ], [ -103.716670845726625, 19.274165036360486 ], [ -103.716193499227018, 19.274337795229751 ], [ -103.715880490170832, 19.274840448515675 ], [ -103.715904439123037, 19.274940413755051 ], [ -103.715909842999565, 19.275040248183625 ], [ -103.71582884236939, 19.27512186442403 ], [ -103.715555848475844, 19.275249093871146 ], [ -103.71542284025557, 19.2753431328081 ], [ -103.71537306107858, 19.275699828764129 ], [ -103.715512856788152, 19.276006070966179 ], [ -103.715513478296302, 19.276023298902999 ], [ -103.715270357302487, 19.276186348133749 ], [ -103.715194851547793, 19.276356057965664 ], [ -103.715124931213296, 19.276602122705377 ], [ -103.715072732513335, 19.276953978167313 ], [ -103.715120674356854, 19.277148037668763 ], [ -103.715568133632488, 19.27763842542684 ], [ -103.715567264295871, 19.277749956141012 ], [ -103.715478845621206, 19.277990020619942 ], [ -103.715409154354475, 19.278206734412361 ], [ -103.715284377591885, 19.278352617063785 ], [ -103.71526637081837, 19.278378296827864 ], [ -103.715252965709922, 19.27841696951246 ], [ -103.715344820198823, 19.278529153034956 ], [ -103.715374173013799, 19.2787289518545 ], [ -103.715311074411744, 19.278892879264383 ], [ -103.715192066785605, 19.279091635453955 ], [ -103.715049710359722, 19.279153504615287 ], [ -103.714898345837739, 19.279497561142847 ], [ -103.715074547411092, 19.279892115457304 ], [ -103.715182934400389, 19.280262711098427 ], [ -103.715118781931281, 19.280561649642706 ], [ -103.71490672582182, 19.280800843799607 ], [ -103.71486166718914, 19.281029471073776 ], [ -103.714827552980012, 19.2814401579964 ], [ -103.714614946065893, 19.281749791614946 ], [ -103.714274123423024, 19.281853060727034 ], [ -103.714291692791534, 19.281979017802641 ], [ -103.714219278744935, 19.28205522853554 ], [ -103.714080618949026, 19.282091210023982 ], [ -103.71398411936795, 19.282082379043139 ], [ -103.713771841442963, 19.282049117403105 ], [ -103.71354875600619, 19.282116816875092 ], [ -103.713515900129465, 19.28214645809302 ], [ -103.713485333009018, 19.282321833977377 ], [ -103.713471227404327, 19.28254480858855 ], [ -103.713517840119692, 19.282909100083678 ], [ -103.713466276065631, 19.283178773341376 ], [ -103.713322214276289, 19.283418444669174 ], [ -103.713043940306349, 19.283428225313976 ], [ -103.712864650279286, 19.283314112511405 ], [ -103.712760126214761, 19.283355780780656 ], [ -103.712479603931101, 19.283653193081562 ], [ -103.712303850762012, 19.283992435746878 ], [ -103.712284696224799, 19.284142196064611 ], [ -103.712086062834743, 19.284172882061544 ], [ -103.711994273220867, 19.284627596361599 ], [ -103.711499090419991, 19.284920149470185 ], [ -103.711559339269812, 19.285827984854343 ], [ -103.711727143957589, 19.286588942338209 ], [ -103.711608399446078, 19.286799866363701 ], [ -103.71112802561035, 19.287306771289067 ], [ -103.711202580144842, 19.288198728527753 ], [ -103.710445432885606, 19.289209820955765 ], [ -103.710731392576548, 19.289798876389714 ], [ -103.710723234229832, 19.290051244211476 ], [ -103.710697863012129, 19.29013325077532 ], [ -103.7103935159667, 19.290313082652471 ], [ -103.710136463320708, 19.290769155795061 ], [ -103.710134919880403, 19.291755365511612 ], [ -103.709934745374582, 19.292053339914069 ], [ -103.709410076832711, 19.293523092870803 ], [ -103.709086554359786, 19.294159414850107 ], [ -103.708702814853936, 19.294554276616832 ], [ -103.708020527160912, 19.294904541194857 ], [ -103.707463801177127, 19.294941692778114 ], [ -103.707189246838098, 19.295262619161004 ], [ -103.706915981771999, 19.295419183466098 ], [ -103.706091156811411, 19.295742079483478 ], [ -103.705789653102528, 19.29634458858504 ], [ -103.705415344999011, 19.296770470549944 ], [ -103.704764538125019, 19.296977187239833 ], [ -103.703992222676433, 19.297696693936981 ], [ -103.702643406761567, 19.297822132373916 ], [ -103.702010261139279, 19.298140500432961 ], [ -103.701667249991587, 19.298925423162686 ], [ -103.700972417672361, 19.299871163919942 ], [ -103.700463958224077, 19.300563231732902 ], [ -103.699615385243916, 19.301718231035998 ], [ -103.6994682034546, 19.301392187286172 ], [ -103.698671747475771, 19.302813001979224 ], [ -103.698541675896053, 19.303690690333884 ], [ -103.698234471326344, 19.304160060105559 ], [ -103.697940638306108, 19.30456888727986 ], [ -103.698149314334785, 19.304764097465505 ], [ -103.698108549088701, 19.305227562019578 ], [ -103.697333166173621, 19.306325651649317 ], [ -103.696385905897557, 19.307078394101204 ], [ -103.695687862011013, 19.307364522569461 ], [ -103.695215010270786, 19.307555028616314 ], [ -103.695112595024753, 19.3079945710681 ], [ -103.694325838675184, 19.308963416802271 ], [ -103.694179767113397, 19.309449607851526 ], [ -103.693824459534085, 19.309811024710172 ], [ -103.693314720369045, 19.310153723968096 ], [ -103.692462426948609, 19.311585846914795 ], [ -103.692039660239871, 19.311876332034061 ], [ -103.691373555404539, 19.31185188068968 ], [ -103.690786261248206, 19.312199585143681 ], [ -103.689996384915375, 19.312193908160285 ], [ -103.688789499632307, 19.312375461119828 ], [ -103.687979218153032, 19.313185609171875 ], [ -103.687762442121794, 19.313231012343973 ], [ -103.687519796611483, 19.313333641362256 ], [ -103.686721490216797, 19.313873035771856 ], [ -103.686257215248958, 19.314443969243019 ], [ -103.685914964238009, 19.314614259738324 ], [ -103.685634646151655, 19.315778291243522 ], [ -103.685634310414514, 19.315778843997247 ], [ -103.685039073452444, 19.316758994008907 ], [ -103.684732650265502, 19.317454650264075 ], [ -103.683703199883837, 19.321408220060622 ], [ -103.683947429649706, 19.322096830398003 ], [ -103.683849819720137, 19.322074179584543 ], [ -103.68351104959261, 19.322075049868474 ], [ -103.683269049579266, 19.322029650107471 ], [ -103.682687510208183, 19.32207688974308 ], [ -103.682374570025061, 19.322238369905222 ], [ -103.681794250205527, 19.322538089713262 ], [ -103.681164949913907, 19.32281526045286 ], [ -103.680658680265523, 19.323161170365967 ], [ -103.680512740466028, 19.323322420446203 ], [ -103.680392090175957, 19.323598449697226 ], [ -103.680442349917811, 19.323805090143637 ], [ -103.680466000179464, 19.32394242981113 ], [ -103.680371110408217, 19.324218630186706 ], [ -103.68022637958542, 19.324632459619824 ], [ -103.679839580447791, 19.32484005988599 ], [ -103.67942649010017, 19.32539221977132 ], [ -103.679171460145753, 19.325760249954001 ], [ -103.678870879660579, 19.325608479922849 ] ] ] } },
{ "type": "Feature", "properties": { "CVEGEO": "06007", "CVE_ENT": "06", "CVE_MUN": "007", "NOMGEO": "Manzanillo" }, "geometry": { "type": "MultiPolygon", "coordinates": [ [ [ [ -104.486069043189474, 19.104844646185885 ], [ -104.485930453274648, 19.104710324600369 ], [ -104.485936441017245, 19.10462394853301 ], [ -104.485994571205367, 19.104493573618999 ], [ -104.486000821047455, 19.104421572813507 ], [ -104.485842300370507, 19.104438564601548 ], [ -104.485674777422048, 19.104376616515076 ], [ -104.485680896378057, 19.104297428565747 ], [ -104.485580113108767, 19.104162482904897 ], [ -104.485488463174022, 19.1041136640515 ], [ -104.485433307619871, 19.103992347020633 ], [ -104.485272821822079, 19.103901523488581 ], [ -104.485015746617819, 19.103905758461114 ], [ -104.484728426300435, 19.103910491163056 ], [ -104.484666627970569, 19.103839611275319 ], [ -104.484800237332948, 19.103700804439242 ], [ -104.48489315947262, 19.103404492731897 ], [ -104.484965232023455, 19.103209181281105 ], [ -104.484963266730688, 19.103101366667232 ], [ -104.484817904267231, 19.103010293651423 ], [ -104.484882547240943, 19.10282229492795 ], [ -104.485178342976383, 19.102867751094827 ], [ -104.48532265721073, 19.102901321974311 ], [ -104.485495249748553, 19.102826580752559 ], [ -104.485545555113575, 19.102681956588643 ], [ -104.485473968649927, 19.102489011970803 ], [ -104.485646035413538, 19.102385520215002 ], [ -104.485477990895973, 19.102294821653931 ], [ -104.485362872712415, 19.102203250951614 ], [ -104.485703247533891, 19.102204833006969 ], [ -104.485831258792416, 19.102173964595817 ], [ -104.485994364376978, 19.102408539396418 ], [ -104.486101266325335, 19.10246429578137 ], [ -104.48631323618352, 19.10247518186306 ], [ -104.486521665403117, 19.102292001937613 ], [ -104.486571839323616, 19.102140189456669 ], [ -104.486470662531048, 19.101983682416169 ], [ -104.486347328035365, 19.101856298672196 ], [ -104.48627770622798, 19.101771169052288 ], [ -104.486351480117719, 19.101669296530957 ], [ -104.486579881608662, 19.101751808959413 ], [ -104.486631627594122, 19.101686248632873 ], [ -104.486615063613172, 19.101607433886691 ], [ -104.48652302173474, 19.101537053480588 ], [ -104.486536832537439, 19.101464928277416 ], [ -104.486702779927143, 19.101440623130848 ], [ -104.486950847659415, 19.101357445954434 ], [ -104.487115613724626, 19.101268452490238 ], [ -104.487341392155429, 19.101207211876794 ], [ -104.487548289766693, 19.101354785604478 ], [ -104.487716073130656, 19.101431106553484 ], [ -104.487899239857711, 19.101521552230068 ], [ -104.487977734759312, 19.10167843323849 ], [ -104.488026379681742, 19.101857374479131 ], [ -104.488189226288497, 19.102077571618882 ], [ -104.48847929789919, 19.102223772365875 ], [ -104.488678637813834, 19.102371469443039 ], [ -104.488635240314778, 19.102480032315924 ], [ -104.488521038302849, 19.102438777663124 ], [ -104.488270608076505, 19.102392579793793 ], [ -104.488263703573125, 19.10242864295968 ], [ -104.488135298109, 19.102437950201875 ], [ -104.487945749141517, 19.102412317376547 ], [ -104.488015241146996, 19.102490259143444 ], [ -104.488296177681178, 19.102550333787246 ], [ -104.488479739916272, 19.102662342145496 ], [ -104.487903531613966, 19.102585568922986 ], [ -104.487853097606688, 19.102723005798893 ], [ -104.48773212117294, 19.102725000863558 ], [ -104.487748685935344, 19.102803815594381 ], [ -104.487872679402187, 19.102967135903448 ], [ -104.487859918526155, 19.103096762220506 ], [ -104.487869053102699, 19.103182888831181 ], [ -104.488044661779625, 19.10327346011627 ], [ -104.488144398288711, 19.103350903089332 ], [ -104.488325599940652, 19.103333534762417 ], [ -104.488613968609528, 19.103386296087962 ], [ -104.488698320124172, 19.103449612963718 ], [ -104.488821527962827, 19.103569806048039 ], [ -104.488708505940465, 19.103593240433394 ], [ -104.488733287998329, 19.103707868018617 ], [ -104.488682460773646, 19.103823742972068 ], [ -104.488622103771945, 19.103831928908775 ], [ -104.488624334394018, 19.103954118799848 ], [ -104.488580541755582, 19.104041118582892 ], [ -104.488491646156774, 19.104143241940985 ], [ -104.488426090075961, 19.10428092962551 ], [ -104.488374080616396, 19.104332115554183 ], [ -104.48840616167962, 19.104432244235564 ], [ -104.488339423628219, 19.104505242915227 ], [ -104.488218971340189, 19.104535988838055 ], [ -104.488127976152825, 19.104523110117114 ], [ -104.488006605528042, 19.104503542078099 ], [ -104.48792330215602, 19.104497726613033 ], [ -104.487849265565359, 19.104585225012176 ], [ -104.487760369064006, 19.104687348007044 ], [ -104.487662730413987, 19.104724907505695 ], [ -104.487526368684655, 19.104712776518252 ], [ -104.487403817644008, 19.10462851984737 ], [ -104.487344770699124, 19.104708580610207 ], [ -104.487225104845066, 19.104782451483462 ], [ -104.487163435966536, 19.104718760618365 ], [ -104.487080919274959, 19.104756069516881 ], [ -104.486982625698076, 19.104757689994653 ], [ -104.486900633440328, 19.104823750195706 ], [ -104.48683883356712, 19.104752871118954 ], [ -104.486771045593116, 19.104768368145596 ], [ -104.486635470551349, 19.104799362092489 ], [ -104.486545393056886, 19.104836795326676 ], [ -104.48637188089414, 19.104861225012765 ], [ -104.486069043189474, 19.104844646185885 ] ] ], [ [ [ -104.243669310346149, 19.310091719683133 ], [ -104.243528200341927, 19.309788460056417 ], [ -104.243396430122587, 19.309505279868059 ], [ -104.243132720022075, 19.309388479795246 ], [ -104.242517080244724, 19.309318850253803 ], [ -104.241923170113438, 19.309027219852652 ], [ -104.241649340398638, 19.308967339761747 ], [ -104.240670819881714, 19.308753369568912 ], [ -104.239867380195562, 19.30864125980704 ], [ -104.239065719785671, 19.308486969924697 ], [ -104.238276579987399, 19.308348919579171 ], [ -104.237673520313777, 19.308179260013006 ], [ -104.237267599628694, 19.308118139777761 ], [ -104.236896119912544, 19.308043569948733 ], [ -104.236600980356314, 19.308066419955885 ], [ -104.236301820417992, 19.308043139617293 ], [ -104.235965830472921, 19.307969739907865 ], [ -104.235711370372854, 19.307833319626276 ], [ -104.235509259661598, 19.307719350184744 ], [ -104.235292429924755, 19.307640489861939 ], [ -104.235046969574412, 19.307673569575055 ], [ -104.234776169581053, 19.307727450282385 ], [ -104.234436000327037, 19.307723630316559 ], [ -104.234187110427513, 19.30762234011744 ], [ -104.233940800116741, 19.307440780409557 ], [ -104.233441599843346, 19.307084689863917 ], [ -104.232844619609907, 19.306662980096256 ], [ -104.232527510243187, 19.306332650396676 ], [ -104.232341849712924, 19.305950879694578 ], [ -104.232200320008843, 19.305583249766016 ], [ -104.231990369907365, 19.305306000383435 ], [ -104.231543819736046, 19.305117849760887 ], [ -104.231127019629938, 19.304898049854412 ], [ -104.230770249686003, 19.304782550240819 ], [ -104.23038835041217, 19.304752030197495 ], [ -104.230087910080144, 19.304681689689442 ], [ -104.229949819971225, 19.304558289889354 ], [ -104.229752000217601, 19.304482340411749 ], [ -104.229465550093408, 19.304533170064349 ], [ -104.2293430302812, 19.304667619590052 ], [ -104.229163800090248, 19.304802889683909 ], [ -104.229068290398061, 19.304794829825269 ], [ -104.228848630133854, 19.304776289570061 ], [ -104.228640490098556, 19.30457992024234 ], [ -104.22841372012482, 19.304235509959081 ], [ -104.22808720019836, 19.303906679891764 ], [ -104.227701019642709, 19.303529199816044 ], [ -104.226921819792253, 19.302947950359275 ], [ -104.226612460085335, 19.302740050219686 ], [ -104.226178540440415, 19.302252419712065 ], [ -104.225613780124561, 19.302000569930915 ], [ -104.22491780031163, 19.301977860258614 ], [ -104.224187030003009, 19.301811969655589 ], [ -104.223268920255123, 19.301685599888106 ], [ -104.223540060288073, 19.301310551069843 ], [ -104.22397767960878, 19.300833801134477 ], [ -104.227425088958242, 19.299734380057753 ], [ -104.227334379478421, 19.297957969872456 ], [ -104.226523649074139, 19.297746880029898 ], [ -104.225882319753453, 19.297786681310107 ], [ -104.225157140330239, 19.297823230596016 ], [ -104.225888060102946, 19.298310490870442 ], [ -104.21927391975531, 19.296912940792108 ], [ -104.215040979933008, 19.295333709572432 ], [ -104.210721259346613, 19.293721970107757 ], [ -104.205986310100613, 19.291955120480164 ], [ -104.201856478575834, 19.290538739976462 ], [ -104.200195859337313, 19.292813321031161 ], [ -104.199424338599613, 19.292384451368232 ], [ -104.198084858928553, 19.291886710574556 ], [ -104.195779709026638, 19.291030110535175 ], [ -104.194043919602635, 19.290401260477736 ], [ -104.193555709422768, 19.290224371298546 ], [ -104.190261919472121, 19.28903102974321 ], [ -104.190156479624264, 19.28899283031264 ], [ -104.188628579808096, 19.288439229876538 ], [ -104.187100320193736, 19.288067740689353 ], [ -104.179816579892318, 19.286296970785067 ], [ -104.17788862019404, 19.285814541046449 ], [ -104.176599649920774, 19.285491950160885 ], [ -104.173225369756324, 19.283702719984987 ], [ -104.171305428921514, 19.282336181319348 ], [ -104.171038219832013, 19.281693690308504 ], [ -104.171290058740837, 19.28106932021884 ], [ -104.172688508580933, 19.277236109947061 ], [ -104.172022479236375, 19.2770652010189 ], [ -104.166438078649279, 19.275269780875256 ], [ -104.165693999904633, 19.275135001058949 ], [ -104.165396219204681, 19.275072230785426 ], [ -104.1653331089761, 19.275046799706715 ], [ -104.161936679601226, 19.274181750225413 ], [ -104.158484449735596, 19.273302429982831 ], [ -104.156531480302931, 19.272804939613945 ], [ -104.156174579128489, 19.272714030756802 ], [ -104.154187689844491, 19.271978819855342 ], [ -104.152219048941035, 19.271250341133307 ], [ -104.147095378914585, 19.269354289840507 ], [ -104.144892659057007, 19.268746250399477 ], [ -104.144768778872418, 19.268649999646737 ], [ -104.142113619208914, 19.268204970173198 ], [ -104.140266450093975, 19.267895350605745 ], [ -104.136293660401719, 19.269031940412823 ], [ -104.135238568923455, 19.26873815039654 ], [ -104.134914338968201, 19.268647889728651 ], [ -104.133236618944196, 19.268498859601429 ], [ -104.129010179882883, 19.26803828992513 ], [ -104.124532769689253, 19.2675578909002 ], [ -104.122735418677706, 19.267365031086282 ], [ -104.118396379881588, 19.266807249784851 ], [ -104.120157709911652, 19.26350269052865 ], [ -104.12108565972413, 19.26142601987166 ], [ -104.122556489376521, 19.258124691134267 ], [ -104.118676519332652, 19.256498621083871 ], [ -104.117732489659957, 19.256102970276782 ], [ -104.115340230091448, 19.255377061045973 ], [ -104.113920550266414, 19.255053370535826 ], [ -104.11236401952695, 19.254686750839486 ], [ -104.105680050009326, 19.252790169884261 ], [ -104.105512719961411, 19.25273486126672 ], [ -104.09913499896588, 19.251172140159301 ], [ -104.09296685925051, 19.249381680205655 ], [ -104.075867178850658, 19.25117583120829 ], [ -104.075087939316717, 19.250000170484533 ], [ -104.072738319911721, 19.248098951175621 ], [ -104.072020000196574, 19.247661319833277 ], [ -104.07147037995226, 19.247326480453378 ], [ -104.069817618781215, 19.246579401366187 ], [ -104.068766740113844, 19.245831059754789 ], [ -104.068744520436795, 19.244947859999407 ], [ -104.06850299257249, 19.24423519726605 ], [ -104.068644552636499, 19.243531224133033 ], [ -104.068891706813076, 19.242556988401088 ], [ -104.069300495686633, 19.241487938300722 ], [ -104.070028029853987, 19.241032580669714 ], [ -104.069749230927243, 19.240476471774929 ], [ -104.069111420380949, 19.240090860650202 ], [ -104.068504923993459, 19.239724178129887 ], [ -104.068305817314723, 19.239321491168109 ], [ -104.06762471591054, 19.238686821422395 ], [ -104.067000790019677, 19.238626261152383 ], [ -104.06620082135241, 19.237646689166823 ], [ -104.065787057108366, 19.236745594679842 ], [ -104.064843872860067, 19.236166959162997 ], [ -104.063715128148417, 19.23635246351493 ], [ -104.063496334611614, 19.235873162000779 ], [ -104.062592894465482, 19.235390355858698 ], [ -104.061607826910617, 19.235098399700593 ], [ -104.061253085121265, 19.233738542722342 ], [ -104.060897261431577, 19.232569953723765 ], [ -104.06044119869216, 19.23203204961132 ], [ -104.060404624890452, 19.231381533841279 ], [ -104.060311993705582, 19.229965637928611 ], [ -104.060195420641946, 19.229219074783739 ], [ -104.060279771670864, 19.228550052357257 ], [ -104.060087986841523, 19.226865865226774 ], [ -104.06066167711451, 19.225128223500629 ], [ -104.059977943481101, 19.224971697259917 ], [ -104.059982620893535, 19.224149246538815 ], [ -104.058981736140652, 19.223111232657878 ], [ -104.058944080002419, 19.222651984142185 ], [ -104.057920568138911, 19.222053776183255 ], [ -104.057402510519424, 19.221094746671501 ], [ -104.056824152901683, 19.220823986897976 ], [ -104.056486117699947, 19.220076282071314 ], [ -104.056710219281442, 19.219618380557893 ], [ -104.056231462531713, 19.218831695553643 ], [ -104.055550381161183, 19.218216111703644 ], [ -104.054280154816723, 19.218515596894786 ], [ -104.053242575513153, 19.216865290767966 ], [ -104.051974658459883, 19.216763098253477 ], [ -104.051026113459514, 19.217848443293875 ], [ -104.048168339649806, 19.217604092435746 ], [ -104.046874774536349, 19.218458094583664 ], [ -104.046015831533992, 19.217267734112188 ], [ -104.044627222608057, 19.217145735016153 ], [ -104.043280434247833, 19.216756162517974 ], [ -104.042280255397898, 19.215622430138644 ], [ -104.042445427229296, 19.214915584762515 ], [ -104.04261635405345, 19.213214151931428 ], [ -104.041207095086492, 19.213187657246699 ], [ -104.040322869845014, 19.212896119605055 ], [ -104.039533652188666, 19.2135805662796 ], [ -104.038670341461341, 19.213155240494473 ], [ -104.03821093310539, 19.212521630676573 ], [ -104.03662047829711, 19.21249414985418 ], [ -104.03452645796888, 19.212502257354775 ], [ -104.034297807368404, 19.210282294224083 ], [ -104.034834222697725, 19.208066361217021 ], [ -104.035563924156222, 19.207228602905928 ], [ -104.035430352063841, 19.205965502248475 ], [ -104.035098425880179, 19.20551280844148 ], [ -104.035012469244094, 19.205121704517364 ], [ -104.035663742501853, 19.203920115066555 ], [ -104.035371675362668, 19.202216253996308 ], [ -104.033927607792194, 19.201271415646595 ], [ -104.032701993794348, 19.200844155113426 ], [ -104.031738664457322, 19.200322634987945 ], [ -104.030443837358789, 19.198953432151761 ], [ -104.031481017383882, 19.198024195329147 ], [ -104.032450482022256, 19.197493750059085 ], [ -104.032952661987281, 19.197687670804086 ], [ -104.033879065849078, 19.197635172291513 ], [ -104.034628296865122, 19.196893154893733 ], [ -104.03485231202589, 19.196454407252148 ], [ -104.034838870894006, 19.195306701168214 ], [ -104.035146196478692, 19.194390209152598 ], [ -104.035213947309259, 19.19312816619437 ], [ -104.035076149138561, 19.192591878116389 ], [ -104.035085177054171, 19.191042616783935 ], [ -104.034940178891418, 19.18828752675692 ], [ -104.033819884857024, 19.187076612143901 ], [ -104.034253222730356, 19.185261802232006 ], [ -104.033603152655445, 19.184301113933198 ], [ -104.033096565933121, 19.183612576057882 ], [ -104.033040228183964, 19.182692359172712 ], [ -104.032741291613888, 19.182174347601794 ], [ -104.032052729524082, 19.181501262160044 ], [ -104.033067153064266, 19.18014857314235 ], [ -104.034963391821265, 19.178443916469732 ], [ -104.036460415454897, 19.178196307698069 ], [ -104.037231228932711, 19.177186605841953 ], [ -104.037418060101686, 19.176212092854939 ], [ -104.037944754214791, 19.175641034947663 ], [ -104.039519567708567, 19.174138222866119 ], [ -104.039989627454176, 19.172916532945923 ], [ -104.04119880306132, 19.172674196835779 ], [ -104.043196535767265, 19.171823889408685 ], [ -104.043823287942558, 19.171348970307061 ], [ -104.044212241887763, 19.170222482613834 ], [ -104.045787560423193, 19.169312562608383 ], [ -104.046880110955229, 19.16834274204048 ], [ -104.04742764414182, 19.167637870592156 ], [ -104.047795007530013, 19.166759916490943 ], [ -104.048241452244213, 19.166131027542903 ], [ -104.048486721472784, 19.16548196749601 ], [ -104.048477643137275, 19.164257768604337 ], [ -104.048339052501291, 19.163855374671154 ], [ -104.049993155992794, 19.163232734663531 ], [ -104.051366225624449, 19.162474736081634 ], [ -104.052257966708467, 19.161408205503662 ], [ -104.054641733195595, 19.16130572493784 ], [ -104.057710152727907, 19.159733915865271 ], [ -104.059005037130049, 19.158554651735834 ], [ -104.060154570981453, 19.158158860406136 ], [ -104.060542187565233, 19.157242726148766 ], [ -104.062155497546314, 19.156696272492741 ], [ -104.062420068528141, 19.156181181955983 ], [ -104.063754714018785, 19.155078595318496 ], [ -104.063577775040343, 19.154368269567797 ], [ -104.063661958470632, 19.15368181693497 ], [ -104.063607837907213, 19.152572147812364 ], [ -104.063067551280326, 19.152014696978256 ], [ -104.060956753041367, 19.151563990993065 ], [ -104.06077363321161, 19.15072325720325 ], [ -104.059293844748694, 19.150216563055643 ], [ -104.059962021347189, 19.149512265940409 ], [ -104.060088302608847, 19.148537411686942 ], [ -104.060658003394266, 19.147450058342219 ], [ -104.06135625993133, 19.14593235225616 ], [ -104.061477084564885, 19.145669729241813 ], [ -104.064766029983787, 19.145336060308939 ], [ -104.065248490057598, 19.142785309848254 ], [ -104.066201379635359, 19.142650449572244 ], [ -104.06796753960198, 19.134506689599359 ], [ -104.069404309791366, 19.132309719609861 ], [ -104.069166949781803, 19.129892450113164 ], [ -104.069036910285945, 19.128567910156313 ], [ -104.062531259867072, 19.1186995502934 ], [ -104.063580340273148, 19.116743309856137 ], [ -104.067874019839167, 19.10193654980862 ], [ -104.063842400248276, 19.100859120392521 ], [ -104.056834339798584, 19.0926933800698 ], [ -104.051384019921755, 19.088127850272461 ], [ -104.046230850434014, 19.083810879709485 ], [ -104.044329049547486, 19.083158850110966 ], [ -104.04335420035234, 19.082822250102463 ], [ -104.042496430193793, 19.08219493955438 ], [ -104.042171369932362, 19.08200034006429 ], [ -104.04175387955803, 19.081402119965439 ], [ -104.041547719800818, 19.079476570355791 ], [ -104.041071569987523, 19.078568629578822 ], [ -104.040610459535884, 19.077630999956053 ], [ -104.039853079558796, 19.076286519886462 ], [ -104.033879249663229, 19.071640139613976 ], [ -104.031287179979529, 19.06998039981632 ], [ -104.029598479551098, 19.067132579841019 ], [ -104.029979749962195, 19.065561280435059 ], [ -104.030777849847581, 19.063838859914775 ], [ -104.030069509897373, 19.062249449815432 ], [ -104.026879120153794, 19.059928910195939 ], [ -104.029139200351196, 19.057619690238081 ], [ -104.026834830177265, 19.051969079936296 ], [ -104.02716922001396, 19.051098340027973 ], [ -104.027255479814713, 19.047269679706581 ], [ -104.027927540013891, 19.045795659736356 ], [ -104.025986119774203, 19.042334739651348 ], [ -104.023688549958663, 19.039780780042378 ], [ -104.023076340244344, 19.038804379832619 ], [ -104.024068310183267, 19.037793219707886 ], [ -104.024444649967862, 19.03715900002187 ], [ -104.026216719537686, 19.035614340451094 ], [ -104.026637629664052, 19.034467109953226 ], [ -104.027226599981489, 19.034079969741512 ], [ -104.028008569906774, 19.033554250245832 ], [ -104.028880720143761, 19.033212719696103 ], [ -104.029747819639212, 19.032808150228977 ], [ -104.03087747973666, 19.032772490302225 ], [ -104.031036570091189, 19.032635369567608 ], [ -104.031289830162891, 19.031408169747618 ], [ -104.032353619743745, 19.031463369997688 ], [ -104.034488490347741, 19.028271350047014 ], [ -104.034346019533288, 19.025887019610689 ], [ -104.034390979639937, 19.02472743024569 ], [ -104.031875690076276, 19.024306599662914 ], [ -104.035694250279676, 19.022050229951773 ], [ -104.036814220393779, 19.021772479654697 ], [ -104.030140829964779, 19.012597510043463 ], [ -104.036339629854155, 19.010733399642096 ], [ -104.040886909972514, 19.012483169861952 ], [ -104.04265208991869, 19.011645950072239 ], [ -104.049493449676589, 19.008726859926391 ], [ -104.050756949682977, 19.008742879731916 ], [ -104.051173320149076, 19.009073489719906 ], [ -104.052872580228126, 19.009837980271215 ], [ -104.053642510428432, 19.009805820324264 ], [ -104.053660619943315, 19.009856319971281 ], [ -104.053992479954971, 19.009809250132957 ], [ -104.054208509660199, 19.009857430068259 ], [ -104.054257979689609, 19.009992909761372 ], [ -104.054245919787263, 19.010037680089095 ], [ -104.053527970236345, 19.010607109966593 ], [ -104.055991909562962, 19.013657650116912 ], [ -104.056229079890912, 19.01325674015516 ], [ -104.057415909545256, 19.01278575030814 ], [ -104.058127859628712, 19.011895230271787 ], [ -104.058368880071612, 19.01157460016795 ], [ -104.060460879539463, 19.013637030166183 ], [ -104.061796739909425, 19.012696850209196 ], [ -104.066862920398421, 19.009131059715649 ], [ -104.068267659877492, 19.005941709966564 ], [ -104.068817180238753, 19.004694029607787 ], [ -104.068910089532835, 19.004526569572032 ], [ -104.069644940236216, 19.00320202955352 ], [ -104.070341399994504, 19.00194666016565 ], [ -104.071604859802122, 18.999656120215942 ], [ -104.071784919866047, 18.999329680264417 ], [ -104.072655379690445, 18.99775155023767 ], [ -104.073119459785175, 18.996910180159325 ], [ -104.07332323001468, 18.996540739722999 ], [ -104.074728830263155, 18.993965599661291 ], [ -104.074822970112791, 18.993793120178221 ], [ -104.07521422016535, 18.993066289924705 ], [ -104.075689889573596, 18.991986619943376 ], [ -104.077142649684617, 18.988733820210875 ], [ -104.077969749616315, 18.987408620010104 ], [ -104.089254029942055, 18.988851720414292 ], [ -104.089880849637055, 18.98906373971737 ], [ -104.091950319916592, 18.989919750387251 ], [ -104.092185949550569, 18.990018140347424 ], [ -104.092407149994628, 18.989641399605357 ], [ -104.092483489720308, 18.988192630136549 ], [ -104.092696279854493, 18.987772549902868 ], [ -104.09329982045827, 18.986977460004738 ], [ -104.09428634970655, 18.986690510207531 ], [ -104.094902200412108, 18.987117519849583 ], [ -104.096021350108771, 18.987024309624594 ], [ -104.096312449792975, 18.986859819926632 ], [ -104.09665106044902, 18.986745339724283 ], [ -104.097442519721241, 18.986735829802122 ], [ -104.098041940064292, 18.986790889997003 ], [ -104.09867179966129, 18.986975319670936 ], [ -104.098959079835623, 18.987045420435717 ], [ -104.099866569898296, 18.98709709032266 ], [ -104.100442910147564, 18.986423849836711 ], [ -104.100411940070856, 18.986036110148145 ], [ -104.100538139855558, 18.985813319735474 ], [ -104.101473849651498, 18.984837199655388 ], [ -104.102273600445287, 18.98462563016529 ], [ -104.10236107977039, 18.984555490227102 ], [ -104.102421260315779, 18.98431531023715 ], [ -104.102438020339733, 18.984222860220765 ], [ -104.102755879885891, 18.983490689691404 ], [ -104.102790169647136, 18.983279679833231 ], [ -104.102547119759635, 18.982969880452476 ], [ -104.10256288983696, 18.982631980351037 ], [ -104.103702400448469, 18.981750980192359 ], [ -104.103689229588255, 18.981103519556566 ], [ -104.104101419747565, 18.980746030357835 ], [ -104.109323339656882, 18.96858974982246 ], [ -104.115742139893442, 18.955289859756661 ], [ -104.116540280157182, 18.953054889664447 ], [ -104.116929180061376, 18.952049830017508 ], [ -104.117350320160767, 18.951588859683323 ], [ -104.117632020074879, 18.950728030352003 ], [ -104.117780120099553, 18.950275419848776 ], [ -104.118065520263741, 18.94965443019786 ], [ -104.118104020390717, 18.949559350289697 ], [ -104.118350229895825, 18.94898882010407 ], [ -104.118563710137224, 18.948517170031163 ], [ -104.118657179590784, 18.948201650200932 ], [ -104.118799950115218, 18.947719719654959 ], [ -104.118396580441086, 18.947540539801665 ], [ -104.118145819976249, 18.947429350027107 ], [ -104.117904200110658, 18.947320539881947 ], [ -104.117275150404083, 18.947036339880331 ], [ -104.116952849703168, 18.946796370243128 ], [ -104.115698860263052, 18.946328720370229 ], [ -104.115701260160677, 18.946159710162576 ], [ -104.115878549954729, 18.945682259950289 ], [ -104.116608460323562, 18.943806719840623 ], [ -104.117005859983507, 18.943972780304492 ], [ -104.118078909815949, 18.944440450375634 ], [ -104.118708769553393, 18.944718819813183 ], [ -104.119469889969565, 18.944960379976983 ], [ -104.119551109742744, 18.944993649916192 ], [ -104.119632229652382, 18.944823200420274 ], [ -104.11994611042617, 18.944198460002234 ], [ -104.121334370374754, 18.944915800442367 ], [ -104.123522060059955, 18.945876060241339 ], [ -104.126086000406602, 18.947037019760057 ], [ -104.128579779191881, 18.948313513774529 ], [ -104.12901286267423, 18.948461998600354 ], [ -104.129196082192848, 18.948511967033173 ], [ -104.129362643222009, 18.948570264748167 ], [ -104.12977072092454, 18.948836763814381 ], [ -104.129981575409388, 18.948996329950319 ], [ -104.130698518616597, 18.949334970061074 ], [ -104.130745109104964, 18.949344779104134 ], [ -104.130861702978322, 18.949369764100449 ], [ -104.130936655687222, 18.949386419522106 ], [ -104.131078232795389, 18.94943638769103 ], [ -104.131319748645438, 18.949536325641475 ], [ -104.131644547241805, 18.949686231225716 ], [ -104.132518996908729, 18.95013594908729 ], [ -104.133093637780604, 18.950360809402625 ], [ -104.134426135064146, 18.950902136023625 ], [ -104.134784246348147, 18.951110339921403 ], [ -104.135508791015411, 18.951451791171692 ], [ -104.136266649877186, 18.951901510467437 ], [ -104.136501723795405, 18.952024781122073 ], [ -104.143205059843439, 18.954740110233363 ], [ -104.150963489632488, 18.957928000386385 ], [ -104.160813690216798, 18.962683910180122 ], [ -104.16682408015626, 18.964983140015995 ], [ -104.171727549853188, 18.966695710052363 ], [ -104.176949200146751, 18.969293800061472 ], [ -104.182662109667476, 18.971249349678015 ], [ -104.183161843650595, 18.971456704575022 ], [ -104.183487053585424, 18.971530873559988 ], [ -104.183636957981165, 18.971547529886372 ], [ -104.183928442814732, 18.971639139678722 ], [ -104.184020051155329, 18.971680778606967 ], [ -104.184619677030597, 18.971980590625488 ], [ -104.184986112211959, 18.972188793878715 ], [ -104.185352549902021, 18.972363683937914 ], [ -104.185560753303875, 18.972446967324998 ], [ -104.185993814888334, 18.972588544758842 ], [ -104.186177032760583, 18.972646841341067 ], [ -104.18667671949008, 18.972813403864549 ], [ -104.187634451835549, 18.973188167574126 ], [ -104.18797590484742, 18.973354731057682 ], [ -104.18819243832111, 18.973479651892141 ], [ -104.188309030018857, 18.973537947745498 ], [ -104.188458936029278, 18.973596245268038 ], [ -104.189025248774527, 18.973779463647681 ], [ -104.19023282476401, 18.974262494525618 ], [ -104.190534379714109, 18.974411364003164 ], [ -104.195891029719235, 18.976428919973063 ], [ -104.199956019965839, 18.978063720241188 ], [ -104.206726029741588, 18.980590519625565 ], [ -104.215267819761237, 18.983699110333646 ], [ -104.21728734091468, 18.984473446588023 ], [ -104.217527066158269, 18.98454640689744 ], [ -104.21853476792927, 18.984929499193282 ], [ -104.219967205018733, 18.985437514422124 ], [ -104.220242032008443, 18.985537450630105 ], [ -104.220508531331774, 18.985637389475997 ], [ -104.220766703268467, 18.985745653821354 ], [ -104.222132514187777, 18.986286981988286 ], [ -104.222790435574183, 18.98652849792494 ], [ -104.223248480626353, 18.986678402882131 ], [ -104.224422745041309, 18.987078153279381 ], [ -104.225505398809005, 18.987461246757068 ], [ -104.226996132311982, 18.987960932434149 ], [ -104.228345286918142, 18.988493932279251 ], [ -104.230135832189333, 18.989176837891463 ], [ -104.230435644252196, 18.98926844590714 ], [ -104.231051923823756, 18.98949330518678 ], [ -104.231576593976797, 18.989693180193687 ], [ -104.232059626241295, 18.989868070990106 ], [ -104.232942404287058, 18.990151227200812 ], [ -104.233475404226851, 18.990342772749518 ], [ -104.234266574091379, 18.990575961130979 ], [ -104.234416479873303, 18.990625929918959 ], [ -104.235607399821092, 18.991050662118578 ], [ -104.236032134605793, 18.991208897178964 ], [ -104.237314662667018, 18.99164195886711 ], [ -104.239115034224696, 18.992233324833684 ], [ -104.239596566598919, 18.992391489079328 ], [ -104.239671520920439, 18.992408146186655 ], [ -104.239979659757367, 18.992508081713325 ], [ -104.240604269061478, 18.992716285866241 ], [ -104.240737572881557, 18.992763121775145 ], [ -104.241127729778171, 18.992862287859353 ], [ -104.242131219973999, 18.99311733986049 ], [ -104.243635559059925, 18.993804349155656 ], [ -104.243974522917057, 18.993929322050406 ], [ -104.244607098266229, 18.994118409165196 ], [ -104.246339191855753, 18.994627594761138 ], [ -104.246918792838528, 18.994859496687205 ], [ -104.247151941887267, 18.99499673457267 ], [ -104.247829607172548, 18.995221860658162 ], [ -104.248356749677271, 18.995381811930368 ], [ -104.248929071872396, 18.995556293363187 ], [ -104.249425796969248, 18.995773504555807 ], [ -104.249734485362708, 18.995882353194997 ], [ -104.250178749165485, 18.996027619098545 ], [ -104.251097886640864, 18.996217845330531 ], [ -104.251565492968581, 18.996302349769806 ], [ -104.252756415368054, 18.996527208937589 ], [ -104.253755787313054, 18.996735411069242 ], [ -104.2546219108918, 18.996876988866905 ], [ -104.255288160981081, 18.997001911838804 ], [ -104.255421412121663, 18.997043551065662 ], [ -104.255709313675879, 18.997102815243419 ], [ -104.25591668713939, 18.997103650114447 ], [ -104.256234082734622, 18.997092970157635 ], [ -104.256350362235366, 18.997087458755246 ], [ -104.256460360420959, 18.997081923541892 ], [ -104.256536074076905, 18.997013485621071 ], [ -104.256778892581849, 18.996352318366704 ], [ -104.257178643745917, 18.995377928846622 ], [ -104.257253595037113, 18.995211367323819 ], [ -104.257370190713857, 18.995011491787629 ], [ -104.25742848724029, 18.994936538270128 ], [ -104.257503438108543, 18.994903227230122 ], [ -104.257603376727786, 18.994878241665479 ], [ -104.257678330004182, 18.994894898997984 ], [ -104.257728296671729, 18.994928210509695 ], [ -104.257786595804106, 18.995003164125421 ], [ -104.257753283781838, 18.995552818621228 ], [ -104.257420157120279, 18.996060834521398 ], [ -104.257045392440716, 18.996843676679713 ], [ -104.256945455566708, 18.997093519779781 ], [ -104.256920470882051, 18.997243426580319 ], [ -104.25666229883474, 18.998034597912028 ], [ -104.256628986619077, 18.99810122214107 ], [ -104.256568176011925, 18.99827490083829 ], [ -104.256529707311103, 18.998393336076312 ], [ -104.25759080028628, 18.998662380009385 ], [ -104.258259290431667, 18.998612149728476 ], [ -104.258564370185226, 18.998349480026857 ], [ -104.258650619862834, 18.997980849890673 ], [ -104.258816600096637, 18.997770060343967 ], [ -104.258955689671467, 18.997718169758688 ], [ -104.26032753956251, 18.998055339706784 ], [ -104.260423660257516, 18.998110510259266 ], [ -104.260383550268486, 18.998275750111734 ], [ -104.26036565006217, 18.998458879725259 ], [ -104.261208972214447, 18.998997811513995 ], [ -104.261228485592795, 18.998914877556945 ], [ -104.261270125723001, 18.998814942191785 ], [ -104.261395047689859, 18.998723332248758 ], [ -104.261503313472758, 18.998623393674659 ], [ -104.261644891433875, 18.998281941780377 ], [ -104.262027983630858, 18.99730755286895 ], [ -104.262127922001852, 18.996924458852693 ], [ -104.262119593668601, 18.996849506776364 ], [ -104.262194547028102, 18.996774553055296 ], [ -104.262336124131451, 18.996674615976833 ], [ -104.262402748957641, 18.996657961013007 ], [ -104.262502688261293, 18.996657960985626 ], [ -104.262644266413531, 18.996699601098122 ], [ -104.262794171471342, 18.99681619494859 ], [ -104.262794171684604, 18.996924458838023 ], [ -104.262735872995421, 18.997049381525429 ], [ -104.262677576935573, 18.997165973944547 ], [ -104.262436062780438, 18.997615693986724 ], [ -104.262277827407274, 18.997907177665983 ], [ -104.262194547984777, 18.998073738679413 ], [ -104.26208628112883, 18.998323582087988 ], [ -104.261952500620282, 18.998650716729539 ], [ -104.261960827647556, 18.99884226338548 ], [ -104.262010796769232, 18.999042138634955 ], [ -104.262169032298118, 18.999225357313918 ], [ -104.262352249536249, 18.999408575941121 ], [ -104.262868594334918, 18.999841636226812 ], [ -104.263226701699011, 19.000124792957273 ], [ -104.263259420657249, 19.000147330889522 ], [ -104.26402215019715, 19.000506169559262 ], [ -104.264681920381591, 19.000965200289908 ], [ -104.265093030239768, 19.001310740337249 ], [ -104.265644020334094, 19.001587170257391 ], [ -104.266548260194483, 19.001908539591852 ], [ -104.267002219739069, 19.001908689611522 ], [ -104.268193970104306, 19.002560679631589 ], [ -104.269683059691587, 19.003074200202988 ], [ -104.270377540426736, 19.003499200291319 ], [ -104.270377819993669, 19.003515939996632 ], [ -104.271068660080672, 19.00372326034536 ], [ -104.272310520198232, 19.00420698036503 ], [ -104.273943690362458, 19.004902520247963 ], [ -104.274579180192021, 19.004959919896812 ], [ -104.275822740402305, 19.005544090093135 ], [ -104.276797799824394, 19.005881079776419 ], [ -104.278266550061076, 19.006554909969214 ], [ -104.279703149614889, 19.007085879789557 ], [ -104.28202868020071, 19.008072320300197 ], [ -104.282739379769055, 19.008362219732227 ], [ -104.283572709638705, 19.008702120095556 ], [ -104.285147249949986, 19.009046719958377 ], [ -104.286993949684827, 19.009856120149031 ], [ -104.28953971044551, 19.010646690402268 ], [ -104.292571400447073, 19.011689259765031 ], [ -104.295149072885707, 19.012521830563838 ], [ -104.295848062730457, 19.012721541074825 ], [ -104.296206172462306, 19.012821477686586 ], [ -104.296855765591445, 19.013004697261941 ], [ -104.297730218156914, 19.013254539875927 ], [ -104.29807999871629, 19.013371134944826 ], [ -104.298787888076305, 19.013612649350794 ], [ -104.299887199505946, 19.013962430876841 ], [ -104.300936539797632, 19.014295554641443 ], [ -104.302752070462503, 19.014828554573725 ], [ -104.302833232214468, 19.014849912614395 ], [ -104.303328350477642, 19.014980206032405 ], [ -104.303385007736736, 19.014995115634655 ], [ -104.30425112924776, 19.015269944049365 ], [ -104.305067286541558, 19.015503131135379 ], [ -104.3057501905961, 19.015644709740574 ], [ -104.306299846458543, 19.015819600345594 ], [ -104.306799534243979, 19.015961178130627 ], [ -104.307324203833232, 19.01608609871629 ], [ -104.307815563601267, 19.016252661628393 ], [ -104.308248625444335, 19.016410895641503 ], [ -104.308873231753353, 19.016560801185246 ], [ -104.309847623635918, 19.016785660168221 ], [ -104.310547182814034, 19.016943894950479 ], [ -104.310863653008212, 19.017093800873646 ], [ -104.311646495308963, 19.017285347706963 ], [ -104.312545931320045, 19.017501877994604 ], [ -104.313620259130431, 19.017793361999903 ], [ -104.313858529324634, 19.017854632379343 ], [ -104.3142032262257, 19.017943268972868 ], [ -104.314711241054582, 19.018034877063322 ], [ -104.31554405292745, 19.018193111961992 ], [ -104.316493455968214, 19.018376330420178 ], [ -104.317266161817471, 19.01851758030125 ], [ -104.318699979573097, 19.0183407197514 ], [ -104.318715281711349, 19.018351060122278 ], [ -104.31958036995006, 19.018935620045806 ], [ -104.32181793957372, 19.019197580331383 ], [ -104.323424889906136, 19.019408940248411 ], [ -104.323917650480439, 19.019416940418818 ], [ -104.324163349732871, 19.019381949691038 ], [ -104.324574279651401, 19.01940682038834 ], [ -104.325018819813479, 19.019477970386038 ], [ -104.325661710303777, 19.019624060355529 ], [ -104.326466600079698, 19.019642849785235 ], [ -104.327078250190482, 19.019883019574451 ], [ -104.327586879713991, 19.019859570065943 ], [ -104.32798297043702, 19.019978249892912 ], [ -104.328459829652758, 19.020017689889347 ], [ -104.328769280409389, 19.020005229657759 ], [ -104.329102086605062, 19.019672931904012 ], [ -104.329093893279023, 19.019517282840692 ], [ -104.329227141894862, 19.019309079067977 ], [ -104.329352064206191, 19.019067564062674 ], [ -104.329310423899727, 19.018917656745373 ], [ -104.329296852205147, 19.018872419019722 ], [ -104.329294000218354, 19.01886595028132 ], [ -104.329294623800266, 19.018864994204836 ], [ -104.329235470153691, 19.018667814323347 ], [ -104.329360394347546, 19.018509580989331 ], [ -104.329485314773322, 19.018359674519864 ], [ -104.329743485729509, 19.01818478256919 ], [ -104.329809520679163, 19.018152831214302 ], [ -104.329820000321547, 19.017937380388393 ], [ -104.329901820135689, 19.01792052017209 ], [ -104.329985750365253, 19.018028429964964 ], [ -104.330266950008109, 19.018148889714418 ], [ -104.3303338658108, 19.018177309354272 ], [ -104.330401407189413, 19.018159800081438 ], [ -104.330501344320396, 19.018109830191996 ], [ -104.330567969107179, 19.017868315299463 ], [ -104.330634594088792, 19.01763512913174 ], [ -104.330801154592464, 19.017485222896017 ], [ -104.330901094508036, 19.0175185341663 ], [ -104.330951061984877, 19.017568503661312 ], [ -104.331205347232995, 19.017740761774036 ], [ -104.331213480272396, 19.017735690075313 ], [ -104.331397817923175, 19.017620733142852 ], [ -104.331375797430596, 19.017560176210122 ], [ -104.331434093910062, 19.017485222294201 ], [ -104.33155068816221, 19.017476894824053 ], [ -104.331692264326321, 19.017485222320978 ], [ -104.33177554601518, 19.017501877844353 ], [ -104.331975420348357, 19.017593487002056 ], [ -104.331980534737326, 19.017609968371403 ], [ -104.332064120127427, 19.017621879587011 ], [ -104.33211897034559, 19.017948649653338 ], [ -104.332094420146959, 19.018432649805764 ], [ -104.331985109730923, 19.018761950178675 ], [ -104.332329289600466, 19.018725430210761 ], [ -104.332597580021499, 19.018867919774458 ], [ -104.332837019638944, 19.019425849666465 ], [ -104.332832499778036, 19.019646297122119 ], [ -104.33284154408328, 19.019675515988538 ], [ -104.332883185798622, 19.019842078128885 ], [ -104.333324574285299, 19.020208515296027 ], [ -104.333899213595075, 19.0204833433448 ], [ -104.334115744984132, 19.020500000040204 ], [ -104.334240666917367, 19.020475014558375 ], [ -104.334224011229168, 19.020366749066969 ], [ -104.334124074716385, 19.020291796186648 ], [ -104.33414072906406, 19.020083593936778 ], [ -104.334190700167369, 19.019942014692123 ], [ -104.334323949161586, 19.019991983668852 ], [ -104.334831964088309, 19.020208515081134 ], [ -104.334998527067967, 19.020266812578214 ], [ -104.335056822963168, 19.020366749255981 ], [ -104.335115118696052, 19.020475014649257 ], [ -104.335015182127606, 19.020533311022323 ], [ -104.33481530717853, 19.020583281066674 ], [ -104.334615431600838, 19.020591609053316 ], [ -104.334598779997989, 19.020691558869292 ], [ -104.334763919717531, 19.02072209032734 ], [ -104.334985080115757, 19.021171090448739 ], [ -104.335458799536752, 19.021405949877707 ], [ -104.335747600462042, 19.021658850156818 ], [ -104.335747824476954, 19.021671931205304 ], [ -104.33597291516169, 19.021915777575376 ], [ -104.336239415021808, 19.021999058707021 ], [ -104.33624213991969, 19.022003421770272 ], [ -104.336254600122771, 19.02199846024342 ], [ -104.336258394939577, 19.02202942771909 ], [ -104.336405977271326, 19.022265558859321 ], [ -104.336422632800719, 19.022340513049979 ], [ -104.336368296777323, 19.022342603039249 ], [ -104.336464980222047, 19.022419890134685 ], [ -104.336221689849452, 19.022449399639747 ], [ -104.335983719651281, 19.02239517028168 ], [ -104.335807953681197, 19.022326804563026 ], [ -104.33565644599858, 19.022373824782449 ], [ -104.335573165863337, 19.022415465174241 ], [ -104.335600635062931, 19.022767084909933 ], [ -104.335611049768076, 19.022780579615528 ], [ -104.33560776999073, 19.022986549550616 ], [ -104.335595200022681, 19.023175850161394 ], [ -104.33545973998261, 19.023362399936804 ], [ -104.335346049536867, 19.023741820375822 ], [ -104.335234970018206, 19.02373477000857 ], [ -104.335313740204242, 19.024014600323262 ], [ -104.335166749947078, 19.024069570070012 ], [ -104.33512797965858, 19.023964780360863 ], [ -104.334939619557971, 19.024301449976132 ], [ -104.335105979686517, 19.024298880083283 ], [ -104.335072319567502, 19.024492630275219 ], [ -104.334932479769122, 19.024424520272625 ], [ -104.334913919529242, 19.024960580243853 ], [ -104.334920540102416, 19.025346919619153 ], [ -104.334897250200299, 19.025670629783669 ], [ -104.334698050249074, 19.026035350370265 ], [ -104.33455837960706, 19.026347510009575 ], [ -104.33448714027395, 19.026618919847376 ], [ -104.334467599803006, 19.026693350012021 ], [ -104.334725220129343, 19.026563060129934 ], [ -104.334716259747253, 19.026746910358955 ], [ -104.334643514143707, 19.027022892139193 ], [ -104.334666590855505, 19.027109429220925 ], [ -104.334808170167776, 19.027500849467891 ], [ -104.334822655242164, 19.027829198718621 ], [ -104.334859280260645, 19.027832489877451 ], [ -104.334919850417592, 19.027773050226745 ], [ -104.335001169713237, 19.02784784968318 ], [ -104.334966119867559, 19.027959539696628 ], [ -104.334969029667022, 19.028129169939255 ], [ -104.334934889833207, 19.028293520403899 ], [ -104.334830388204438, 19.028328422078516 ], [ -104.334833152337794, 19.028408613295987 ], [ -104.334866465059491, 19.028558521332318 ], [ -104.334916434469548, 19.028716753868867 ], [ -104.335082996636686, 19.028708427037156 ], [ -104.335424448616337, 19.028733411053675 ], [ -104.335532716186677, 19.028775050113463 ], [ -104.33574091596978, 19.028858332139386 ], [ -104.335883748697498, 19.028985859164667 ], [ -104.335999340150465, 19.029076939793729 ], [ -104.335990340460086, 19.029083372921082 ], [ -104.336198965227652, 19.029299722217246 ], [ -104.336290573282454, 19.029441300200066 ], [ -104.336248930983047, 19.029449629349426 ], [ -104.336081320116037, 19.029461108337845 ], [ -104.336076199592682, 19.029463950051493 ], [ -104.335955860153859, 19.029520419898599 ], [ -104.335854340336127, 19.029558370003368 ], [ -104.335777319722041, 19.029535310269846 ], [ -104.335663690102862, 19.0296098497234 ], [ -104.335528509779721, 19.029545219736775 ], [ -104.335277999554151, 19.029458110295554 ], [ -104.335145309698262, 19.029539029931524 ], [ -104.335122049754673, 19.029672829622914 ], [ -104.335099420437516, 19.029680380374323 ], [ -104.33508396991013, 19.029685550269392 ], [ -104.335082309942479, 19.029588540189042 ], [ -104.334929719858607, 19.029627279618072 ], [ -104.334783120249767, 19.029641679645316 ], [ -104.334643519532264, 19.029692370341859 ], [ -104.334457289814608, 19.029628539739225 ], [ -104.334354420290325, 19.029587660403426 ], [ -104.33431067969731, 19.029642940374714 ], [ -104.334389250143488, 19.029756949896214 ], [ -104.334454319965474, 19.029828749941522 ], [ -104.334392259565945, 19.029932830118121 ], [ -104.334444260052109, 19.029986619785781 ], [ -104.334539380243314, 19.029948739813033 ], [ -104.334576020295032, 19.029851120427555 ], [ -104.33462822005545, 19.029917049664313 ], [ -104.334723749729207, 19.02990342966228 ], [ -104.334769479819329, 19.029963370005053 ], [ -104.334739119778831, 19.030054830364179 ], [ -104.334893779644034, 19.030137349560412 ], [ -104.334781350396781, 19.030284679979133 ], [ -104.334742030335093, 19.030224630402483 ], [ -104.334689310404002, 19.030128380039461 ], [ -104.334594380449886, 19.030178379969673 ], [ -104.334526849979909, 19.030143490016055 ], [ -104.334446229964087, 19.030101819730703 ], [ -104.334380630327246, 19.029999740334159 ], [ -104.334328200340195, 19.029921689961906 ], [ -104.334378250439983, 19.029860250438755 ], [ -104.334326430177143, 19.029818599783066 ], [ -104.334242650353644, 19.029771350305829 ], [ -104.334224740373259, 19.02984443044144 ], [ -104.334214140152866, 19.029971970391966 ], [ -104.334310579534076, 19.030022569737923 ], [ -104.334330570221752, 19.030070780446309 ], [ -104.334274149733403, 19.030132320395545 ], [ -104.334209260015797, 19.030072660180906 ], [ -104.334048980453304, 19.030032680171765 ], [ -104.333966520424724, 19.030064280289363 ], [ -104.333860689835916, 19.030223629752605 ], [ -104.333848949943388, 19.030284479806312 ], [ -104.333984259603739, 19.030355170303515 ], [ -104.334023800121642, 19.030427340380221 ], [ -104.333864430370539, 19.030441939895212 ], [ -104.333861510272385, 19.030429180294711 ], [ -104.333850620467132, 19.030381489807027 ], [ -104.333768079687673, 19.030407050052084 ], [ -104.333712369597222, 19.030511019953472 ], [ -104.333654819570768, 19.030505849671698 ], [ -104.333631579913444, 19.030639649860049 ], [ -104.333754309880661, 19.030722659901286 ], [ -104.333843059663735, 19.030684889806487 ], [ -104.33392059978695, 19.030738289849488 ], [ -104.334036519937868, 19.030797150400442 ], [ -104.333845229550988, 19.030812250322267 ], [ -104.333787520321138, 19.030782089729097 ], [ -104.3337099498208, 19.030741550134124 ], [ -104.333672459647346, 19.030790649660343 ], [ -104.333617489974841, 19.030828260068891 ], [ -104.333527310352352, 19.03088994999386 ], [ -104.333379460455433, 19.030831580425673 ], [ -104.33331625973274, 19.030868970305665 ], [ -104.33316923028417, 19.03085910986939 ], [ -104.332964979813397, 19.030862260128668 ], [ -104.332845150453821, 19.030949029855684 ], [ -104.332840234294039, 19.031041717486939 ], [ -104.333045676272306, 19.03109178156091 ], [ -104.333325763739509, 19.031106922144303 ], [ -104.333967030227925, 19.031290142319147 ], [ -104.334066968343024, 19.031331781091403 ], [ -104.334116934423463, 19.031381750512097 ], [ -104.334133589777053, 19.031456703992177 ], [ -104.334120789765763, 19.031533513641779 ], [ -104.334161649738263, 19.031608079783229 ], [ -104.334033290314778, 19.031663459614208 ], [ -104.333825460133909, 19.031672030000632 ], [ -104.333725489784229, 19.031743000206507 ], [ -104.333528539739717, 19.031730019978358 ], [ -104.333375909800978, 19.031678979883576 ], [ -104.333191370381982, 19.031735230141294 ], [ -104.333193569557352, 19.031855820245649 ], [ -104.333173649967208, 19.03200564995133 ], [ -104.333138419758981, 19.032246509643013 ], [ -104.333011279845024, 19.032371290068252 ], [ -104.33297595047172, 19.032606820391209 ], [ -104.33301587963912, 19.032969319891738 ], [ -104.333193199856879, 19.033148140014539 ], [ -104.333353813991792, 19.033300603471265 ], [ -104.333459013379027, 19.033338857349335 ], [ -104.333542293913439, 19.033347185353449 ], [ -104.333625576213265, 19.033313872639781 ], [ -104.333708856932901, 19.033272232864075 ], [ -104.333842107175769, 19.033372169149501 ], [ -104.333900404105734, 19.033422138450156 ], [ -104.333950373078522, 19.033488763920467 ], [ -104.333951074638435, 19.033492974548864 ], [ -104.334020510130401, 19.033491290278221 ], [ -104.333995229657091, 19.033612749777255 ], [ -104.333735369598372, 19.033581579670845 ], [ -104.333514169654052, 19.033643659931077 ], [ -104.333601579809695, 19.033700969703084 ], [ -104.333897880259883, 19.033696380372241 ], [ -104.333865450354608, 19.033966709795628 ], [ -104.3336290800424, 19.033864780034627 ], [ -104.333587090154893, 19.034012400352601 ], [ -104.33362385997934, 19.034143000012985 ], [ -104.333546769711788, 19.03417700036405 ], [ -104.333487749687947, 19.034259889954665 ], [ -104.333499630109372, 19.034448290206456 ], [ -104.33339608978514, 19.034449889721419 ], [ -104.333397350031447, 19.034523659835216 ], [ -104.333337510432798, 19.034557379565559 ], [ -104.333292970166738, 19.034476079796772 ], [ -104.333286827162127, 19.034481015844232 ], [ -104.333200844114899, 19.034646371307421 ], [ -104.333192514669136, 19.034837917416962 ], [ -104.333309108261261, 19.034854573440565 ], [ -104.333467341527054, 19.0348129332396 ], [ -104.333525638791329, 19.03488788576124 ], [ -104.333492326558044, 19.035012807191883 ], [ -104.333348099593195, 19.035057185108965 ], [ -104.333459220055587, 19.035113019603443 ], [ -104.333287349877267, 19.035156680415898 ], [ -104.333168250052125, 19.035256910083735 ], [ -104.333021429779464, 19.035250979621516 ], [ -104.332874879588658, 19.035261449891376 ], [ -104.332735000087553, 19.03515702040648 ], [ -104.332572200155681, 19.035225139966645 ], [ -104.332349679963542, 19.035335169886903 ], [ -104.332213289644201, 19.035435649939664 ], [ -104.331997580376722, 19.035438979646578 ], [ -104.331983139807576, 19.035603180172494 ], [ -104.331834920142612, 19.035515310112963 ], [ -104.33172092015856, 19.035410460448123 ], [ -104.331497019934048, 19.035438540432029 ], [ -104.331362339821993, 19.035637380143054 ], [ -104.331234150098851, 19.035713169789346 ], [ -104.331167920257556, 19.035878170007905 ], [ -104.331111620080478, 19.036116800129342 ], [ -104.331002380011469, 19.036290660069888 ], [ -104.330982629533949, 19.036821999667652 ], [ -104.331041600196443, 19.037255710109893 ], [ -104.330974290025495, 19.037464879616046 ], [ -104.330978999974278, 19.037740279848865 ], [ -104.330899020200349, 19.037961889562794 ], [ -104.3308684889181, 19.038053839899135 ], [ -104.330870161621704, 19.038107297970885 ], [ -104.330886815702073, 19.038323827462591 ], [ -104.330911801869931, 19.038715249354187 ], [ -104.330903474407819, 19.038956764234754 ], [ -104.330886815698904, 19.039148311320275 ], [ -104.331067656108303, 19.03927680227946 ], [ -104.331225889577226, 19.039709865316333 ], [ -104.33116011599212, 19.03983754215929 ], [ -104.331280029913955, 19.039829689863101 ], [ -104.331356200466274, 19.039882120407924 ], [ -104.331392739986583, 19.039818999850858 ], [ -104.331449169789792, 19.039818140096347 ], [ -104.331488770428251, 19.039933689808382 ], [ -104.331413850341264, 19.039952739544038 ], [ -104.331330119942578, 19.04000763039522 ], [ -104.331300819712155, 19.039945519562085 ], [ -104.331189350434229, 19.040027689879814 ], [ -104.331115340225381, 19.040100309996305 ], [ -104.33108514010685, 19.039984600359553 ], [ -104.331039490173822, 19.040065740420246 ], [ -104.330985220221663, 19.040191689742446 ], [ -104.331061510326549, 19.040253059796235 ], [ -104.331084140331626, 19.040476110073989 ], [ -104.330973889645122, 19.040629720290649 ], [ -104.330977859808542, 19.040862000309474 ], [ -104.331063250077165, 19.04090535008903 ], [ -104.33105522974067, 19.040985910368761 ], [ -104.331263179831296, 19.041045249661273 ], [ -104.331274879712069, 19.041179109697261 ], [ -104.331236981288313, 19.04119813860407 ], [ -104.331434094047381, 19.041450438847551 ], [ -104.331534030229804, 19.041542048135714 ], [ -104.331642295362201, 19.041666971138469 ], [ -104.331658952947606, 19.041750251125308 ], [ -104.331606407458438, 19.041842205491509 ], [ -104.331608059823722, 19.041939019717578 ], [ -104.331515090421647, 19.042003020200507 ], [ -104.331308049912622, 19.041997259971385 ], [ -104.331259401554718, 19.042029165870911 ], [ -104.331275859629912, 19.0420917045561 ], [ -104.331254233476855, 19.042204148107167 ], [ -104.331312919818217, 19.042283140196481 ], [ -104.331249089944905, 19.042400290193921 ], [ -104.331201872311468, 19.042416059509218 ], [ -104.33118425007406, 19.042474797571135 ], [ -104.331184250067324, 19.042569292522732 ], [ -104.331214219968189, 19.042561680423336 ], [ -104.331234720220081, 19.042659659755344 ], [ -104.331366679964177, 19.042675490375096 ], [ -104.331395950311105, 19.042737600065223 ], [ -104.331303909527264, 19.042855179949385 ], [ -104.331289819624899, 19.043132419615791 ], [ -104.331229167456726, 19.043243045640892 ], [ -104.331242547089161, 19.043382561628114 ], [ -104.331285142818203, 19.043670091722991 ], [ -104.331309770251977, 19.043748690281287 ], [ -104.33132299957866, 19.043971890453534 ], [ -104.331539139651611, 19.043959600414038 ], [ -104.331802479544024, 19.043955539575997 ], [ -104.331804708652214, 19.044085740689667 ], [ -104.331967091566796, 19.044107108021183 ], [ -104.33200873368267, 19.044207045634689 ], [ -104.331995036471113, 19.044261827741682 ], [ -104.332065780232597, 19.044310539980973 ], [ -104.331969650083536, 19.044419090341346 ], [ -104.33195399987261, 19.044363449664303 ], [ -104.331851060169157, 19.044360399655705 ], [ -104.331786910413285, 19.044509059553878 ], [ -104.331669620280692, 19.044637800195005 ], [ -104.331548339838278, 19.044770920006506 ], [ -104.331709739576539, 19.044944020350361 ], [ -104.331807259962659, 19.045243490349129 ], [ -104.331597570078898, 19.045334520087287 ], [ -104.331639110066305, 19.045446750118536 ], [ -104.331547570005128, 19.045498340360517 ], [ -104.331537579685559, 19.045686619580501 ], [ -104.331644910477152, 19.045785280129987 ], [ -104.331602102673259, 19.045822621750077 ], [ -104.331625640079181, 19.045831026991724 ], [ -104.331692263898034, 19.045947620644927 ], [ -104.331708922164779, 19.046197464427216 ], [ -104.331617310567921, 19.046322386429626 ], [ -104.331217561586612, 19.046405666679576 ], [ -104.330992703321797, 19.046389012000709 ], [ -104.330859453116545, 19.046347370692956 ], [ -104.330692892263244, 19.046264090159628 ], [ -104.330526329264686, 19.046114183061505 ], [ -104.330384750184351, 19.046364026882419 ], [ -104.33017654798725, 19.046647181708131 ], [ -104.330171926740363, 19.046651417607496 ], [ -104.330133169586219, 19.046768170339551 ], [ -104.329936109988395, 19.047093199885502 ], [ -104.329875870005452, 19.047144273901385 ], [ -104.329843421811418, 19.047213493925447 ], [ -104.329586543284989, 19.048141116061682 ], [ -104.329590829748426, 19.048228509807277 ], [ -104.32959646035647, 19.048558339631587 ], [ -104.329478880277961, 19.048791090238176 ], [ -104.329548599738942, 19.048806520041889 ], [ -104.329558399594333, 19.048872370353042 ], [ -104.329550319662644, 19.048877931303075 ], [ -104.329601908297235, 19.049004038583476 ], [ -104.329660204711161, 19.049078992176707 ], [ -104.329743486485171, 19.049054008330565 ], [ -104.329918376819919, 19.049037351079246 ], [ -104.33005995304984, 19.049062335338871 ], [ -104.330076609809751, 19.049128960058692 ], [ -104.330076610305269, 19.049171967320603 ], [ -104.330085120267043, 19.049183380159089 ], [ -104.330081089837236, 19.04936768971924 ], [ -104.330068019681846, 19.049442969640271 ], [ -104.329953320143218, 19.04945838013445 ], [ -104.329861109551118, 19.049528059932396 ], [ -104.329877479939171, 19.049643820014619 ], [ -104.329872149845571, 19.04975307988758 ], [ -104.329707180371059, 19.049769290372563 ], [ -104.329695290315925, 19.049912770144235 ], [ -104.329667849690551, 19.049988250335936 ], [ -104.329685579725776, 19.050185890348999 ], [ -104.329738520217006, 19.0503420296927 ], [ -104.329711549903791, 19.050444820167431 ], [ -104.32966938001654, 19.050500049555357 ], [ -104.329561540233982, 19.050494889888572 ], [ -104.329519950446041, 19.050584249685897 ], [ -104.329486369525668, 19.050721259939191 ], [ -104.329530650115288, 19.050788800437477 ], [ -104.329554290116576, 19.0509112803093 ], [ -104.32961905002982, 19.050917110001301 ], [ -104.32958740039291, 19.050746999617999 ], [ -104.329648249640954, 19.050755910290682 ], [ -104.329727830443275, 19.050822429918426 ], [ -104.329899709678656, 19.050860419817937 ], [ -104.329935259968323, 19.050958720311524 ], [ -104.32994367977075, 19.051033140316115 ], [ -104.330074250419656, 19.051159859801352 ], [ -104.329960710220476, 19.05119548988613 ], [ -104.329909420215785, 19.051114970062304 ], [ -104.329933020275888, 19.051243339561982 ], [ -104.329941739834027, 19.051338090270637 ], [ -104.329828799840357, 19.051407579622506 ], [ -104.329834889552899, 19.051346510408941 ], [ -104.329762519639715, 19.051286629750571 ], [ -104.329711459651136, 19.051219680377272 ], [ -104.32962565966946, 19.051207449836177 ], [ -104.329622770248605, 19.05103808976942 ], [ -104.32954396956282, 19.051018969913986 ], [ -104.329561690328489, 19.051221980370308 ], [ -104.329541679707432, 19.051303599905111 ], [ -104.329500750027393, 19.051412659945694 ], [ -104.329351690265796, 19.051455620292746 ], [ -104.329237690384033, 19.051464139569006 ], [ -104.329181219666381, 19.051498910270233 ], [ -104.329040200059595, 19.05159594012245 ], [ -104.328948780432441, 19.051671890308736 ], [ -104.329007450454057, 19.051765829866088 ], [ -104.329044599596799, 19.051853370432415 ], [ -104.329011029744009, 19.051975850075554 ], [ -104.328946490260634, 19.051956519599845 ], [ -104.329009290379574, 19.051874230219013 ], [ -104.328958549605616, 19.051827580138745 ], [ -104.328917629606423, 19.051936629969379 ], [ -104.328868619529132, 19.051991599847508 ], [ -104.328825489925606, 19.051971939602687 ], [ -104.32873828043607, 19.051878419817349 ], [ -104.328631570211343, 19.051893619906927 ], [ -104.328718510318296, 19.051973599713239 ], [ -104.328813080246377, 19.052080540101439 ], [ -104.328734060234396, 19.052047879880792 ], [ -104.328640519758181, 19.052001889666325 ], [ -104.328498460094707, 19.052037949977734 ], [ -104.328525050042359, 19.05192235031766 ], [ -104.328580119584117, 19.051806339913824 ], [ -104.328423580421472, 19.051829059595434 ], [ -104.328454089728893, 19.05194378035549 ], [ -104.328318460140821, 19.051939110426947 ], [ -104.328197459920275, 19.051954539886008 ], [ -104.328188020094615, 19.051819150338918 ], [ -104.328059979559981, 19.051841459568074 ], [ -104.327913339785766, 19.052026680378781 ], [ -104.327791750472656, 19.052008220063584 ], [ -104.327786719969197, 19.052130279755406 ], [ -104.327825260302262, 19.052299079802197 ], [ -104.327720139958757, 19.052409120305398 ], [ -104.327536549604602, 19.052520350102785 ], [ -104.327470780464509, 19.052426520364165 ], [ -104.327312690267732, 19.052361200132758 ], [ -104.327144549589121, 19.05253995009943 ], [ -104.327024710379376, 19.05262311978812 ], [ -104.326891309593137, 19.052747150286727 ], [ -104.326684370281484, 19.052743570055053 ], [ -104.326607539718111, 19.052839620099835 ], [ -104.326556089704937, 19.052752320299295 ], [ -104.32647870961145, 19.052814490147906 ], [ -104.326487229800563, 19.052895680140615 ], [ -104.326460769627616, 19.053018049656082 ], [ -104.326346780257524, 19.053026600090487 ], [ -104.326132819829738, 19.053029890449562 ], [ -104.325899780304141, 19.053169000240288 ], [ -104.325707949815822, 19.0532126202867 ], [ -104.325484349565613, 19.053248060375608 ], [ -104.325345120115998, 19.053376150148967 ], [ -104.325042740446037, 19.05378376959597 ], [ -104.324951600194638, 19.05388173955162 ], [ -104.32483961993006, 19.054051370246182 ], [ -104.324577250348227, 19.054214910267859 ], [ -104.324411370063572, 19.054335000420629 ], [ -104.324333120304047, 19.054411750370672 ], [ -104.324160889525942, 19.054418629932155 ], [ -104.32405167994952, 19.054491649759314 ], [ -104.323910490231583, 19.054506429556437 ], [ -104.323854489792538, 19.054591249715379 ], [ -104.323756000310681, 19.054606979966788 ], [ -104.323692109530555, 19.054654979771257 ], [ -104.323572549566578, 19.054678520384712 ], [ -104.323479060135043, 19.054665489957578 ], [ -104.323472880465005, 19.054750580380052 ], [ -104.323414230411061, 19.054771370094372 ], [ -104.323402419676896, 19.054858369599067 ], [ -104.323367819965512, 19.054840799870984 ], [ -104.323296549761594, 19.054903380380495 ], [ -104.323350480468193, 19.054940520351064 ], [ -104.32333788988268, 19.054982309832265 ], [ -104.323280110440436, 19.054943399576587 ], [ -104.323228459670247, 19.054929719923852 ], [ -104.323212792298321, 19.054988103518799 ], [ -104.323212369586983, 19.054989680561253 ], [ -104.323269569274601, 19.055051419572074 ], [ -104.323193199461954, 19.05503574044954 ], [ -104.323158250261713, 19.055067600678097 ], [ -104.323184380263783, 19.055112950066199 ], [ -104.323182379160542, 19.05514432086644 ], [ -104.323157598868931, 19.055178421006559 ], [ -104.323127049444565, 19.055171660268378 ], [ -104.323123949462556, 19.055137969679613 ], [ -104.323070780269319, 19.055143630709427 ], [ -104.323009230198892, 19.055103619998956 ], [ -104.322969830306533, 19.055171680012808 ], [ -104.322983620062701, 19.055236509698467 ], [ -104.322994719257608, 19.055294140446225 ], [ -104.323028398951024, 19.055334580474515 ], [ -104.323081379764275, 19.055319310781549 ], [ -104.3231026588426, 19.055376801022437 ], [ -104.323146309191614, 19.055409850678824 ], [ -104.323131849715381, 19.05545343059417 ], [ -104.323130648776342, 19.055530541008643 ], [ -104.323092660443947, 19.055533520922488 ], [ -104.32307808886334, 19.055572311265866 ], [ -104.323127050164118, 19.055617310816238 ], [ -104.323112679539491, 19.055668120702773 ], [ -104.323045750084361, 19.055758309707134 ], [ -104.323080229083601, 19.055846891372791 ], [ -104.323046678728744, 19.055902170299344 ], [ -104.322968279519685, 19.055903370653152 ], [ -104.322879950361227, 19.055895451066931 ], [ -104.322748859620134, 19.055967280017249 ], [ -104.32271916883677, 19.055949090165797 ], [ -104.322717429312235, 19.055846740701963 ], [ -104.322715768819521, 19.055749030983595 ], [ -104.322636509394982, 19.055699050864082 ], [ -104.322586168990895, 19.055620719871705 ], [ -104.322512480035627, 19.055607881128889 ], [ -104.322430350154093, 19.055678941283812 ], [ -104.322346540137275, 19.055647660102959 ], [ -104.322223999275025, 19.055644889789754 ], [ -104.322242168699233, 19.05556085013005 ], [ -104.322201879910281, 19.055496310643122 ], [ -104.32214457967406, 19.055585601007856 ], [ -104.322100179406775, 19.055567681009524 ], [ -104.322111634541329, 19.055462543485817 ], [ -104.322098278096135, 19.055466654635612 ], [ -104.322039979732281, 19.055508295504907 ], [ -104.321840106320636, 19.055674856627935 ], [ -104.321715183966305, 19.05578312312689 ], [ -104.321548621828541, 19.055999654558299 ], [ -104.32128664561175, 19.056423439590343 ], [ -104.321287029688889, 19.056445890311593 ], [ -104.321218598981645, 19.056456259888037 ], [ -104.32116607981682, 19.056536179984995 ], [ -104.321118200046755, 19.056624089653063 ], [ -104.321088250250995, 19.056769749789748 ], [ -104.321062940024902, 19.056915351222038 ], [ -104.321023578902668, 19.057052370664962 ], [ -104.320951430146891, 19.057167890919185 ], [ -104.320811058935618, 19.057195460420463 ], [ -104.320729829796022, 19.057188140384334 ], [ -104.320626570341773, 19.057211120818796 ], [ -104.320541550269425, 19.057246680084269 ], [ -104.320547169343627, 19.057310780854944 ], [ -104.320466580393855, 19.057341980554664 ], [ -104.320438620171416, 19.057286780853786 ], [ -104.320389939980856, 19.057338890133206 ], [ -104.320395689388803, 19.057411549865854 ], [ -104.320337650293141, 19.057442420665591 ], [ -104.320331030430452, 19.057318379609619 ], [ -104.320366909201297, 19.057309281136018 ], [ -104.320374268585027, 19.057280860241328 ], [ -104.320136157387111, 19.057234170425424 ], [ -104.320127230316245, 19.057257340455948 ], [ -104.320025719550628, 19.057382999666565 ], [ -104.319940649449322, 19.057414289757716 ], [ -104.31992930941675, 19.057277490741406 ], [ -104.31985974880611, 19.057163020495825 ], [ -104.319808449659007, 19.057061079973082 ], [ -104.319628338944725, 19.057068119914881 ], [ -104.319497420361188, 19.057115291316531 ], [ -104.319404629888865, 19.057301740747508 ], [ -104.319199250051895, 19.057508690106541 ], [ -104.319095259802594, 19.057703350911375 ], [ -104.31894914989104, 19.057743140083733 ], [ -104.318824080319672, 19.057893910754274 ], [ -104.318723979553866, 19.057974309891872 ], [ -104.318679888691008, 19.058093250747479 ], [ -104.318608629157467, 19.058243290001538 ], [ -104.318510179719183, 19.058420049655993 ], [ -104.318406969508416, 19.058588080575152 ], [ -104.318275658619086, 19.058730280838741 ], [ -104.318186258705154, 19.058626519620216 ], [ -104.318013548740069, 19.058778119847599 ], [ -104.318019799443363, 19.058874400783761 ], [ -104.317943000121744, 19.058967579874036 ], [ -104.317811199616557, 19.059083490314173 ], [ -104.317741619823749, 19.059058289807005 ], [ -104.317625449741797, 19.059007510056489 ], [ -104.317443178721646, 19.059137339728871 ], [ -104.317129259008624, 19.059391860520343 ], [ -104.316947019749065, 19.059521710888966 ], [ -104.316668799220551, 19.059697970593813 ], [ -104.316449849006773, 19.05986160111215 ], [ -104.316192688693562, 19.060048689703702 ], [ -104.315911479064553, 19.060236170735141 ], [ -104.315682229658222, 19.060363310629302 ], [ -104.315349168691895, 19.060620261243614 ], [ -104.315130050218698, 19.060774721118076 ], [ -104.315006749507646, 19.060895659691102 ], [ -104.3149123399714, 19.061011600703324 ], [ -104.314788488933829, 19.06110048100015 ], [ -104.314664338862926, 19.061171080851341 ], [ -104.314577829540383, 19.061186141244249 ], [ -104.314533658542544, 19.061174872501919 ], [ -104.314494709880961, 19.061179739849219 ], [ -104.314403101132058, 19.061113116062284 ], [ -104.314344803488169, 19.060913242286119 ], [ -104.314378116657309, 19.060829959788091 ], [ -104.31444474213221, 19.060771664270064 ], [ -104.314619633183497, 19.060680053655929 ], [ -104.314708478610157, 19.060620822854379 ], [ -104.314783978800762, 19.060551091072565 ], [ -104.314811338133723, 19.060552248938372 ], [ -104.315344176950063, 19.060197023940265 ], [ -104.315544051286651, 19.060063772660339 ], [ -104.316043739810851, 19.05970566506268 ], [ -104.316335222035889, 19.0594724768814 ], [ -104.316385192105713, 19.05944749376712 ], [ -104.316485129491625, 19.059464149508809 ], [ -104.317063169818653, 19.059038646237319 ], [ -104.317063249167774, 19.059037710303894 ], [ -104.317135978770622, 19.059040429581795 ], [ -104.317131308662638, 19.059002150872168 ], [ -104.317105769871915, 19.058925820592638 ], [ -104.31700311898507, 19.058827651342035 ], [ -104.316972249498292, 19.058912519774406 ], [ -104.31691541958574, 19.058894220325953 ], [ -104.3168173390373, 19.058826659653896 ], [ -104.316729910024762, 19.058912400507666 ], [ -104.316538689832413, 19.059068781268774 ], [ -104.316398768869377, 19.058890539599606 ], [ -104.316460740480167, 19.058846770243594 ], [ -104.316443489342674, 19.058822884808375 ], [ -104.317309611892227, 19.058181619995619 ], [ -104.317434533059142, 19.058339853522167 ], [ -104.317387611260045, 19.058371595777928 ], [ -104.317421539426476, 19.058409279959413 ], [ -104.317277019643214, 19.05852387997335 ], [ -104.3171882502469, 19.058605489794278 ], [ -104.317077608418757, 19.05871016582644 ], [ -104.317209674833308, 19.058897836619895 ], [ -104.317651066001062, 19.058606354076876 ], [ -104.317984188815103, 19.058339853337614 ], [ -104.318184063035176, 19.058015056800265 ], [ -104.318292330063272, 19.057781869923396 ], [ -104.318383938759482, 19.057415432786073 ], [ -104.318442235821436, 19.056999027954713 ], [ -104.318426358519787, 19.056974831845778 ], [ -104.318363909323111, 19.056953110586569 ], [ -104.318362629946989, 19.056877971069888 ], [ -104.318292199209907, 19.056752681043182 ], [ -104.31819716971313, 19.056661940442762 ], [ -104.318069478595433, 19.056554599857833 ], [ -104.317923949633723, 19.056454349851411 ], [ -104.317882880315722, 19.05636619977437 ], [ -104.317892059582746, 19.056270430118236 ], [ -104.317911519647325, 19.056147171219187 ], [ -104.317875279845637, 19.056130649794394 ], [ -104.317826659164879, 19.056230451069407 ], [ -104.317694688616641, 19.0562939510002 ], [ -104.31767131939641, 19.056254920025751 ], [ -104.317591850079509, 19.0563601804364 ], [ -104.317427378645462, 19.056453320482195 ], [ -104.317243260446219, 19.056637371285529 ], [ -104.317311348672106, 19.056693369684545 ], [ -104.317315848701611, 19.056750339693551 ], [ -104.317252939033139, 19.056791580434517 ], [ -104.317176200086337, 19.056849820403521 ], [ -104.317058179964903, 19.056764370353331 ], [ -104.316891020321478, 19.056907889730617 ], [ -104.316976980309576, 19.0569770511329 ], [ -104.316966968949771, 19.057010771243856 ], [ -104.31688185042016, 19.056991921001966 ], [ -104.316897169904593, 19.057062180334349 ], [ -104.316774630073937, 19.057127820685327 ], [ -104.316688369801739, 19.057041880614275 ], [ -104.316646450064269, 19.057069370345609 ], [ -104.316521579823856, 19.05720552104874 ], [ -104.316567448940205, 19.057201479783465 ], [ -104.316589860347534, 19.057274970556822 ], [ -104.316629879133188, 19.057341461304997 ], [ -104.316538430453889, 19.057366369669438 ], [ -104.316451570415197, 19.057451579779784 ], [ -104.316332980437949, 19.05733594990167 ], [ -104.316099659196936, 19.057534179877699 ], [ -104.316121599545554, 19.057577480967559 ], [ -104.316010048986172, 19.057666450201342 ], [ -104.31589880019439, 19.057564110199014 ], [ -104.315992629123798, 19.05747205113607 ], [ -104.316084720338324, 19.057487430935193 ], [ -104.316299308739161, 19.057287479797221 ], [ -104.316201980197562, 19.057162380869674 ], [ -104.316371459575862, 19.057051289725411 ], [ -104.31648748036352, 19.057158001333516 ], [ -104.316617939992426, 19.056993259716265 ], [ -104.316768778869658, 19.056906539605283 ], [ -104.316723538855044, 19.056859020821737 ], [ -104.316622949248369, 19.056914820941497 ], [ -104.316540580129541, 19.056922120136278 ], [ -104.316426278743208, 19.056917850881987 ], [ -104.316563080088685, 19.056753001084171 ], [ -104.316763849756597, 19.05661731117544 ], [ -104.316852998863297, 19.056634020000374 ], [ -104.316759029746976, 19.056707780527436 ], [ -104.316769750177855, 19.05678374412684 ], [ -104.316794458681983, 19.056764650397785 ], [ -104.316969784255662, 19.056647768157511 ], [ -104.31692204860326, 19.056590770397055 ], [ -104.316984280382471, 19.056517481064077 ], [ -104.317097938638454, 19.056485601289801 ], [ -104.317130012491333, 19.056527646934214 ], [ -104.317156136543659, 19.056507669148324 ], [ -104.317725431570651, 19.056023769091542 ], [ -104.317740018882432, 19.055806650327813 ], [ -104.317748420347627, 19.055553370426917 ], [ -104.317412280168583, 19.055564540948719 ], [ -104.317025578875175, 19.055588580797089 ], [ -104.317024570204708, 19.055528320154931 ], [ -104.317653284795895, 19.055491962331935 ], [ -104.3176865819851, 19.054676197016533 ], [ -104.317482179822662, 19.054645169619238 ], [ -104.317247769993457, 19.054607449597874 ], [ -104.316953569781276, 19.054570649610145 ], [ -104.316657850019922, 19.054518290286072 ], [ -104.316319799946015, 19.054461510293038 ], [ -104.316014550302583, 19.054414550206069 ], [ -104.31563303008555, 19.054358449838688 ], [ -104.315574220011911, 19.054416149973459 ], [ -104.315518720383835, 19.054349859760002 ], [ -104.315414910391567, 19.054320479587638 ], [ -104.315410630004379, 19.0543876903658 ], [ -104.315149719698695, 19.054391690454349 ], [ -104.315116580469478, 19.054361219740837 ], [ -104.315229859758446, 19.054307829933808 ], [ -104.314869169532798, 19.054257860260105 ], [ -104.314670580456664, 19.0553712197854 ], [ -104.314526259762559, 19.056158400330879 ], [ -104.314468058803996, 19.056149025293582 ], [ -104.313843927779118, 19.056726578711942 ], [ -104.313415625394356, 19.057107292936657 ], [ -104.312616127201608, 19.057783060809001 ], [ -104.31169289380766, 19.058515934830506 ], [ -104.311616751441363, 19.058449309850712 ], [ -104.31252094729517, 19.057725954024349 ], [ -104.313348999914027, 19.057012113885822 ], [ -104.313777302805661, 19.056659953865889 ], [ -104.314205605964261, 19.056317311942006 ], [ -104.31424122828804, 19.056112483905078 ], [ -104.313970179892394, 19.056068819602043 ], [ -104.31397386137877, 19.056049345227265 ], [ -104.313929587644424, 19.056041295125357 ], [ -104.314272228891411, 19.05409965459004 ], [ -104.31416872303295, 19.054041358162515 ], [ -104.314041570104763, 19.054005756067454 ], [ -104.314026920419806, 19.054014770006589 ], [ -104.313913149972393, 19.054037149866883 ], [ -104.313809079836417, 19.053992290137078 ], [ -104.313846689560307, 19.053965889983395 ], [ -104.313770170090507, 19.053941229980975 ], [ -104.313612349720231, 19.053933340426759 ], [ -104.313394430039125, 19.053905680430695 ], [ -104.313391511002109, 19.053865443999964 ], [ -104.313325659016826, 19.053877417024182 ], [ -104.313378369671156, 19.053921430989107 ], [ -104.313335678710004, 19.053968571268907 ], [ -104.313260378958717, 19.054016200851681 ], [ -104.313195080151516, 19.05401205067577 ], [ -104.313076369135629, 19.054065490535415 ], [ -104.313028229230639, 19.054112710684546 ], [ -104.312958370470696, 19.054160260295522 ], [ -104.31288288022759, 19.054197570974907 ], [ -104.312818279739687, 19.054234710992159 ], [ -104.312792949020576, 19.054343540130244 ], [ -104.312841519407996, 19.054322141105743 ], [ -104.312896909064619, 19.054383261370795 ], [ -104.312832289754851, 19.054420419804377 ], [ -104.312827999951637, 19.054487599847537 ], [ -104.312867648858585, 19.054579950028156 ], [ -104.312813368769284, 19.054585939664243 ], [ -104.312819849573927, 19.054647829949552 ], [ -104.312820719361056, 19.054699450220717 ], [ -104.312761369390046, 19.054726180815514 ], [ -104.312759448769469, 19.054612599662594 ], [ -104.31276188979831, 19.054436971033855 ], [ -104.312706138866076, 19.054355220209949 ], [ -104.312725160799062, 19.054323977155754 ], [ -104.312753749734114, 19.05427701978153 ], [ -104.312778199582922, 19.054187351196969 ], [ -104.312713999040795, 19.054198539632353 ], [ -104.312688618885815, 19.054178540964674 ], [ -104.312712948822337, 19.054137401177769 ], [ -104.312669579815974, 19.054110879996344 ], [ -104.31269243937227, 19.054090704937785 ], [ -104.312669662807849, 19.054041357083619 ], [ -104.312651818589856, 19.054017359103227 ], [ -104.312645140357986, 19.054097710556942 ], [ -104.312598779745827, 19.054198860951008 ], [ -104.312583606444647, 19.054240584892433 ], [ -104.312562050000153, 19.054299860039304 ], [ -104.312498659748755, 19.054246050174147 ], [ -104.312530739445748, 19.054154261177967 ], [ -104.312562909578162, 19.054067021160105 ], [ -104.312561599459997, 19.053989429679326 ], [ -104.31247873959984, 19.053922200268271 ], [ -104.312496399850701, 19.05383059981007 ], [ -104.312385049125297, 19.053782120982838 ], [ -104.312224163137842, 19.05373289624109 ], [ -104.312143448753744, 19.053708201018786 ], [ -104.312057749380244, 19.053755150720846 ], [ -104.311985519775916, 19.053747141017141 ], [ -104.311916909491728, 19.053670581284678 ], [ -104.311792841670993, 19.053651103551296 ], [ -104.311651860328439, 19.053628970349049 ], [ -104.311401109068953, 19.053582580400455 ], [ -104.311402818807537, 19.053683000841929 ], [ -104.311133659741799, 19.053682580931618 ], [ -104.311098180193184, 19.053690372246738 ], [ -104.310918130226653, 19.053789499480011 ], [ -104.310912379423698, 19.053794970321519 ], [ -104.310824309726797, 19.053881655361103 ], [ -104.310766800401169, 19.053938260344669 ], [ -104.310689212070514, 19.053983144931212 ], [ -104.310813286530163, 19.054137682447699 ], [ -104.310930373929935, 19.054283516067184 ], [ -104.310870846775174, 19.054333638061166 ], [ -104.310619818692814, 19.054025824379032 ], [ -104.310512940027152, 19.054082220161966 ], [ -104.310401708782607, 19.054174000387583 ], [ -104.310215148609856, 19.054228220179219 ], [ -104.310007741390152, 19.054279925952567 ], [ -104.309623094861664, 19.054476584581 ], [ -104.309473289966988, 19.054594820588189 ], [ -104.309320480780727, 19.054384481813877 ], [ -104.309274173097577, 19.054422369097892 ], [ -104.309040985326732, 19.05465555718251 ], [ -104.308932720653303, 19.054763822246766 ], [ -104.308524642759153, 19.05538843003351 ], [ -104.308316439986598, 19.055688242223241 ], [ -104.307983315382202, 19.056063007448202 ], [ -104.30790003400854, 19.056129631924893 ], [ -104.30780009709342, 19.056187928561613 ], [ -104.307508612242884, 19.056262881400833 ], [ -104.3074663830444, 19.056272119243907 ], [ -104.307276249809433, 19.056356059951479 ], [ -104.30741365889142, 19.056595111165393 ], [ -104.307332678766528, 19.056641279626209 ], [ -104.307199449563058, 19.056394020083712 ], [ -104.307040489176558, 19.056408740732483 ], [ -104.306798714441342, 19.056451748492069 ], [ -104.306688739421389, 19.056471310551061 ], [ -104.306626719690158, 19.056366001044974 ], [ -104.306540950342594, 19.056383681120106 ], [ -104.306418875671255, 19.056454209427592 ], [ -104.306417419226975, 19.056455050478515 ], [ -104.306611659856955, 19.056492939869848 ], [ -104.306550189340257, 19.056566003064162 ], [ -104.306531539858298, 19.056588169751066 ], [ -104.306358260247848, 19.05677472044631 ], [ -104.306206655623313, 19.056842329987479 ], [ -104.306187459700823, 19.056850890099049 ], [ -104.30617678488241, 19.056864235290725 ], [ -104.306141119702176, 19.056908819847994 ], [ -104.306018519628225, 19.057037369565098 ], [ -104.305960621964502, 19.056980124331606 ], [ -104.305879440373772, 19.056997578104408 ], [ -104.305964179814907, 19.057132220402636 ], [ -104.305922340193987, 19.057191949806832 ], [ -104.305804563586165, 19.057014196365866 ], [ -104.305684755624455, 19.057045725060952 ], [ -104.305351630842523, 19.057295568757301 ], [ -104.304893584824114, 19.057728629659479 ], [ -104.304585443911634, 19.058028441260689 ], [ -104.30435225897098, 19.058303270095845 ], [ -104.304235664059945, 19.05849481624735 ], [ -104.30408575755969, 19.058769644060654 ], [ -104.304069101690999, 19.059019486776737 ], [ -104.304110741734618, 19.059285986569613 ], [ -104.304152383011768, 19.059327628049882 ], [ -104.304385571113698, 19.059219362873819 ], [ -104.304591393467518, 19.059303832773221 ], [ -104.304638983724985, 19.059370459260403 ], [ -104.304624527095058, 19.059447551300764 ], [ -104.304626230373188, 19.059455000264215 ], [ -104.30462198886525, 19.05946109271294 ], [ -104.30456231182221, 19.059546801805162 ], [ -104.304557452807074, 19.059553780435429 ], [ -104.304557144041098, 19.059554222621319 ], [ -104.304556460105943, 19.059555179560331 ], [ -104.304556488425987, 19.059555220791221 ], [ -104.304699000070812, 19.059760600257157 ], [ -104.304804030457532, 19.060004549662693 ], [ -104.30503807986257, 19.060721049881614 ], [ -104.305213909840234, 19.06114856971902 ], [ -104.305352949709047, 19.061454320094182 ], [ -104.305395986819661, 19.06154893805757 ], [ -104.305399960902292, 19.061557675596777 ], [ -104.30543651014554, 19.061638029625122 ], [ -104.305391116334732, 19.06170803742992 ], [ -104.305388026820665, 19.061712801712034 ], [ -104.30531262997107, 19.061829080085719 ], [ -104.305005282513505, 19.061822613609785 ], [ -104.304947570248629, 19.061821399765176 ], [ -104.304093770232924, 19.06199721966199 ], [ -104.303674052321568, 19.062087088150363 ], [ -104.303413332104796, 19.062142911716112 ], [ -104.303306483968186, 19.062320989411141 ], [ -104.303249377462578, 19.062549417980687 ], [ -104.303258893722457, 19.063044344921696 ], [ -104.303163715596042, 19.063748666446617 ], [ -104.303078057198903, 19.064376842867272 ], [ -104.303030467523598, 19.064957432515943 ], [ -104.303020947739867, 19.06577596706579 ], [ -104.303087572680653, 19.066927625938181 ], [ -104.303220824300624, 19.06817446398696 ], [ -104.303363897979125, 19.068938891223453 ], [ -104.303545529008574, 19.069909317169639 ], [ -104.303624379653499, 19.07024149020673 ], [ -104.303666439086527, 19.070489306495087 ], [ -104.303953697701019, 19.071855489304603 ], [ -104.304334412907096, 19.073121364127356 ], [ -104.30463898253376, 19.074101702140577 ], [ -104.304800786032047, 19.074568075064903 ], [ -104.305381373409219, 19.076062375941358 ], [ -104.306137982793601, 19.077858285970596 ], [ -104.306247498562314, 19.078118232244684 ], [ -104.306980373009651, 19.079564943138365 ], [ -104.307342050270776, 19.080212156478225 ], [ -104.307770352754673, 19.081059244694565 ], [ -104.30817010267036, 19.081744528857747 ], [ -104.308788763668204, 19.082610652976257 ], [ -104.308971641982197, 19.082984363981023 ], [ -104.308986079604225, 19.083004309650192 ], [ -104.308987651915388, 19.083006581675235 ], [ -104.309384179889548, 19.083579579893048 ], [ -104.309385376852603, 19.083582020698728 ], [ -104.309401330962544, 19.083614545836888 ], [ -104.30955970931187, 19.083838455268243 ], [ -104.309857165061217, 19.084238372193408 ], [ -104.310416313984902, 19.084990115273708 ], [ -104.310682814196255, 19.085437452686651 ], [ -104.311425204303617, 19.086265506159272 ], [ -104.312053383261855, 19.087084039911286 ], [ -104.31248508286177, 19.087592488422381 ], [ -104.312678740245332, 19.087783000246556 ], [ -104.312712181141492, 19.087859959216207 ], [ -104.312909990325878, 19.088092931819958 ], [ -104.313890326431377, 19.089168448883353 ], [ -104.314339749475536, 19.089685284450994 ], [ -104.314461398721377, 19.089825180151802 ], [ -104.314636064458412, 19.090001104275622 ], [ -104.315784377790678, 19.091157678265692 ], [ -104.316583876134203, 19.09185248018558 ], [ -104.317488071595875, 19.09261390709862 ], [ -104.31923935386915, 19.094079656001355 ], [ -104.320076925816295, 19.094641208715977 ], [ -104.320818246500693, 19.095184068407796 ], [ -104.321156598559412, 19.095431836354525 ], [ -104.321285691045617, 19.095526368068946 ], [ -104.323646116809144, 19.097011151515588 ], [ -104.324578866034457, 19.097639329951214 ], [ -104.325530649997859, 19.098162810132145 ], [ -104.32695516872414, 19.098888179664186 ], [ -104.327082059973407, 19.098952792296249 ], [ -104.328019903884751, 19.099517089793011 ], [ -104.328061919669324, 19.099510379925526 ], [ -104.328087001256279, 19.099557461000362 ], [ -104.328205163293489, 19.099628557877686 ], [ -104.329785126407231, 19.100389987106123 ], [ -104.331441232247812, 19.101141896276577 ], [ -104.332326390619343, 19.101513092038456 ], [ -104.333259141059102, 19.101836697996756 ], [ -104.333972977045576, 19.102160305118446 ], [ -104.335044380948631, 19.102465357824951 ], [ -104.33534354728053, 19.102550535940182 ], [ -104.336228706949754, 19.102931251232913 ], [ -104.336771224714965, 19.103178713833234 ], [ -104.338227454134753, 19.10363557132094 ], [ -104.339407668327752, 19.103930623975131 ], [ -104.339826452199233, 19.104006767352811 ], [ -104.340234529444572, 19.104055545296138 ], [ -104.340459387813752, 19.104047218229827 ], [ -104.340650936286877, 19.10398892110836 ], [ -104.340725887371534, 19.103938952762213 ], [ -104.340692575632033, 19.103772390688839 ], [ -104.340692575255218, 19.103739349542579 ], [ -104.34068824969124, 19.103737259988492 ], [ -104.340621020239624, 19.103545970073945 ], [ -104.340705049660102, 19.10347379966262 ], [ -104.340712586803392, 19.103474754256602 ], [ -104.340875795275167, 19.103156110044541 ], [ -104.341059012808003, 19.103114468623101 ], [ -104.341383808095301, 19.103131125064465 ], [ -104.341408793629483, 19.103222733970206 ], [ -104.3413088567481, 19.103256047202141 ], [ -104.341375482317815, 19.103355984358554 ], [ -104.341500403456649, 19.103514218647138 ], [ -104.341600339575606, 19.103547531053255 ], [ -104.34175124364468, 19.103561903962309 ], [ -104.341919837885257, 19.103503545807602 ], [ -104.342005540121917, 19.103473879726863 ], [ -104.34200403865789, 19.103468234647842 ], [ -104.341959949573877, 19.103302489688026 ], [ -104.342084710141862, 19.103118350116603 ], [ -104.342262049618469, 19.102892890259756 ], [ -104.342463650214839, 19.102839150309499 ], [ -104.342473251768041, 19.10285283794688 ], [ -104.34257472800347, 19.102897938973921 ], [ -104.342932838617713, 19.103447593357512 ], [ -104.343116056766888, 19.103913968753293 ], [ -104.343182681287857, 19.103947281233943 ], [ -104.343374227998055, 19.103938952741807 ], [ -104.343540790708602, 19.103913968908767 ], [ -104.343840601903835, 19.103839015052998 ], [ -104.344723383451154, 19.103480907168244 ], [ -104.345389632366562, 19.103172765162878 ], [ -104.345619515650782, 19.102928049856075 ], [ -104.345696050151219, 19.102805000371593 ], [ -104.345840539554004, 19.102529450091851 ], [ -104.346201479864632, 19.102442850074244 ], [ -104.346485029797165, 19.102195490110759 ], [ -104.346588110382612, 19.101991429989219 ], [ -104.346480489636804, 19.101932380415239 ], [ -104.346690114500333, 19.101792493384487 ], [ -104.34679708189465, 19.101607079847842 ], [ -104.346955317171634, 19.101315596084888 ], [ -104.34695531559872, 19.100899190596589 ], [ -104.346905349291518, 19.100732628647027 ], [ -104.346830396146288, 19.100507769946702 ], [ -104.346672160311854, 19.10020795829918 ], [ -104.346605534722812, 19.100191301207985 ], [ -104.346520745637406, 19.100216106988121 ], [ -104.346456002777828, 19.100208414937313 ], [ -104.346415879828413, 19.100234939794817 ], [ -104.345473119608229, 19.100124509893792 ], [ -104.344986509574099, 19.099548340134209 ], [ -104.345211740023615, 19.099515060413275 ], [ -104.345502020069389, 19.099981110440854 ], [ -104.345828909528805, 19.100023679689382 ], [ -104.346325629988925, 19.100093379809998 ], [ -104.346709910090894, 19.09982531961229 ], [ -104.346870779873598, 19.099697719830541 ], [ -104.34619145963832, 19.098856509683038 ], [ -104.345868860458808, 19.098586140289846 ], [ -104.345659719891458, 19.098782620232658 ], [ -104.345500920444408, 19.098750719633877 ], [ -104.345502769555225, 19.098858030108588 ], [ -104.345130490235135, 19.098769369776345 ], [ -104.345151850150998, 19.098696030205378 ], [ -104.344838970235969, 19.098645089848578 ], [ -104.34463659986983, 19.098708340042386 ], [ -104.344591250359784, 19.098962370149344 ], [ -104.344528819853934, 19.099276800418615 ], [ -104.34445736989241, 19.099591350119606 ], [ -104.344311220224526, 19.099507749960441 ], [ -104.344407890055493, 19.099081150418538 ], [ -104.344423710328812, 19.098645319545902 ], [ -104.344294110239886, 19.098647339969435 ], [ -104.344121780148001, 19.09867736970655 ], [ -104.344004719758914, 19.098569769834484 ], [ -104.344016770172871, 19.098432800217484 ], [ -104.344245980079123, 19.09836086041873 ], [ -104.344435050322048, 19.098467340062822 ], [ -104.344779200117017, 19.098379919547032 ], [ -104.344619889768339, 19.098327690379282 ], [ -104.344904550417752, 19.098131779911942 ], [ -104.345148859777481, 19.098100630311674 ], [ -104.345304910211709, 19.097961430102533 ], [ -104.345393429362389, 19.097979994544104 ], [ -104.345522882677074, 19.097951038544615 ], [ -104.345864333685284, 19.097926053803945 ], [ -104.346147488633648, 19.097884413754461 ], [ -104.346364020805382, 19.097842773237833 ], [ -104.346480614358782, 19.097776147712441 ], [ -104.346661971225245, 19.097727389229291 ], [ -104.346945126585396, 19.097794011578177 ], [ -104.347095031859908, 19.097835652946788 ], [ -104.34714500141996, 19.097852309861899 ], [ -104.347253267052039, 19.097902278135003 ], [ -104.347403173947328, 19.097868966114962 ], [ -104.347503108819922, 19.097843982161368 ], [ -104.347761282979178, 19.097760699758943 ], [ -104.347961158351552, 19.097652435415377 ], [ -104.348002795965186, 19.09751918521021 ], [ -104.348410874877288, 19.097027825744295 ], [ -104.348602420957278, 19.096886249032519 ], [ -104.348768983625504, 19.096761327020996 ], [ -104.349027155224121, 19.096228326687005 ], [ -104.34904732601828, 19.096157728030676 ], [ -104.349043000377534, 19.095906350346134 ], [ -104.348981400193964, 19.095674779908361 ], [ -104.349182369897463, 19.095431310236375 ], [ -104.349179079858814, 19.095239879820834 ], [ -104.349117230084289, 19.094994649911012 ], [ -104.348786060097581, 19.094999800401279 ], [ -104.348580479622612, 19.09477048995754 ], [ -104.348595649620023, 19.094761522113036 ], [ -104.348544125048349, 19.09461267416642 ], [ -104.348585765760063, 19.094462767047144 ], [ -104.348677373512118, 19.09433784579279 ], [ -104.348743999410004, 19.094312861588918 ], [ -104.349198684005842, 19.094124715452516 ], [ -104.349086819915144, 19.094065059664853 ], [ -104.349374059871664, 19.094019540319692 ], [ -104.349296659720949, 19.093706169908742 ], [ -104.349119880341334, 19.093476400253369 ], [ -104.349305649934465, 19.093391449631461 ], [ -104.349173000400384, 19.093215709637775 ], [ -104.349151749565081, 19.09281940029808 ], [ -104.349395829949643, 19.092774570270922 ], [ -104.349507480067643, 19.092567660442892 ], [ -104.349278050180246, 19.092625949594773 ], [ -104.349231780189186, 19.092448850040807 ], [ -104.349404089946745, 19.092418820306143 ], [ -104.349657850386706, 19.092100279892463 ], [ -104.349765840897987, 19.092069154744998 ], [ -104.350209748223165, 19.091806099003279 ], [ -104.350243060954142, 19.091739475019999 ], [ -104.350268043729145, 19.09156458363147 ], [ -104.350268044350599, 19.091475086253187 ], [ -104.350251490385077, 19.091448180118658 ], [ -104.350130660455548, 19.091121829657627 ], [ -104.350378489994853, 19.091295770106498 ], [ -104.35026719989304, 19.090821750256115 ], [ -104.350275248912325, 19.09082192646812 ], [ -104.350284698897866, 19.09081505298434 ], [ -104.350426277339807, 19.090715116280343 ], [ -104.350559528810393, 19.090748428351439 ], [ -104.350826027215817, 19.090815054029932 ], [ -104.350984260646271, 19.090890005933975 ], [ -104.351225778385867, 19.091089882227287 ], [ -104.351342371368091, 19.091231459136399 ], [ -104.351733791308391, 19.09130641284375 ], [ -104.351883697694717, 19.091306412563888 ], [ -104.352008619048306, 19.091306412226722 ], [ -104.352216821818928, 19.091298084377353 ], [ -104.352408370355676, 19.091198147293678 ], [ -104.352516634623839, 19.09114817771049 ], [ -104.352641555653022, 19.091106536780579 ], [ -104.352783134352876, 19.091131521633177 ], [ -104.353016321091928, 19.091231459206565 ], [ -104.35344938335632, 19.091364710072252 ], [ -104.353549322292338, 19.091389693523006 ], [ -104.353657585597574, 19.091406349798383 ], [ -104.353840804678939, 19.091264772129083 ], [ -104.353882445353833, 19.091206475489184 ], [ -104.353796511687236, 19.091113929696483 ], [ -104.353539879645624, 19.091123349577273 ], [ -104.353441680360589, 19.091059770384181 ], [ -104.35355877987854, 19.090895219957503 ], [ -104.353827019791396, 19.090880169795565 ], [ -104.354004799764795, 19.090920800070595 ], [ -104.354155339796975, 19.09103779957146 ], [ -104.354117689654259, 19.091174019930079 ], [ -104.354142780076458, 19.091303830163483 ], [ -104.354312220425228, 19.091279420058985 ], [ -104.354487709579686, 19.091413719599263 ], [ -104.354316000167586, 19.09149863004912 ], [ -104.354202230087267, 19.091596370283838 ], [ -104.354305110350722, 19.091704380132956 ], [ -104.354221149683369, 19.09185644978491 ], [ -104.354003339933669, 19.091777620312861 ], [ -104.353947029981327, 19.091860720418268 ], [ -104.353964309841558, 19.092024919816428 ], [ -104.354211220278629, 19.092117000440503 ], [ -104.354503090269233, 19.092304320078554 ], [ -104.354678819809479, 19.092452340092574 ], [ -104.355010420050775, 19.092433460100914 ], [ -104.355070719779505, 19.092583279922106 ], [ -104.355030290011641, 19.092748350446286 ], [ -104.354831860048122, 19.092957050405584 ], [ -104.354763249822057, 19.093163710096832 ], [ -104.354781710008481, 19.093396400300094 ], [ -104.354596979982617, 19.093563749637759 ], [ -104.354441350015762, 19.093744339876512 ], [ -104.354244580082209, 19.094048920305216 ], [ -104.354090119689047, 19.094298020155406 ], [ -104.353903749741718, 19.094369460235281 ], [ -104.353876820094456, 19.094486150142373 ], [ -104.354122820084612, 19.094523429818963 ], [ -104.35429902046873, 19.094698850288012 ], [ -104.354419399911961, 19.094984780438548 ], [ -104.354680260078354, 19.095049229715155 ], [ -104.35492722030763, 19.095141309728962 ], [ -104.355189280010677, 19.095274280327303 ], [ -104.355391260106799, 19.095271120359939 ], [ -104.355510249736341, 19.095474849819279 ], [ -104.355440249981243, 19.095599279574103 ], [ -104.355180540474663, 19.095603340023448 ], [ -104.354981755846865, 19.095761951553332 ], [ -104.354981755716139, 19.095895203845078 ], [ -104.355031726369276, 19.096061765818821 ], [ -104.355281569441971, 19.096186688217887 ], [ -104.355389834789662, 19.096153375331308 ], [ -104.3557645984625, 19.096253310672964 ], [ -104.355956145857562, 19.096336592616154 ], [ -104.356106051052024, 19.096453187038154 ], [ -104.356172677631207, 19.096944544780918 ], [ -104.356106050625613, 19.097077796285117 ], [ -104.356061734427911, 19.097119157841853 ], [ -104.356045050087275, 19.097193369707046 ], [ -104.355788180286723, 19.097361829794583 ], [ -104.355587600427185, 19.097447200306579 ], [ -104.355512544942542, 19.097448370491538 ], [ -104.355356519619818, 19.097527513399378 ], [ -104.354940116058572, 19.097644106297089 ], [ -104.354698601353846, 19.097685746957609 ], [ -104.354541348712516, 19.098035633450174 ], [ -104.354544549689649, 19.098052820445947 ], [ -104.354495739510128, 19.098137115864969 ], [ -104.354365476433401, 19.098426949163947 ], [ -104.353965727238744, 19.098868339975912 ], [ -104.353524335609876, 19.099159822784738 ], [ -104.353389293940765, 19.099172684796159 ], [ -104.3533651497671, 19.099190679769542 ], [ -104.353064060266263, 19.099305020268915 ], [ -104.352703350000027, 19.099310649966476 ], [ -104.352684083745245, 19.099316698517718 ], [ -104.352674867988554, 19.099359698289902 ], [ -104.352691523725468, 19.099484620872726 ], [ -104.352666541201259, 19.099784432275488 ], [ -104.35255827498672, 19.100125884250563 ], [ -104.3524999786232, 19.100234150070662 ], [ -104.352291777094123, 19.100350744286647 ], [ -104.352077312098018, 19.100426844236789 ], [ -104.352073230229081, 19.100430599841577 ], [ -104.351655980030273, 19.100505629929643 ], [ -104.351338089792606, 19.100483179877127 ], [ -104.350887004750973, 19.100618232310669 ], [ -104.350851013203993, 19.100642227548864 ], [ -104.350795469219818, 19.100688513484002 ], [ -104.350751074959305, 19.10072550806721 ], [ -104.350746120849195, 19.100745322228239 ], [ -104.350717760973993, 19.100858758494489 ], [ -104.350809371278686, 19.101383430351611 ], [ -104.350909308862725, 19.101608287557809 ], [ -104.351017574100069, 19.101691569897426 ], [ -104.351017573955772, 19.101758193775854 ], [ -104.350834355975664, 19.102049678290946 ], [ -104.350642807920465, 19.102216241969032 ], [ -104.350367980034378, 19.102516053752655 ], [ -104.35032634179764, 19.102607662987683 ], [ -104.3502763716765, 19.102732584476993 ], [ -104.350159778862235, 19.102815865202704 ], [ -104.350052999942321, 19.102847897744859 ], [ -104.349993216692155, 19.102865834212263 ], [ -104.349951576206493, 19.102907474984914 ], [ -104.34985163815513, 19.103148989987538 ], [ -104.349826654036491, 19.103507098409779 ], [ -104.349876622263409, 19.103865207941535 ], [ -104.350018200706231, 19.104206660704111 ], [ -104.350301357216225, 19.104639721779556 ], [ -104.350517887276396, 19.104939534392873 ], [ -104.3506511355897, 19.10505612694924 ], [ -104.35081769977306, 19.10513940900228 ], [ -104.35134237084246, 19.105314298701348 ], [ -104.351608870109089, 19.105322628236902 ], [ -104.351731578447101, 19.105322628406306 ], [ -104.351749689889857, 19.10528791986339 ], [ -104.351884580258599, 19.105127079839097 ], [ -104.351890512477624, 19.105127673941062 ], [ -104.352000291527574, 19.105072784668454 ], [ -104.352077100501347, 19.105042060336004 ], [ -104.352050970408385, 19.104991799903566 ], [ -104.352128970326234, 19.104953230086078 ], [ -104.352177644111507, 19.105001844636071 ], [ -104.352458339100963, 19.104889565176126 ], [ -104.352633228408791, 19.104814612356311 ], [ -104.352740744110008, 19.104689176345563 ], [ -104.352748019930189, 19.104644779938759 ], [ -104.352760580450195, 19.10451851958646 ], [ -104.352871710077011, 19.104404739865021 ], [ -104.352999649652133, 19.10441208030829 ], [ -104.353056780280625, 19.104303820173797 ], [ -104.353063080315778, 19.104098289921726 ], [ -104.353136079901546, 19.10405514006349 ], [ -104.35320969583762, 19.104122769792937 ], [ -104.353582632945319, 19.103998457168668 ], [ -104.353589034536625, 19.104001018489871 ], [ -104.353690279868871, 19.103976460033511 ], [ -104.353789800435948, 19.104044939819705 ], [ -104.353873179994608, 19.104034290241138 ], [ -104.353845380355438, 19.104132769766149 ], [ -104.353777549581721, 19.104189850007028 ], [ -104.353858049736914, 19.104295970238073 ], [ -104.354001459800429, 19.104345089617894 ], [ -104.354062379620245, 19.104416580070616 ], [ -104.354153280036741, 19.104555230394578 ], [ -104.354166000143422, 19.104723110332699 ], [ -104.354203619651727, 19.104909279946703 ], [ -104.354313380274519, 19.105000920039448 ], [ -104.354428449688029, 19.105115860074267 ], [ -104.354470109568439, 19.105250600436634 ], [ -104.354599179718463, 19.105323289767242 ], [ -104.354590709711118, 19.105402779707781 ], [ -104.354557049661011, 19.105445339891826 ], [ -104.354292200345611, 19.105482149593428 ], [ -104.35409596981593, 19.105462020080012 ], [ -104.353826079706522, 19.105607320282108 ], [ -104.353272120114013, 19.105792320144264 ], [ -104.352877250443541, 19.105869030073929 ], [ -104.352565214023628, 19.106033361085274 ], [ -104.352529836738086, 19.106051992274029 ], [ -104.3524916498463, 19.106138782435409 ], [ -104.352466665502561, 19.106255377251731 ], [ -104.352491648577796, 19.106346984833351 ], [ -104.352574930752354, 19.106330329399118 ], [ -104.352666540589013, 19.106330330094192 ], [ -104.352724837766814, 19.106471906686622 ], [ -104.352733167300357, 19.106546861113788 ], [ -104.352666541707478, 19.106630142028891 ], [ -104.35233341560911, 19.106855001123549 ], [ -104.352233478424083, 19.106896642309422 ], [ -104.35210022977887, 19.106946608880769 ], [ -104.351692152251715, 19.107254750300349 ], [ -104.351350698162989, 19.107671155599434 ], [ -104.351142497049779, 19.108095889340266 ], [ -104.351167480434043, 19.108287434846876 ], [ -104.351425651970445, 19.108628888119519 ], [ -104.351525589432725, 19.108703840625303 ], [ -104.351675495372177, 19.108762139288576 ], [ -104.351808743829807, 19.108795451315689 ], [ -104.351858713637185, 19.108795451298096 ], [ -104.351966979148827, 19.108728825579352 ], [ -104.352050259788811, 19.108678857303676 ], [ -104.352258461923967, 19.108737154095554 ], [ -104.352225150601257, 19.108812107663415 ], [ -104.352186225800907, 19.108857900800572 ], [ -104.352134568470902, 19.108960180042271 ], [ -104.352100779802001, 19.109027080418453 ], [ -104.352035156724767, 19.109002876383538 ], [ -104.351683823250326, 19.10917854419246 ], [ -104.351672408124202, 19.109170390677246 ], [ -104.351696949808115, 19.109303799662623 ], [ -104.35158391997804, 19.109211489827921 ], [ -104.351601487216641, 19.109050359458102 ], [ -104.351610427449216, 19.108968351183968 ], [ -104.351616020127196, 19.108917049742612 ], [ -104.351597918441385, 19.108909821099566 ], [ -104.351326877082059, 19.108801591087456 ], [ -104.351204934461933, 19.108974671402009 ], [ -104.351125840789095, 19.109086933981509 ], [ -104.350967605000946, 19.109203527671937 ], [ -104.350809369599148, 19.10947835732637 ], [ -104.350801042426752, 19.109653246668945 ], [ -104.350809371472323, 19.110011355306689 ], [ -104.350859340791658, 19.110369463783517 ], [ -104.350904247708328, 19.110519157082614 ], [ -104.350934291871525, 19.110619306944777 ], [ -104.351134168712846, 19.111044041067391 ], [ -104.351217447625345, 19.111143978140589 ], [ -104.351560597981361, 19.111658703206846 ], [ -104.351667167081501, 19.111818555796329 ], [ -104.351625526299642, 19.111968463282128 ], [ -104.351625526736143, 19.112060071578707 ], [ -104.351633853941721, 19.112176665929667 ], [ -104.351682777321273, 19.112316442612702 ], [ -104.351692151890404, 19.11234322753614 ], [ -104.352050259775851, 19.112801273685598 ], [ -104.35249165051637, 19.113350929824662 ], [ -104.352608243783749, 19.113492506283702 ], [ -104.35270818010224, 19.113600771863432 ], [ -104.352770107742217, 19.113654816857821 ], [ -104.353166227679509, 19.114000522198637 ], [ -104.353565977437626, 19.114333646514559 ], [ -104.353836323604341, 19.114526751037914 ], [ -104.354414267490597, 19.114841820433824 ], [ -104.355408549737419, 19.115383850276206 ], [ -104.356953520267567, 19.11612935001726 ], [ -104.35962134003789, 19.117169339904201 ], [ -104.361589620420773, 19.11785575004447 ], [ -104.363638202775462, 19.11834238180974 ], [ -104.363864980079128, 19.118396250262368 ], [ -104.365244153589316, 19.118722730821819 ], [ -104.365608429167992, 19.118797515438217 ], [ -104.365891584452271, 19.118847483294342 ], [ -104.366667557652363, 19.119001744940075 ], [ -104.367021991965984, 19.119072204093484 ], [ -104.367274052229547, 19.119122312126084 ], [ -104.368571159997401, 19.119297803975982 ], [ -104.368689830871915, 19.119313858568844 ], [ -104.369185917253517, 19.11937639027181 ], [ -104.369680877141946, 19.119438778627622 ], [ -104.370322139990691, 19.119513732938234 ], [ -104.371146624164595, 19.119538717790874 ], [ -104.371987763228461, 19.119646982195011 ], [ -104.372937168956398, 19.119688623800783 ], [ -104.373125289836054, 19.119709199476212 ], [ -104.375383779978165, 19.119664139560118 ], [ -104.375604848164102, 19.119657452258956 ], [ -104.377005059541915, 19.119615090044888 ], [ -104.379191450137029, 19.119310200255022 ], [ -104.380279369666312, 19.119210739698278 ], [ -104.381082579942969, 19.119115750416555 ], [ -104.382034519852866, 19.119030179619699 ], [ -104.383422020043852, 19.118781859935318 ], [ -104.38433517983772, 19.118602850293222 ], [ -104.385630659630138, 19.11833544990284 ], [ -104.386641030348798, 19.118049049605602 ], [ -104.388203889916127, 19.117495220437647 ], [ -104.389637980148947, 19.116962169552959 ], [ -104.390646479745399, 19.116569950080507 ], [ -104.391886000224147, 19.115938909893693 ], [ -104.392829880319212, 19.115394850219246 ], [ -104.39394293954463, 19.114612950078403 ], [ -104.394924400398949, 19.113862109732992 ], [ -104.395691030243498, 19.11309746040904 ], [ -104.39669902004286, 19.111976250393194 ], [ -104.397206110085278, 19.111239219579698 ], [ -104.397737949706908, 19.110423950141747 ], [ -104.398122879916627, 19.109782920402075 ], [ -104.398171880990986, 19.109693478571209 ], [ -104.398396211452493, 19.109095263208609 ], [ -104.398646055746951, 19.10816251474521 ], [ -104.39876001105047, 19.107757338417645 ], [ -104.398845930132609, 19.107304718727949 ], [ -104.398884431651751, 19.107073709033752 ], [ -104.398890599557561, 19.106972450217906 ], [ -104.398795019674935, 19.106484420089998 ], [ -104.398569710277471, 19.105641459699466 ], [ -104.398374320025525, 19.10509197039185 ], [ -104.398359520890835, 19.10506720041986 ], [ -104.398206998067621, 19.104811917870673 ], [ -104.398046431926787, 19.104797955968156 ], [ -104.397913182184553, 19.104822939828598 ], [ -104.39770498006213, 19.10481461332564 ], [ -104.39763002592845, 19.104747988114493 ], [ -104.397596713439228, 19.104681362288339 ], [ -104.397638354679742, 19.104573098067242 ], [ -104.397713306627836, 19.1045231282115 ], [ -104.39780491615646, 19.104539784320917 ], [ -104.397888196539498, 19.104598081494586 ], [ -104.398088911868243, 19.104678562415039 ], [ -104.398130240070572, 19.104683443439495 ], [ -104.398068149708493, 19.104579520054148 ], [ -104.398059360458703, 19.104569437025567 ], [ -104.397938009066877, 19.104430224029002 ], [ -104.39748844771178, 19.104123379212584 ], [ -104.397221948210515, 19.103823568076447 ], [ -104.397080369844431, 19.10344047352536 ], [ -104.396955448220822, 19.103232272071164 ], [ -104.396877588259898, 19.103147332478159 ], [ -104.396856776592486, 19.10312892419778 ], [ -104.396139292834818, 19.10278255223567 ], [ -104.39552301278151, 19.102574351124726 ], [ -104.395314810171783, 19.102532710174771 ], [ -104.394998342185161, 19.102441099972744 ], [ -104.394594636717898, 19.10230511536086 ], [ -104.394398570065704, 19.102246489958286 ], [ -104.393847769811941, 19.102045539904083 ], [ -104.393664749794439, 19.102011969839179 ], [ -104.39365157038668, 19.102026090031249 ], [ -104.39356109033092, 19.102123020043038 ], [ -104.392626079766771, 19.101470799916672 ], [ -104.392041690220864, 19.100996849915525 ], [ -104.391616320196889, 19.10028330961244 ], [ -104.391512180042852, 19.099819969944051 ], [ -104.391269849797439, 19.099687049891301 ], [ -104.391488259659141, 19.099213000414135 ], [ -104.391220850019991, 19.098821369711569 ], [ -104.390407449700078, 19.097949179577363 ], [ -104.389779479545282, 19.096752889680548 ], [ -104.389837369612508, 19.096207569754508 ], [ -104.389800289635076, 19.096016019582855 ], [ -104.389989829884655, 19.095927619816404 ], [ -104.390503550342316, 19.095737999624369 ], [ -104.390916909748682, 19.095592680452526 ], [ -104.391172369806299, 19.095417830298867 ], [ -104.391540580334777, 19.095262549606851 ], [ -104.391789650073193, 19.09463587969956 ], [ -104.3920772497504, 19.094542290412424 ], [ -104.392255679909297, 19.094310650434945 ], [ -104.392015889875864, 19.094039400006032 ], [ -104.392171420371341, 19.093946979974014 ], [ -104.392301029810696, 19.093850890347817 ], [ -104.392143280255567, 19.093693949855933 ], [ -104.392131350000227, 19.093460480251828 ], [ -104.392225220280167, 19.093334569580204 ], [ -104.392357939742581, 19.093431979766166 ], [ -104.392478740023378, 19.093347120078729 ], [ -104.392380649973603, 19.093232549761744 ], [ -104.392167689593663, 19.093255109633599 ], [ -104.391982280437134, 19.093153419897344 ], [ -104.392006302291918, 19.093077807893362 ], [ -104.391983564936552, 19.092980362696498 ], [ -104.391966909280001, 19.092788815985507 ], [ -104.392041862953377, 19.092680552003667 ], [ -104.392108486088318, 19.092722191989751 ], [ -104.392300032791397, 19.09274717724039 ], [ -104.392383313638746, 19.092688879505229 ], [ -104.392495955709933, 19.092523671056501 ], [ -104.392552199595826, 19.092144509810947 ], [ -104.392299638437279, 19.092016457914443 ], [ -104.392250062604631, 19.092014302183465 ], [ -104.392108487276843, 19.092005975139237 ], [ -104.391975237289898, 19.09193102116943 ], [ -104.391850316338235, 19.091781114373738 ], [ -104.391775362163173, 19.091556255837517 ], [ -104.391750378059285, 19.091439662108549 ], [ -104.391817001482821, 19.091339724126374 ], [ -104.391925269182451, 19.091431334780825 ], [ -104.39191805861347, 19.091525060940363 ], [ -104.39229055235711, 19.091782734458505 ], [ -104.392483253230026, 19.091839412313234 ], [ -104.392591516578776, 19.091839410703127 ], [ -104.392699781674452, 19.091814427706385 ], [ -104.392774736242387, 19.0917894440488 ], [ -104.39293296941554, 19.091697832899943 ], [ -104.393149501162796, 19.091572911620151 ], [ -104.393857389855086, 19.09127310127711 ], [ -104.394140545007502, 19.091173162330897 ], [ -104.394623578080996, 19.090873350176452 ], [ -104.395189888188682, 19.090307038056217 ], [ -104.395339794121483, 19.090132147643999 ], [ -104.395345896272744, 19.090117764882397 ], [ -104.395382769815626, 19.089848539604461 ], [ -104.395130619861234, 19.089453340324471 ], [ -104.395057080440665, 19.08925491008964 ], [ -104.394890739737278, 19.089091219582933 ], [ -104.395015829752722, 19.088900719641014 ], [ -104.395269319754519, 19.088708179885558 ], [ -104.394694230407225, 19.088539889994486 ], [ -104.394442519691935, 19.088455660018944 ], [ -104.394311880224208, 19.08825928006199 ], [ -104.394336111987926, 19.088261765819997 ], [ -104.394323764473697, 19.088200026973912 ], [ -104.394407047424949, 19.088141730165727 ], [ -104.394631903962932, 19.088175041913811 ], [ -104.394923389088291, 19.08815838563461 ], [ -104.395206543846413, 19.088016806651787 ], [ -104.395442213419372, 19.087987349442948 ], [ -104.395445140158827, 19.087953780370338 ], [ -104.395519519163585, 19.087977685416806 ], [ -104.395672918574746, 19.087958510550173 ], [ -104.3957350388565, 19.087915026966225 ], [ -104.395799420045719, 19.087749289939296 ], [ -104.395852150011422, 19.087769182809318 ], [ -104.39585613816665, 19.087725322716448 ], [ -104.395831153214772, 19.087650370279224 ], [ -104.395664591356436, 19.087592073627071 ], [ -104.395652159473045, 19.087585857306074 ], [ -104.395635749564462, 19.087588349745392 ], [ -104.395629066193308, 19.08757430955994 ], [ -104.395547997623098, 19.087533776705563 ], [ -104.395323137535001, 19.087275605242315 ], [ -104.395331466383965, 19.087175667950056 ], [ -104.395406418872099, 19.087150683111378 ], [ -104.395432959819658, 19.087162058383431 ], [ -104.395361400010742, 19.087011619550516 ], [ -104.394935871486027, 19.086884184711227 ], [ -104.394931716619197, 19.086884183651947 ], [ -104.394748498472183, 19.086900840309649 ], [ -104.394581934639277, 19.086834214919982 ], [ -104.394573608775218, 19.086692637589511 ], [ -104.39485676510256, 19.086542731803309 ], [ -104.394981685562072, 19.086617684498179 ], [ -104.395048311125905, 19.086684309371623 ], [ -104.395102105853923, 19.08671120618521 ], [ -104.395212620409467, 19.086696570402982 ], [ -104.395193169989113, 19.086142629828842 ], [ -104.394980000333575, 19.085881879665788 ], [ -104.395225026917302, 19.085935946465387 ], [ -104.395223200598707, 19.085884810388904 ], [ -104.395373107867201, 19.085560014263265 ], [ -104.395314810118947, 19.085460077275293 ], [ -104.395314809641818, 19.085418511568726 ], [ -104.395258569836116, 19.085358539721771 ], [ -104.395325094739206, 19.085277602710164 ], [ -104.395364778819783, 19.085151936657052 ], [ -104.395431405356064, 19.085027014812752 ], [ -104.395764528206243, 19.085002031013044 ], [ -104.395922760958356, 19.085043672114523 ], [ -104.39613929304862, 19.085518373197004 ], [ -104.39614423956553, 19.085589603975102 ], [ -104.396170950013143, 19.085598819763781 ], [ -104.396145142846478, 19.085602620014726 ], [ -104.396180934948617, 19.086117997392002 ], [ -104.396380809039314, 19.086834215244917 ], [ -104.396530716113404, 19.087217307738953 ], [ -104.396564028073129, 19.087442166833551 ], [ -104.396564027052207, 19.087517121198207 ], [ -104.396543814556779, 19.087618189421875 ], [ -104.396724080454874, 19.087795580072232 ], [ -104.39698938012269, 19.087857419673359 ], [ -104.39723531156794, 19.087696001441678 ], [ -104.397338541969049, 19.087483808914136 ], [ -104.39750510328814, 19.087283933670236 ], [ -104.397888196402192, 19.087483809263563 ], [ -104.398221322355042, 19.087375541610221 ], [ -104.398379556576202, 19.087533776569135 ], [ -104.398329588128632, 19.08765869793838 ], [ -104.398113056489635, 19.087725323540834 ], [ -104.397871541115791, 19.087758636808378 ], [ -104.397865247638123, 19.087765803680753 ], [ -104.397956650023019, 19.087947909772438 ], [ -104.39773585996916, 19.08811285974194 ], [ -104.397568698596132, 19.088103876721259 ], [ -104.397471791697384, 19.08822501054933 ], [ -104.39746020353023, 19.088367935314306 ], [ -104.397528550214972, 19.088382620309286 ], [ -104.397502829963884, 19.088501969656981 ], [ -104.397449945665755, 19.088494460788954 ], [ -104.397446807440858, 19.088533150903835 ], [ -104.397580056446699, 19.088541478386528 ], [ -104.397679994036977, 19.088758008900939 ], [ -104.397679994056929, 19.088941228556539 ], [ -104.397646682748245, 19.089141104118703 ], [ -104.397679994749979, 19.089315993845961 ], [ -104.397938167158472, 19.0895991486402 ], [ -104.398262963321969, 19.089715742733322 ], [ -104.39851280722938, 19.089757383197639 ], [ -104.398647355874928, 19.089771545837024 ], [ -104.398696075376833, 19.089749003562016 ], [ -104.398795962847771, 19.089649116963084 ], [ -104.398829273407415, 19.089582492948239 ], [ -104.39880428914941, 19.089474228260446 ], [ -104.398754321073625, 19.089324322143288 ], [ -104.398779303598815, 19.089257696545271 ], [ -104.398945868920535, 19.089357633701866 ], [ -104.39917905509175, 19.089515868231175 ], [ -104.399062461152383, 19.090265399021057 ], [ -104.399035872923065, 19.09029297156086 ], [ -104.399040109949425, 19.090307489856954 ], [ -104.398796866829983, 19.090614971080846 ], [ -104.398779305294454, 19.090665147661252 ], [ -104.39866271147423, 19.091198148122768 ], [ -104.398521134939372, 19.091781113740844 ], [ -104.398662711994106, 19.092047615311564 ], [ -104.398737664585724, 19.09214755153743 ], [ -104.398795960867176, 19.092255817647203 ], [ -104.39877097790918, 19.092439035040663 ], [ -104.398671040464791, 19.092588943337123 ], [ -104.398562774450895, 19.092705535494094 ], [ -104.398546118001505, 19.092863769648662 ], [ -104.398696023966608, 19.093146924989778 ], [ -104.398887572306492, 19.09335512799591 ], [ -104.39897085264289, 19.093430080928012 ], [ -104.399104102320962, 19.093505034379934 ], [ -104.399204037789531, 19.093513363217234 ], [ -104.399254008179014, 19.093455066039805 ], [ -104.39957880265041, 19.09349670673371 ], [ -104.400145115801948, 19.093796518512715 ], [ -104.400428272304566, 19.09407967363941 ], [ -104.400628147220118, 19.094479423166995 ], [ -104.400703100169821, 19.094745924304249 ], [ -104.401094521430124, 19.094970782335924 ], [ -104.401144490017316, 19.095012422739259 ], [ -104.401535909592042, 19.095353875375412 ], [ -104.401572005315472, 19.095498250908022 ], [ -104.401664779794217, 19.095583459764597 ], [ -104.401607132378246, 19.09564615630843 ], [ -104.40164417674157, 19.095803592623209 ], [ -104.401635848965455, 19.095978484720746 ], [ -104.40162752023106, 19.096128389996569 ], [ -104.401560895757669, 19.096261640370482 ], [ -104.401552568092342, 19.096344921844484 ], [ -104.401894020049255, 19.096961201250959 ], [ -104.402043925997305, 19.097086123783132 ], [ -104.402277112553307, 19.09713609075698 ], [ -104.402626894373455, 19.097344293780402 ], [ -104.402676861623334, 19.097419246706629 ], [ -104.402860081199378, 19.097469217000619 ], [ -104.402960018882368, 19.097477545216424 ], [ -104.403193206225225, 19.097394262938064 ], [ -104.403318128396961, 19.097319310166256 ], [ -104.403559644057637, 19.097102779066923 ], [ -104.403559642033997, 19.097011170102142 ], [ -104.403667907029373, 19.096877920041472 ], [ -104.403807566727679, 19.096872101379937 ], [ -104.403927340461536, 19.096680399717854 ], [ -104.404224770009961, 19.096979140060824 ], [ -104.404210232143285, 19.097029059349683 ], [ -104.404250875679267, 19.097127763211752 ], [ -104.404234219965403, 19.097252686064994 ], [ -104.404117626052638, 19.097402590810528 ], [ -104.404135236346391, 19.097525866156637 ], [ -104.404193449938347, 19.097615939665115 ], [ -104.404160042955368, 19.097696402899231 ], [ -104.40420090693803, 19.097818997901573 ], [ -104.404309173361838, 19.097877294980144 ], [ -104.404384125671484, 19.098027201297533 ], [ -104.404467405604947, 19.098277044027178 ], [ -104.404459078895414, 19.099051558698633 ], [ -104.404450751037928, 19.099559574003464 ], [ -104.404300844630285, 19.100309104032679 ], [ -104.404300844194793, 19.100450682001647 ], [ -104.404367470128363, 19.100542291073438 ], [ -104.404608984139784, 19.100867086157482 ], [ -104.404667281507216, 19.100942040058417 ], [ -104.404725187559919, 19.100933767450069 ], [ -104.404784180220844, 19.100745429791743 ], [ -104.404978309696446, 19.100618000442601 ], [ -104.405135800050985, 19.100732049781353 ], [ -104.40503966692863, 19.10086066791343 ], [ -104.40503966802936, 19.100888977348522 ], [ -104.405231214152437, 19.101055541044847 ], [ -104.405505735794051, 19.101007499433411 ], [ -104.405587638857057, 19.100923039453491 ], [ -104.405556009963774, 19.10078071305286 ], [ -104.405814182443848, 19.100589165177919 ], [ -104.406255572009457, 19.100464244401032 ], [ -104.406338852920811, 19.10053086986397 ], [ -104.40629721329141, 19.100764056694779 ], [ -104.40626509006988, 19.100836629853593 ], [ -104.406256761726752, 19.101028177174502 ], [ -104.406345340432992, 19.101116756882405 ], [ -104.406411120228299, 19.101084979665824 ], [ -104.406443318806708, 19.101191619726819 ], [ -104.406448306642574, 19.10119473758823 ], [ -104.40651493326294, 19.101194738128303 ], [ -104.406648182693388, 19.101194739180617 ], [ -104.406848059166649, 19.101128112617701 ], [ -104.406873040915841, 19.101061488326959 ], [ -104.406981307839473, 19.100953224046521 ], [ -104.407056260184362, 19.100903255111874 ], [ -104.407272792412058, 19.100836628537031 ], [ -104.407414368835347, 19.100803317059434 ], [ -104.407472667095647, 19.100886597684301 ], [ -104.407439353528659, 19.101269692103024 ], [ -104.407389386371008, 19.101419596591178 ], [ -104.407306103679957, 19.10155284813419 ], [ -104.407081244633019, 19.101802690903529 ], [ -104.406947725610166, 19.101877795204334 ], [ -104.406698180026567, 19.102082180371621 ], [ -104.406309979919911, 19.101920910139349 ], [ -104.406175820478296, 19.102090510338929 ], [ -104.406345920127663, 19.10210640018094 ], [ -104.406510029674109, 19.102153399573272 ], [ -104.406421339775306, 19.102309889838178 ], [ -104.406388562192603, 19.102312050363906 ], [ -104.406281746235862, 19.102427300219883 ], [ -104.406265090355376, 19.102510579593964 ], [ -104.406315058251167, 19.102752095503405 ], [ -104.40658155821049, 19.103118532994213 ], [ -104.406756448345433, 19.103243453745392 ], [ -104.406881370253018, 19.103276766545701 ], [ -104.406931338683378, 19.103285096033051 ], [ -104.406989636323132, 19.103201813315795 ], [ -104.407114557030084, 19.103126860568121 ], [ -104.407289447560828, 19.103076892716864 ], [ -104.407414368671013, 19.103043578849253 ], [ -104.407547618758642, 19.103085220067836 ], [ -104.407968274318975, 19.10326049370271 ], [ -104.408005910317243, 19.103216399657729 ], [ -104.4081666200927, 19.103272080161169 ], [ -104.40813034061253, 19.103328020250554 ], [ -104.408247180891095, 19.103376703565537 ], [ -104.408330462298721, 19.103701500052395 ], [ -104.408541806047495, 19.103906240269939 ], [ -104.408780630005211, 19.104096600447249 ], [ -104.408767468902653, 19.10410353790077 ], [ -104.408863460934057, 19.104184531717177 ], [ -104.408971727348316, 19.104234499986614 ], [ -104.409329833939225, 19.104276141272194 ], [ -104.409438101774128, 19.104242828978713 ], [ -104.40952138105736, 19.104192859695043 ], [ -104.409759484512122, 19.104030517739123 ], [ -104.409707620129069, 19.103875820175222 ], [ -104.409816540200637, 19.103380450064883 ], [ -104.409953259760044, 19.103371749753016 ], [ -104.410138909955236, 19.103420779801411 ], [ -104.409930599971403, 19.103638599681787 ], [ -104.409980800447798, 19.103767780422835 ], [ -104.410005910355054, 19.103866171113598 ], [ -104.410237599859428, 19.103859734093284 ], [ -104.410462458905258, 19.103876391195303 ], [ -104.41059570800212, 19.10393468729502 ], [ -104.410620692943127, 19.104134561977382 ], [ -104.410629020551553, 19.104234500671666 ], [ -104.410629021869738, 19.104275527542097 ], [ -104.410647940149985, 19.104301520344297 ], [ -104.410648429968319, 19.104548690214408 ], [ -104.41054647317992, 19.104567036700153 ], [ -104.410545740347743, 19.104567624493363 ], [ -104.41039583258889, 19.104767498602669 ], [ -104.410370851374424, 19.104825795938698 ], [ -104.410370849082014, 19.104959045156924 ], [ -104.410370849364639, 19.10502566975142 ], [ -104.410512428051675, 19.10509229484143 ], [ -104.410587379847414, 19.105017342189559 ], [ -104.410762270641797, 19.104967373834786 ], [ -104.410795584370234, 19.105025670823437 ], [ -104.410787254996961, 19.105092296293762 ], [ -104.410753942665494, 19.105233873116127 ], [ -104.410728958767336, 19.105308826292454 ], [ -104.410670662250709, 19.105433748125492 ], [ -104.410529083334453, 19.105492044571292 ], [ -104.41044580248159, 19.105600311300556 ], [ -104.41046344395177, 19.105753204351579 ], [ -104.410500963762601, 19.105880212899667 ], [ -104.41055406824897, 19.105991731564306 ], [ -104.410654005966549, 19.10613330968771 ], [ -104.410795581973844, 19.106241575783262 ], [ -104.411028770038968, 19.106399808584481 ], [ -104.411137036212239, 19.106449779102491 ], [ -104.411320255343654, 19.106449778170589 ], [ -104.411620068072509, 19.106366496873491 ], [ -104.412086440426251, 19.10614163769112 ], [ -104.412175248858475, 19.1060966997779 ], [ -104.41226945972295, 19.105963059889884 ], [ -104.412466969722388, 19.105862019725549 ], [ -104.412659259577225, 19.105847279776508 ], [ -104.412809569991239, 19.105725939775738 ], [ -104.412895449985001, 19.105624380090866 ], [ -104.413047400363268, 19.105559969882457 ], [ -104.413217880269684, 19.105485459722541 ], [ -104.41343784974373, 19.105488459779391 ], [ -104.413480276992232, 19.105529858705175 ], [ -104.414239854089459, 19.105557479963348 ], [ -104.414326648914525, 19.105609918563768 ], [ -104.414442950382124, 19.105589849893139 ], [ -104.414555539951692, 19.105738139567425 ], [ -104.414550900513518, 19.105745404913765 ], [ -104.414639603611377, 19.105798995772933 ], [ -104.414706227410463, 19.105907262220903 ], [ -104.414906102382915, 19.105982214632736 ], [ -104.41512263361723, 19.106007199259107 ], [ -104.415405789321724, 19.106023854210321 ], [ -104.41581386759141, 19.10596555741521 ], [ -104.416072037043321, 19.105923917642873 ], [ -104.416271914111007, 19.105865620594624 ], [ -104.416488444471057, 19.105774011380063 ], [ -104.417104722694063, 19.105515838774906 ], [ -104.417379551740808, 19.10544921437468 ], [ -104.417529457739462, 19.105340950349632 ], [ -104.417770973136783, 19.10515773104564 ], [ -104.417995832547959, 19.104857918457039 ], [ -104.418070784349212, 19.104624731021914 ], [ -104.418070785390029, 19.104383216080116 ], [ -104.41808744158611, 19.103958482490807 ], [ -104.418437220810631, 19.103400498701408 ], [ -104.418753692310318, 19.102934123875659 ], [ -104.418871062190973, 19.102927604323334 ], [ -104.418983140323789, 19.102858170010453 ], [ -104.419034324290763, 19.10284362472764 ], [ -104.419103471547075, 19.102767561767706 ], [ -104.419286689671935, 19.102534375386195 ], [ -104.419311672917416, 19.102442765310276 ], [ -104.419611486405159, 19.101968063978155 ], [ -104.419761393768937, 19.101759860555358 ], [ -104.41977804921909, 19.101576642135814 ], [ -104.419578172868611, 19.101485031961381 ], [ -104.419578173801995, 19.101418407562743 ], [ -104.419828016651664, 19.10105197054272 ], [ -104.419969596355457, 19.100868751909704 ], [ -104.42046928194469, 19.100968688851324 ], [ -104.420539250451228, 19.100936669741586 ], [ -104.420530260089677, 19.100906970086324 ], [ -104.420733050233181, 19.100809550327121 ], [ -104.420924260357523, 19.100759399911176 ], [ -104.420924404121436, 19.100760412992429 ], [ -104.420960641060333, 19.100743829798184 ], [ -104.421418686982136, 19.100760487002361 ], [ -104.421735156074305, 19.100777143980949 ], [ -104.421901718445554, 19.100818782941381 ], [ -104.422101592283497, 19.100902064006029 ], [ -104.422409732890728, 19.10088540796928 ], [ -104.422909417670112, 19.10069386322375 ], [ -104.423075981935213, 19.10061057997838 ], [ -104.423184248025564, 19.100543955690409 ], [ -104.423175919210166, 19.100493986716003 ], [ -104.423050997965447, 19.100352409597001 ], [ -104.423034340067971, 19.100219158603601 ], [ -104.423034339804914, 19.100069254375036 ], [ -104.423184246553959, 19.099861049737086 ], [ -104.423212813482536, 19.099601356367778 ], [ -104.423163050274908, 19.099558939724407 ], [ -104.423146450104838, 19.099544779904978 ], [ -104.423155879697759, 19.099356490157898 ], [ -104.423178520261885, 19.09919227962699 ], [ -104.423262907463183, 19.099145964443561 ], [ -104.423275856029647, 19.099028239697535 ], [ -104.423300840848668, 19.098803380867071 ], [ -104.423409106574198, 19.098053850242994 ], [ -104.423583995613413, 19.09751252233433 ], [ -104.423658949369994, 19.097562491317667 ], [ -104.423667277891482, 19.097712397159757 ], [ -104.423833840284701, 19.097903944850497 ], [ -104.424058699363442, 19.097945584733854 ], [ -104.424450120577916, 19.097920600781851 ], [ -104.424566715165398, 19.097779022147911 ], [ -104.424683308831789, 19.097679084210991 ], [ -104.424824884755893, 19.097629117138887 ], [ -104.424933150704504, 19.097637443689337 ], [ -104.425041414725271, 19.097679084970103 ], [ -104.425158011039059, 19.097770694825915 ], [ -104.425257947239672, 19.097770695025833 ], [ -104.425524447424735, 19.097670755664012 ], [ -104.425815931040944, 19.097495866160305 ], [ -104.425907541413991, 19.097370945330034 ], [ -104.426132399288207, 19.096896243178353 ], [ -104.426248994369445, 19.096429867319515 ], [ -104.426532148345487, 19.096030117588171 ], [ -104.426740350870176, 19.095838571904821 ], [ -104.426998521944185, 19.095796931676627 ], [ -104.427140099828009, 19.095746962469963 ], [ -104.427331647923907, 19.095605384300438 ], [ -104.427423257385158, 19.095438822156279 ], [ -104.427373287036531, 19.095197307627959 ], [ -104.427339977061536, 19.095005759763296 ], [ -104.427348302885335, 19.094930808164165 ], [ -104.427664772713243, 19.094639323367915 ], [ -104.427889630941166, 19.094522729879213 ], [ -104.427981239971501, 19.094431121046561 ], [ -104.428039538216083, 19.094272886436496 ], [ -104.428039537208079, 19.094172949752537 ], [ -104.427767761767583, 19.09336997774956 ], [ -104.427753820437317, 19.093364450417479 ], [ -104.427626890042717, 19.093270199672052 ], [ -104.42761253981547, 19.093134480212704 ], [ -104.427653880369931, 19.093067469207533 ], [ -104.427539850696419, 19.092932059581223 ], [ -104.42739827388408, 19.092848779708834 ], [ -104.427290007222012, 19.092740513095183 ], [ -104.427256694034241, 19.092640576414372 ], [ -104.427331647617095, 19.092440702033286 ], [ -104.427489881992358, 19.092115904762355 ], [ -104.427656442940275, 19.091882717976542 ], [ -104.427823006021029, 19.09179943561923 ], [ -104.42807285097733, 19.091874389075503 ], [ -104.428256067347348, 19.091974327278947 ], [ -104.428387056927178, 19.092063400674139 ], [ -104.428410459817073, 19.09205677041993 ], [ -104.428549019691673, 19.092133829836712 ], [ -104.428455539815843, 19.09224295045113 ], [ -104.428349519872299, 19.092318289854791 ], [ -104.428207629954898, 19.092388550009481 ], [ -104.42802793958657, 19.092346139867086 ], [ -104.428150110204925, 19.092508430147095 ], [ -104.428021149874525, 19.09263512042514 ], [ -104.428123629802627, 19.092695770412192 ], [ -104.42816778024617, 19.092831000102926 ], [ -104.427925940206777, 19.092982169947586 ], [ -104.427817620282966, 19.092927280356754 ], [ -104.427808509808401, 19.093086020054692 ], [ -104.427649629528943, 19.093207519639169 ], [ -104.427692830332091, 19.093238340106485 ], [ -104.427758370463422, 19.093285079718232 ], [ -104.427798320006545, 19.093243539857504 ], [ -104.427882060235234, 19.093156479879724 ], [ -104.427942149558092, 19.093097450389205 ], [ -104.428030140226141, 19.093020089863732 ], [ -104.428108650339979, 19.092938429987765 ], [ -104.428230720199295, 19.092927540376287 ], [ -104.428302050190851, 19.092971059779437 ], [ -104.428367630314909, 19.092956600327796 ], [ -104.428381230341543, 19.09284845043015 ], [ -104.428375419836044, 19.092785999852453 ], [ -104.428303370248955, 19.09270228993898 ], [ -104.428340030201838, 19.09264811022004 ], [ -104.428406250218174, 19.092669369849389 ], [ -104.428414709596836, 19.092615650441406 ], [ -104.428469620378578, 19.09252989033946 ], [ -104.428583249961335, 19.092572740373203 ], [ -104.428556310416212, 19.092644630163168 ], [ -104.428595199999705, 19.092715460129742 ], [ -104.428520119544487, 19.092725619813152 ], [ -104.42853583009051, 19.092814690386302 ], [ -104.428682459527906, 19.092861460085636 ], [ -104.428756820420091, 19.092811119722555 ], [ -104.428793079726432, 19.092734619761242 ], [ -104.428819539634063, 19.092635920214136 ], [ -104.428885119525916, 19.092621459637826 ], [ -104.428951980196047, 19.092678459849694 ], [ -104.428951069469122, 19.092680498932687 ], [ -104.429130519614802, 19.092615592336156 ], [ -104.429555254082572, 19.092432373165835 ], [ -104.42954204843106, 19.092382851301664 ], [ -104.429501149920526, 19.092352489774864 ], [ -104.429531372868681, 19.092342819303628 ], [ -104.429521941865602, 19.092307451954586 ], [ -104.429521941306376, 19.092040951696841 ], [ -104.429655191789251, 19.091924358467473 ], [ -104.42978011315931, 19.091916031220137 ], [ -104.429846738362315, 19.091990983703166 ], [ -104.429921690706578, 19.092232498071397 ], [ -104.429926084590889, 19.092286686211342 ], [ -104.429937460456472, 19.092291859741565 ], [ -104.42997634972042, 19.092362690242478 ], [ -104.43004840017133, 19.092446400227779 ], [ -104.430036830150158, 19.092589519600004 ], [ -104.429946674364913, 19.092607228870467 ], [ -104.429946674147317, 19.092765498556506 ], [ -104.429971660356131, 19.092940388101692 ], [ -104.430146550576026, 19.092990357777204 ], [ -104.430238160415726, 19.09296537327825 ], [ -104.430329768673658, 19.09292373325815 ], [ -104.430363081586208, 19.092823794386611 ], [ -104.430358747973699, 19.092750122821716 ], [ -104.430344750428901, 19.092723379642038 ], [ -104.430356604222141, 19.092713671626935 ], [ -104.430354752459976, 19.092682215635968 ], [ -104.430354752889954, 19.09261559187583 ], [ -104.430596267700182, 19.092340763602099 ], [ -104.430729517343153, 19.092399060974756 ], [ -104.430726290603744, 19.092489441877465 ], [ -104.430762379660493, 19.092513060059218 ], [ -104.430742350118265, 19.092632740180854 ], [ -104.430720402762901, 19.092645124413213 ], [ -104.430696204576066, 19.093040324995172 ], [ -104.43067122105974, 19.093190232110299 ], [ -104.430712860808967, 19.093265184781057 ], [ -104.430821125673248, 19.093440074717343 ], [ -104.430912735694747, 19.093531683752467 ], [ -104.431062643968687, 19.093598310155617 ], [ -104.431129266136622, 19.09353168506134 ], [ -104.431237532931803, 19.093348465074687 ], [ -104.431470719999325, 19.093156920044404 ], [ -104.43161229710951, 19.093131935424374 ], [ -104.431678921849283, 19.093223544553943 ], [ -104.431653939142777, 19.093306826238088 ], [ -104.431778859780664, 19.093581653605813 ], [ -104.431920922878476, 19.09371779574478 ], [ -104.431951910344182, 19.093715509966842 ], [ -104.431982886136453, 19.093775594675702 ], [ -104.432195265931369, 19.093898121247424 ], [ -104.4323179062512, 19.094107633894115 ], [ -104.432354970239501, 19.094088770256157 ], [ -104.432463599681554, 19.094161170450477 ], [ -104.432421680144515, 19.094273050186938 ], [ -104.432355920128302, 19.094396741695626 ], [ -104.43242012533355, 19.094589353619217 ], [ -104.432536720325544, 19.094672636966571 ], [ -104.432744921171562, 19.094755917534549 ], [ -104.432844858994983, 19.094780901381597 ], [ -104.433103029244094, 19.094747589347666 ], [ -104.433294575637049, 19.094655979337162 ], [ -104.433461138778071, 19.094564369951865 ], [ -104.433463385114848, 19.094554636405682 ], [ -104.433469510469052, 19.094415740008166 ], [ -104.433449050300254, 19.094191919744681 ], [ -104.433305080233794, 19.09412125969444 ], [ -104.433334509730088, 19.093937837836059 ], [ -104.433319560512587, 19.093848152961911 ], [ -104.43340284091704, 19.093681591330942 ], [ -104.433527764569774, 19.093648277679488 ], [ -104.43366934184553, 19.093623292925169 ], [ -104.433769278374058, 19.093714901811236 ], [ -104.433844233202308, 19.093814841116373 ], [ -104.433910856958249, 19.093914777141087 ], [ -104.433944169853859, 19.094048027260339 ], [ -104.433977481042746, 19.094206260708539 ], [ -104.433932766481547, 19.094278924853249 ], [ -104.433941050320811, 19.094387280373372 ], [ -104.433761361728941, 19.094503738422606 ], [ -104.433702655438353, 19.094705947766197 ], [ -104.433752623849315, 19.094805884571329 ], [ -104.433885872545474, 19.095039073437984 ], [ -104.434002467832457, 19.095122353902504 ], [ -104.434135715610736, 19.095130681930659 ], [ -104.434185684150293, 19.095055730006475 ], [ -104.434177356779003, 19.094930808337448 ], [ -104.434177357705138, 19.094805884540751 ], [ -104.434293951348437, 19.094805885281676 ], [ -104.434326409959866, 19.094869221898332 ], [ -104.434413309767166, 19.094878120080747 ], [ -104.434364694883286, 19.094943922645403 ], [ -104.434635401660174, 19.095472134501922 ], [ -104.434743669463884, 19.095721977591516 ], [ -104.434629633049497, 19.09619237670994 ], [ -104.434654219660359, 19.096299649600002 ], [ -104.434613077553593, 19.096320816049879 ], [ -104.434627074821307, 19.09657977503031 ], [ -104.434677044929018, 19.096796304414671 ], [ -104.434743667769013, 19.096962868242141 ], [ -104.434860261939065, 19.097087789063867 ], [ -104.435193385804482, 19.097387601770517 ], [ -104.43656752519243, 19.098312021133193 ], [ -104.437042227749572, 19.098536881184408 ], [ -104.437188688590993, 19.098667028079781 ], [ -104.437192133209805, 19.098670130003097 ], [ -104.437350368996405, 19.098695114798392 ], [ -104.437466962882766, 19.098686787137332 ], [ -104.437700147722822, 19.09867012978026 ], [ -104.438016616643083, 19.098611833015745 ], [ -104.438299772737608, 19.098495241337247 ], [ -104.438474664565589, 19.098395303069324 ], [ -104.43880778924931, 19.097937256117074 ], [ -104.439115927902947, 19.096862929934403 ], [ -104.439271997806699, 19.096661682391975 ], [ -104.439185170214202, 19.096624579637041 ], [ -104.439244200054148, 19.096573829575828 ], [ -104.439323160433702, 19.096595707353831 ], [ -104.439432396924559, 19.096454852111357 ], [ -104.43949069262348, 19.096363243897152 ], [ -104.439565645575485, 19.096080088035908 ], [ -104.439607287470423, 19.09589686814628 ], [ -104.439615614542504, 19.095788602713235 ], [ -104.439623943871851, 19.095005759966845 ], [ -104.439598958948011, 19.094805886219721 ], [ -104.439482365277811, 19.094581027041141 ], [ -104.439296367729881, 19.094258264535242 ], [ -104.439163510426297, 19.094173109893145 ], [ -104.439131297032617, 19.094010644236338 ], [ -104.438741161607354, 19.093556667907347 ], [ -104.438599586009929, 19.093481715232837 ], [ -104.438424693682308, 19.093206887733402 ], [ -104.438391383270456, 19.093098621897944 ], [ -104.438416367181745, 19.092907074609951 ], [ -104.438474664191176, 19.092748841510467 ], [ -104.438557946376591, 19.092682215557797 ], [ -104.438416468181444, 19.092502649878423 ], [ -104.438247750270349, 19.092397860022622 ], [ -104.438042879556818, 19.092251770122086 ], [ -104.437928369719657, 19.092132680135119 ], [ -104.437768819912989, 19.092007200346718 ], [ -104.437849540340679, 19.091913420194366 ], [ -104.437690879994264, 19.091837720337999 ], [ -104.437662820228212, 19.09194489008156 ], [ -104.437657110128043, 19.092044580137365 ], [ -104.43756014006614, 19.092067490042506 ], [ -104.437557720022895, 19.091932349605194 ], [ -104.437406800062575, 19.091870769573379 ], [ -104.437426339935939, 19.0917068201618 ], [ -104.437259420175096, 19.091588570279175 ], [ -104.437199749573736, 19.091603769623426 ], [ -104.437218959227579, 19.091518122124626 ], [ -104.437168714439153, 19.091467876943955 ], [ -104.437184280006079, 19.091575550002535 ], [ -104.43699362021782, 19.091386549832723 ], [ -104.437126889972205, 19.091299029718645 ], [ -104.437029149811238, 19.09127925961166 ], [ -104.436864319546572, 19.091278820210029 ], [ -104.436860509537581, 19.091065450286315 ], [ -104.436918259711462, 19.090943569563432 ], [ -104.436976509956168, 19.090850150291079 ], [ -104.43696762962287, 19.090772029938332 ], [ -104.436841219991535, 19.090823879973005 ], [ -104.436839429803015, 19.090724310364905 ], [ -104.43672010988081, 19.090754690217128 ], [ -104.436751090213733, 19.090811109804218 ], [ -104.436661599648176, 19.090833890132217 ], [ -104.436659980443622, 19.090813660356559 ], [ -104.436651950385823, 19.090713110045719 ], [ -104.436553709886198, 19.090664889981614 ], [ -104.436555376834391, 19.090661243564345 ], [ -104.436525886026899, 19.090608516298985 ], [ -104.436550870171828, 19.090491923095026 ], [ -104.436642477639552, 19.090075517221265 ], [ -104.436684119319182, 19.089950595378788 ], [ -104.436958947404364, 19.089759049110516 ], [ -104.437142163883991, 19.089634127884672 ], [ -104.437242102279583, 19.089584159137388 ], [ -104.43765017865158, 19.089392612590551 ], [ -104.437800084911686, 19.089350971652554 ], [ -104.437908351371775, 19.089342644141688 ], [ -104.43815819452486, 19.089384284339154 ], [ -104.438433022456508, 19.08941759649932 ], [ -104.438481639467028, 19.089327308901769 ], [ -104.438439829651273, 19.089322179655376 ], [ -104.438457010175171, 19.089280553188942 ], [ -104.438233147943393, 19.089092800189981 ], [ -104.437941665110529, 19.088826300130179 ], [ -104.437895264634776, 19.088748414147958 ], [ -104.437822279615901, 19.088720339839373 ], [ -104.437856705331697, 19.08868369008152 ], [ -104.43770847578385, 19.08843487851772 ], [ -104.437608540946357, 19.088359924613581 ], [ -104.437590900918295, 19.08835150607279 ], [ -104.437567679728218, 19.088351880417822 ], [ -104.437565230302496, 19.088339255437589 ], [ -104.437242101997242, 19.088185034820636 ], [ -104.437108852929114, 19.08816838021896 ], [ -104.437058884415592, 19.088035129092074 ], [ -104.43719213478613, 19.087843582113525 ], [ -104.437367022865374, 19.087668693364847 ], [ -104.437508601605657, 19.087635380978966 ], [ -104.437708477747435, 19.087443833030719 ], [ -104.4379583221356, 19.087135693853988 ], [ -104.437991633210629, 19.087019100346609 ], [ -104.437850054848994, 19.086877520760048 ], [ -104.43763352379851, 19.086802569191725 ], [ -104.437532134539168, 19.086734975682841 ], [ -104.437463340090375, 19.086718319694345 ], [ -104.437480498331226, 19.086692235106884 ], [ -104.437458633447648, 19.086619351142559 ], [ -104.437625194724177, 19.086361178715915 ], [ -104.438124884245354, 19.085661617024698 ], [ -104.438158195417344, 19.08556167903749 ], [ -104.438008289848156, 19.085503382625276 ], [ -104.437859963965096, 19.085495966794184 ], [ -104.437766629890987, 19.085610710452755 ], [ -104.437590979741145, 19.085637449731561 ], [ -104.437475600462008, 19.085750820356509 ], [ -104.437068739856571, 19.085510479782158 ], [ -104.437079110241569, 19.085621820136673 ], [ -104.437370149648999, 19.085951660432325 ], [ -104.437008219529886, 19.086347799852458 ], [ -104.43641575019636, 19.086046720298199 ], [ -104.436521489491113, 19.085927192936598 ], [ -104.43651755652219, 19.085911459778597 ], [ -104.436842353448952, 19.085428430329245 ], [ -104.436958946767618, 19.08532849316034 ], [ -104.437017243576989, 19.085320163821425 ], [ -104.437219805277692, 19.085326805602715 ], [ -104.437249630269363, 19.08530842019001 ], [ -104.437459660399426, 19.085328919765949 ], [ -104.437464602109188, 19.085334831598114 ], [ -104.437525258433482, 19.08533682054048 ], [ -104.437725132267417, 19.085120290070634 ], [ -104.437825071703983, 19.08495372829152 ], [ -104.437949991165979, 19.084895430051784 ], [ -104.438058256897321, 19.08491208725923 ], [ -104.438149867400156, 19.085012024030448 ], [ -104.438168891342556, 19.085057202613488 ], [ -104.438277349955484, 19.085092680318446 ], [ -104.43835095030731, 19.084987939926293 ], [ -104.438314719655978, 19.08483720001087 ], [ -104.438052520174395, 19.084713979794209 ], [ -104.437740170127768, 19.084599550411355 ], [ -104.437745419677228, 19.084424250331004 ], [ -104.437920629604307, 19.084373620117784 ], [ -104.438026489574696, 19.084196680334326 ], [ -104.438015979810132, 19.084077369880397 ], [ -104.437829820201358, 19.08398479988249 ], [ -104.437599740354059, 19.083781419992743 ], [ -104.437430059530215, 19.08367264982337 ], [ -104.437527969754797, 19.083519719652564 ], [ -104.437739139955212, 19.083603920403757 ], [ -104.437887490382494, 19.083458150125509 ], [ -104.438166030385034, 19.083557200255321 ], [ -104.4384202599568, 19.083704429561887 ], [ -104.438766290088509, 19.083826280010371 ], [ -104.438761749739669, 19.084041419781691 ], [ -104.438442579894812, 19.084014710248283 ], [ -104.43791990979139, 19.083863859917432 ], [ -104.438014690413738, 19.084005689853619 ], [ -104.438056770694615, 19.084030990844862 ], [ -104.438191509149803, 19.084045962824781 ], [ -104.43830810157327, 19.08412924421474 ], [ -104.438333084605588, 19.084229181740827 ], [ -104.43839138162069, 19.084387416053008 ], [ -104.438566274020673, 19.08447069682164 ], [ -104.438907724554682, 19.084578962992502 ], [ -104.43927416274677, 19.084670571151033 ], [ -104.439465708792866, 19.084695556017305 ], [ -104.43984047498823, 19.084662243497782 ], [ -104.440223566166324, 19.084379086653541 ], [ -104.440731580777765, 19.084170883667134 ], [ -104.44092312928781, 19.08407927566638 ], [ -104.441014737812026, 19.083871072538901 ], [ -104.44104866923216, 19.083886109938188 ], [ -104.441055510034076, 19.083872080239303 ], [ -104.44119993968846, 19.083694489617606 ], [ -104.440904629905404, 19.08369050990542 ], [ -104.440809109564086, 19.083508050000393 ], [ -104.44092681982535, 19.083383480241142 ], [ -104.441298259992536, 19.083517659668793 ], [ -104.441480679656948, 19.083400800034262 ], [ -104.441717979662627, 19.083256750031396 ], [ -104.441987799902051, 19.083383820247523 ], [ -104.442155860371315, 19.083495019985158 ], [ -104.442041620152722, 19.083812309909185 ], [ -104.441693169583516, 19.083931849854533 ], [ -104.441492120011446, 19.084040249831407 ], [ -104.441586880131652, 19.08417890955737 ], [ -104.441831260250297, 19.084274779663666 ], [ -104.441858049594188, 19.08435228043156 ], [ -104.441992629567224, 19.084509369992709 ], [ -104.441997519720942, 19.084782339579288 ], [ -104.441940909548393, 19.084965290121879 ], [ -104.441945579767903, 19.085226889627457 ], [ -104.441803509956088, 19.08532019982524 ], [ -104.441866860247643, 19.085512600381481 ], [ -104.441894480123651, 19.085716939606993 ], [ -104.441813710387237, 19.085888890399925 ], [ -104.441830749764264, 19.086173050261131 ], [ -104.441930029564659, 19.08636485033778 ], [ -104.44218398021404, 19.086497260000087 ], [ -104.442371919899969, 19.086289429567781 ], [ -104.44261184962518, 19.08630831021064 ], [ -104.442700170444724, 19.08655716994571 ], [ -104.442694249922766, 19.086577150295412 ], [ -104.44266627970984, 19.086671490422368 ], [ -104.442414169754827, 19.086641449560553 ], [ -104.442417829586674, 19.086846169703591 ], [ -104.442541260119256, 19.087048949607475 ], [ -104.442556510016857, 19.087230739965101 ], [ -104.442580520298705, 19.087270219779629 ], [ -104.442679939555887, 19.08743353980314 ], [ -104.44297911986925, 19.08741730995785 ], [ -104.443255800235846, 19.087481089734084 ], [ -104.443335480171314, 19.0875332199399 ], [ -104.443481490052307, 19.087628740182844 ], [ -104.443849800258889, 19.087606490320827 ], [ -104.444102449634968, 19.08769721979289 ], [ -104.444251680391403, 19.087890250112007 ], [ -104.44414241981886, 19.088014169932372 ], [ -104.444153769751438, 19.088168709875646 ], [ -104.444060350234324, 19.088219080254955 ], [ -104.443946860802114, 19.088149848201887 ], [ -104.443937905374085, 19.088176708274535 ], [ -104.44400453239075, 19.088401565730209 ], [ -104.444254372961055, 19.089026175844271 ], [ -104.444312671433266, 19.089267689756863 ], [ -104.444387624462081, 19.089442580153559 ], [ -104.444495889660899, 19.089650783273449 ], [ -104.444554186415303, 19.089692424605893 ], [ -104.444654124657831, 19.089592486359678 ], [ -104.4447457332612, 19.089609142593009 ], [ -104.444895639184949, 19.089650782698147 ], [ -104.444970593089167, 19.08972573653023 ], [ -104.444953936166442, 19.089825672952546 ], [ -104.444862326001143, 19.089958923230366 ], [ -104.444729076473024, 19.089992236230806 ], [ -104.444804031139839, 19.090175454295714 ], [ -104.44482046308687, 19.09020928421123 ], [ -104.44490190990868, 19.090219399585752 ], [ -104.444962979876493, 19.090465970053931 ], [ -104.44502407959213, 19.090712540093204 ], [ -104.444914060322304, 19.090897309868442 ], [ -104.444827280010585, 19.091113980423565 ], [ -104.44504525042916, 19.091261140307086 ], [ -104.445344380023116, 19.091111749722849 ], [ -104.445564050150594, 19.091266950001707 ], [ -104.445659909600735, 19.091305450359819 ], [ -104.445923569529256, 19.091411310119486 ], [ -104.446064520120871, 19.091333479753199 ], [ -104.446141420262109, 19.091291029692183 ], [ -104.446490770018684, 19.091061580236889 ], [ -104.446567079741584, 19.090936019732634 ], [ -104.446458569960768, 19.090726420429888 ], [ -104.44658878047855, 19.090687000394304 ], [ -104.446731180231794, 19.090597659759538 ], [ -104.446634450446652, 19.090313259643011 ], [ -104.446737139796227, 19.090199710352156 ], [ -104.447169259940182, 19.090205119716856 ], [ -104.447330770269204, 19.090451170274161 ], [ -104.447159942010344, 19.09047020048844 ], [ -104.447160887396848, 19.090491923860768 ], [ -104.447094262217391, 19.090541891453469 ], [ -104.447035963196853, 19.090666813087431 ], [ -104.44721085541174, 19.090866687553408 ], [ -104.447327448122394, 19.090924985054411 ], [ -104.447510506947054, 19.090859271571194 ], [ -104.447533999625577, 19.090833290329904 ], [ -104.44757487044393, 19.090836166958837 ], [ -104.447652244812446, 19.090808391139738 ], [ -104.447885432807496, 19.090725110476125 ], [ -104.447985368990317, 19.090700124997088 ], [ -104.448101962887492, 19.090750094130531 ], [ -104.448151931970116, 19.090841703512744 ], [ -104.448168587707912, 19.090949969203415 ], [ -104.448154402861377, 19.090959088746722 ], [ -104.448251350005108, 19.091048259980667 ], [ -104.448075949624339, 19.091122889777612 ], [ -104.447990291672284, 19.091092501513291 ], [ -104.447702212604668, 19.091408014855208 ], [ -104.447635587635006, 19.091524610154178 ], [ -104.447460696598895, 19.09164953082151 ], [ -104.447294135498581, 19.09175779652222 ], [ -104.447077604303587, 19.091782779984719 ], [ -104.446819432769786, 19.091774451866463 ], [ -104.446636214859254, 19.091749467669448 ], [ -104.44625312159782, 19.091774452191014 ], [ -104.44565349788634, 19.091816093014227 ], [ -104.445611858109757, 19.091899375335178 ], [ -104.445703465343854, 19.092265811167319 ], [ -104.445903341578756, 19.09290707575656 ], [ -104.445986621541508, 19.093156918728901 ], [ -104.446086559142486, 19.093365122715618 ], [ -104.446203152718908, 19.093515028521235 ], [ -104.446344731198494, 19.093673262638941 ], [ -104.446469651702373, 19.093764871114804 ], [ -104.446644543443043, 19.093889793482845 ], [ -104.446694510595805, 19.093864807681797 ], [ -104.447085933706063, 19.093956418861001 ], [ -104.447535649808628, 19.094347839655743 ], [ -104.44796871424758, 19.094655980020001 ], [ -104.448268523834614, 19.094556043265623 ], [ -104.448368462254535, 19.094364494602289 ], [ -104.448801524610062, 19.093998059073712 ], [ -104.448976414613242, 19.093881466124657 ], [ -104.449059695483584, 19.093881465476638 ], [ -104.449142977306309, 19.093881464767286 ], [ -104.449234586698879, 19.093939762710825 ], [ -104.449526071428735, 19.094206261234671 ], [ -104.449467773889893, 19.094489417598748 ], [ -104.449351179806186, 19.09458935471849 ], [ -104.449326310063128, 19.094587972326806 ], [ -104.449352520305794, 19.094671020211095 ], [ -104.449285180188042, 19.094864229609193 ], [ -104.449003260129999, 19.094936049564879 ], [ -104.448709849749804, 19.094931199687363 ], [ -104.448651940033287, 19.095085829653375 ], [ -104.448626599780496, 19.095364819683233 ], [ -104.448589429911934, 19.095547919733839 ], [ -104.448675489542111, 19.09583471020364 ], [ -104.448599950397465, 19.096133719809004 ], [ -104.448429940239166, 19.096242140186575 ], [ -104.448387140154495, 19.096675089677657 ], [ -104.448403629794882, 19.097030250036219 ], [ -104.448317800096845, 19.097319820159044 ], [ -104.44813820029951, 19.097457219943347 ], [ -104.447905780046739, 19.097470600294475 ], [ -104.447959969843467, 19.097671429832829 ], [ -104.447852450253478, 19.097777889987512 ], [ -104.447877829632191, 19.097960979892498 ], [ -104.447952399935517, 19.098117059894079 ], [ -104.447777480464893, 19.098643309939209 ], [ -104.447814769772535, 19.098753680282982 ], [ -104.447894109993555, 19.09886771968047 ], [ -104.447972919924027, 19.09904943010368 ], [ -104.448481679952138, 19.099740650195443 ], [ -104.448702430021697, 19.099965819793546 ], [ -104.448756145516541, 19.100072066607318 ], [ -104.448793196153431, 19.100119222058201 ], [ -104.448968085916349, 19.10031076923141 ], [ -104.449217929633534, 19.10052730024125 ], [ -104.449367836994185, 19.100652222320608 ], [ -104.44990083441607, 19.100902063722053 ], [ -104.450067399307358, 19.100927048609332 ], [ -104.450183990268755, 19.100877080990966 ], [ -104.450525443930061, 19.100618909469421 ], [ -104.450933520960945, 19.100360738132665 ], [ -104.451108410624741, 19.100352409282557 ], [ -104.451424879372041, 19.100352409932697 ], [ -104.451641410044033, 19.100369064830399 ], [ -104.451782989353546, 19.100427363062373 ], [ -104.451891252847474, 19.100518970571574 ], [ -104.45231598924795, 19.100885408359929 ], [ -104.452449238646139, 19.100868753114234 ], [ -104.45246589396956, 19.101002003284503 ], [ -104.452274346897596, 19.101301814772565 ], [ -104.452057817295696, 19.101276831058168 ], [ -104.451915382206565, 19.10123013018428 ], [ -104.451899380252513, 19.101243690016567 ], [ -104.451770859850654, 19.101317379915439 ], [ -104.451733340087927, 19.101307739764156 ], [ -104.451581489684045, 19.101268750429746 ], [ -104.451251489543893, 19.101087150357063 ], [ -104.450958579577332, 19.100978119562598 ], [ -104.450881550050681, 19.101106080444602 ], [ -104.450771509876759, 19.101203749882266 ], [ -104.450796829710796, 19.101290309948613 ], [ -104.450518710412737, 19.10135291016849 ], [ -104.450396199809134, 19.101491279890215 ], [ -104.450645680280346, 19.101778629667599 ], [ -104.450575379830127, 19.102039260425485 ], [ -104.450845489533393, 19.101953050279484 ], [ -104.451243349605477, 19.102115249983601 ], [ -104.451279250337322, 19.102238060077962 ], [ -104.451122630377853, 19.102226910278468 ], [ -104.450866629805461, 19.102062049588298 ], [ -104.45086892012047, 19.102189549819464 ], [ -104.450684179782741, 19.102320120268157 ], [ -104.450460260276898, 19.102405750139546 ], [ -104.450256089621789, 19.102522950079685 ], [ -104.450023950363715, 19.102679310353857 ], [ -104.450000910234863, 19.102998570058414 ], [ -104.450067179740259, 19.103216149687359 ], [ -104.449980150335463, 19.103445350399642 ], [ -104.449768650222964, 19.103421450078624 ], [ -104.44975190998916, 19.103558380003001 ], [ -104.449831219666279, 19.103777950107965 ], [ -104.450048980085953, 19.103923710313794 ], [ -104.450372719999947, 19.103695779713952 ], [ -104.450972199942896, 19.103505450121013 ], [ -104.451195030199543, 19.103875150120071 ], [ -104.451362279598172, 19.103877629911825 ], [ -104.45152238010462, 19.103940109603098 ], [ -104.451513770067848, 19.104070399577729 ], [ -104.451457110102979, 19.104120770399629 ], [ -104.451381800081549, 19.104049120262882 ], [ -104.451262709615762, 19.103980770253749 ], [ -104.451234049586333, 19.104023000341201 ], [ -104.451183920042894, 19.10409687992637 ], [ -104.451044450352143, 19.10404482007365 ], [ -104.451096749534187, 19.103893140084029 ], [ -104.451056230400269, 19.103819370181704 ], [ -104.450937620123625, 19.103762179680974 ], [ -104.450848230174699, 19.10366291032425 ], [ -104.450666880061164, 19.103707459627422 ], [ -104.450400619892989, 19.103773089896823 ], [ -104.450518889936248, 19.103939749824505 ], [ -104.450585490013097, 19.104181690012865 ], [ -104.450900620255311, 19.104105369620356 ], [ -104.450986679924895, 19.104229579834112 ], [ -104.450933090000021, 19.104253780169326 ], [ -104.45072166000314, 19.104240909865894 ], [ -104.450744919656955, 19.104445259844876 ], [ -104.45085951034352, 19.104394860263557 ], [ -104.451051680337571, 19.104427860301115 ], [ -104.451169289948524, 19.104550029774749 ], [ -104.451249110066911, 19.104507379620209 ], [ -104.451297999946831, 19.104562420254268 ], [ -104.451315340366648, 19.104620249801272 ], [ -104.45130978009378, 19.104646620000651 ], [ -104.451302709665029, 19.104680310017748 ], [ -104.451042319812998, 19.104634829954563 ], [ -104.450834120216498, 19.104561690019622 ], [ -104.45067025034146, 19.104773219589624 ], [ -104.450907739607374, 19.104779710101941 ], [ -104.45104266035186, 19.1048953801929 ], [ -104.45102365957348, 19.104962909833997 ], [ -104.450746510136383, 19.104955949673247 ], [ -104.450789259603098, 19.105297139774791 ], [ -104.450490942104452, 19.105255749502408 ], [ -104.450490941547642, 19.105285032092596 ], [ -104.450532581901982, 19.105376641842504 ], [ -104.451040596405662, 19.105601500952293 ], [ -104.451698518065839, 19.105934625156614 ], [ -104.451748487122558, 19.106009577562737 ], [ -104.451773472323197, 19.1061844686398 ], [ -104.451732137961898, 19.106232691149273 ], [ -104.451698140002591, 19.106433200298365 ], [ -104.451315539527869, 19.10636511966149 ], [ -104.451246320347551, 19.106418600402648 ], [ -104.45118051004053, 19.106469459601996 ], [ -104.450925319593239, 19.10641789016961 ], [ -104.450650749966726, 19.106375920452798 ], [ -104.45066405027373, 19.106570719896819 ], [ -104.450664259569621, 19.107048219669142 ], [ -104.450818420339147, 19.10746358004949 ], [ -104.451131660034122, 19.108024949557148 ], [ -104.451472400430433, 19.108483720367222 ], [ -104.451918020465655, 19.108792220388985 ], [ -104.452511600382465, 19.109172579657905 ], [ -104.452690667836251, 19.109292285845424 ], [ -104.452722876257965, 19.109282526652464 ], [ -104.452956063209072, 19.109349152244761 ], [ -104.45350572008148, 19.109632307697215 ], [ -104.454296889181748, 19.109923791542688 ], [ -104.454488436407033, 19.109898805547093 ], [ -104.454521511820005, 19.109912587232838 ], [ -104.454654970353587, 19.109868279710653 ], [ -104.45463400188315, 19.109959459220409 ], [ -104.454809015678549, 19.110032381838398 ], [ -104.454837579939067, 19.109948630365174 ], [ -104.454924139952581, 19.109994710300935 ], [ -104.45498754006347, 19.110142920349094 ], [ -104.455087079921256, 19.110205680381281 ], [ -104.45515011042464, 19.110245420253364 ], [ -104.455239709689721, 19.110113109891223 ], [ -104.455472749786239, 19.109981569960077 ], [ -104.455615089908747, 19.109792949596027 ], [ -104.455644880411015, 19.109579569588202 ], [ -104.455679547562681, 19.109544124683332 ], [ -104.45570434217268, 19.109449088378145 ], [ -104.455845918677852, 19.109365806907402 ], [ -104.455979168377752, 19.109349152118238 ], [ -104.456149720895709, 19.10938622891652 ], [ -104.456159599745149, 19.109377250103176 ], [ -104.456247650414269, 19.109258079566054 ], [ -104.456412579669134, 19.10919757959584 ], [ -104.456524179962287, 19.1092483197124 ], [ -104.45649705970942, 19.109392520147569 ], [ -104.456367029737962, 19.109430850430286 ], [ -104.456368509993979, 19.10951358035463 ], [ -104.456478370356308, 19.109675779676632 ], [ -104.456352949929581, 19.109705580144563 ], [ -104.456293272167855, 19.109700457583955 ], [ -104.45624566805273, 19.10989880706542 ], [ -104.456278980087788, 19.110015401200705 ], [ -104.456370589543155, 19.110098681829182 ], [ -104.45657318658921, 19.110023204104227 ], [ -104.456583149670479, 19.1100148796857 ], [ -104.456584356723127, 19.110019042118822 ], [ -104.456795323830264, 19.109940447714408 ], [ -104.457086807949509, 19.109748900658026 ], [ -104.457419931916704, 19.109815525790534 ], [ -104.457744729283377, 19.109932119461039 ], [ -104.457861321768618, 19.110073697226486 ], [ -104.457636461952006, 19.110281899759052 ], [ -104.457514443974276, 19.110324965608161 ], [ -104.457484139538508, 19.110362000242144 ], [ -104.457435816050136, 19.11034761974183 ], [ -104.457369962353283, 19.110365181669835 ], [ -104.457253369839009, 19.110356854274833 ], [ -104.457220056650314, 19.110498432165528 ], [ -104.457220056806719, 19.110640009142784 ], [ -104.457378291042744, 19.110839884172172 ], [ -104.457611478445898, 19.111056415027978 ], [ -104.457744729470733, 19.111139695941066 ], [ -104.458061198276354, 19.111231305109737 ], [ -104.458211101975536, 19.111247962373849 ], [ -104.458719118963685, 19.111222977058802 ], [ -104.458894008118364, 19.111139694917124 ], [ -104.458910664497679, 19.111031429911247 ], [ -104.459027258256057, 19.110881524843222 ], [ -104.459260445384245, 19.110798243136664 ], [ -104.459377038072233, 19.110764931024896 ], [ -104.459526943872405, 19.1107399471557 ], [ -104.459559735143458, 19.110739946975251 ], [ -104.459561480260774, 19.110714880310809 ], [ -104.459701260016359, 19.110640020259723 ], [ -104.459588349754867, 19.110574849826733 ], [ -104.459457199566401, 19.110476480083541 ], [ -104.459343289951192, 19.110355480314158 ], [ -104.45937754969998, 19.110299079973309 ], [ -104.45952979970393, 19.110263090431932 ], [ -104.459644320358223, 19.110417580300226 ], [ -104.459903399556808, 19.110435690445961 ], [ -104.459906310431649, 19.110597579733419 ], [ -104.459975199838794, 19.110587249846581 ], [ -104.460033739935255, 19.110578460075651 ], [ -104.460099230018002, 19.110484000225018 ], [ -104.46023589019515, 19.110640650425864 ], [ -104.460314320426889, 19.110748289692985 ], [ -104.460344880131217, 19.110852199646594 ], [ -104.460331558777241, 19.110865570070168 ], [ -104.460551302785845, 19.110931493057048 ], [ -104.460767835247864, 19.111098054903422 ], [ -104.461009348936955, 19.11133124208795 ], [ -104.460926068714215, 19.111406195379146 ], [ -104.460967707291971, 19.11150613288028 ], [ -104.461042662731217, 19.111556100765657 ], [ -104.461192567184554, 19.11157275688516 ], [ -104.461858816779497, 19.111631055188372 ], [ -104.462092004006749, 19.111464492989928 ], [ -104.462194430899686, 19.111382550775751 ], [ -104.462250480176309, 19.111259379607318 ], [ -104.462406490266574, 19.111297060025443 ], [ -104.462414289984949, 19.111207549777109 ], [ -104.462173019967366, 19.111139969894676 ], [ -104.461885020003081, 19.11109103006828 ], [ -104.461895087917767, 19.111002150437706 ], [ -104.461858816620676, 19.11097313342411 ], [ -104.461833831605759, 19.110864868248996 ], [ -104.462042034835818, 19.110781587735968 ], [ -104.462250236790695, 19.110823228142458 ], [ -104.462640564630021, 19.110946107970769 ], [ -104.462731450094196, 19.110862050371978 ], [ -104.462878150208525, 19.110866620237932 ], [ -104.463051370047296, 19.111121350360214 ], [ -104.463236859543827, 19.111243629896016 ], [ -104.4631952795568, 19.111376579770855 ], [ -104.463113159311874, 19.111371905111913 ], [ -104.463024753780999, 19.111381210851853 ], [ -104.462949801233222, 19.111447837227125 ], [ -104.462966456378339, 19.111606070234473 ], [ -104.463024754146247, 19.111722662919508 ], [ -104.463224627514634, 19.11188089917211 ], [ -104.463341221459601, 19.111930867260401 ], [ -104.463457813019332, 19.111922537691431 ], [ -104.463840908426121, 19.111830929416691 ], [ -104.464090751514121, 19.111622725745185 ], [ -104.46408242337597, 19.111514462315942 ], [ -104.464498828076373, 19.111531117208862 ], [ -104.464607093864345, 19.111631054103754 ], [ -104.465256686426869, 19.111647710644522 ], [ -104.4653816090877, 19.111522789556883 ], [ -104.465539843494071, 19.111314585970753 ], [ -104.465689748950723, 19.111098054556155 ], [ -104.465764702919955, 19.110939821009598 ], [ -104.465748046753461, 19.110806572289839 ], [ -104.465631452120931, 19.11078158821508 ], [ -104.465598139488392, 19.110664994100855 ], [ -104.465656435679819, 19.110615024664252 ], [ -104.466056186454267, 19.110515087829736 ], [ -104.466355998673862, 19.110373509950364 ], [ -104.46645117573236, 19.110273572788032 ], [ -104.466612979665285, 19.110035624998911 ], [ -104.466736710716759, 19.109921410949564 ], [ -104.467088873391944, 19.109864304149646 ], [ -104.467193568520884, 19.109892858501716 ], [ -104.467840782793402, 19.110340197850984 ], [ -104.467935959234154, 19.11040682074486 ], [ -104.468250050138465, 19.110768500250135 ], [ -104.468297637867806, 19.110854160752023 ], [ -104.468297636908289, 19.110987410030194 ], [ -104.468192941994303, 19.111063552891476 ], [ -104.468145353228039, 19.111168248990197 ], [ -104.46813664382222, 19.111189625350995 ], [ -104.468145290197569, 19.111288710274341 ], [ -104.468099659587025, 19.111602720381697 ], [ -104.4680961691883, 19.111658304246347 ], [ -104.468145354403077, 19.111710766357017 ], [ -104.468240531163232, 19.111767872791965 ], [ -104.468716423708173, 19.111558480976687 ], [ -104.468982921934668, 19.111758355309213 ], [ -104.46923990476094, 19.11175835593836 ], [ -104.469630135156706, 19.111720285099494 ], [ -104.46976338732776, 19.111701248471444 ], [ -104.470067958287871, 19.111796427843572 ], [ -104.47015361918848, 19.111891605918281 ], [ -104.470048920711449, 19.112005819419977 ], [ -104.469934707378073, 19.11206292721571 ], [ -104.469744350589778, 19.112081962250837 ], [ -104.46967772364637, 19.112139069815157 ], [ -104.469782421426871, 19.112348462995556 ], [ -104.469896637240609, 19.112548336109324 ], [ -104.470010848886503, 19.112624479709662 ], [ -104.470191689554255, 19.112729175713422 ], [ -104.470315422095567, 19.112786282578615 ], [ -104.470429635063851, 19.112814836594829 ], [ -104.470867454685191, 19.112919531898022 ], [ -104.471114920041657, 19.112910014852947 ], [ -104.471295760143377, 19.113024229630881 ], [ -104.471400455346426, 19.113119406963317 ], [ -104.471486117094159, 19.113319283095745 ], [ -104.471486116546416, 19.113471567457047 ], [ -104.471469401998817, 19.113630332251251 ], [ -104.471483489793457, 19.1137383799154 ], [ -104.471458530292537, 19.1137336220748 ], [ -104.471448043794311, 19.113833246135719 ], [ -104.471362525624215, 19.113884557077942 ], [ -104.471391919683086, 19.113959830100598 ], [ -104.471312509907818, 19.114041429913559 ], [ -104.471103259624385, 19.114061880339161 ], [ -104.470953029554508, 19.114094620321961 ], [ -104.471022310261702, 19.114301690155759 ], [ -104.471064520375592, 19.114396319733689 ], [ -104.471123710069179, 19.114654179632371 ], [ -104.471221279623194, 19.114881829917532 ], [ -104.471556830407962, 19.115218950067288 ], [ -104.471920659990133, 19.115381429940591 ], [ -104.472121779816803, 19.115584400070169 ], [ -104.47242694009401, 19.115831600443858 ], [ -104.472596020315208, 19.115968569703849 ], [ -104.473236749876378, 19.116466320391904 ], [ -104.47430790964502, 19.116974889891178 ], [ -104.47517805032227, 19.117600739578808 ], [ -104.476429289983045, 19.118200140132814 ], [ -104.477978889991959, 19.118987000330662 ], [ -104.479742229644856, 19.120011860284507 ], [ -104.481127940002665, 19.120550289997215 ], [ -104.482252709729565, 19.121263089856061 ], [ -104.483426579858786, 19.121831279834296 ], [ -104.483509863225748, 19.121886530710068 ], [ -104.483904522768512, 19.122116149722004 ], [ -104.48441253828436, 19.122424288993308 ], [ -104.485095442561175, 19.122849023700383 ], [ -104.485228692763897, 19.122932303749803 ], [ -104.485448133938448, 19.12304779962658 ], [ -104.487380230452345, 19.123656660341311 ], [ -104.489382050054417, 19.124553149732431 ], [ -104.490359260159266, 19.124759319755061 ], [ -104.491907570061642, 19.125093289667056 ], [ -104.493257749993433, 19.125552109594665 ], [ -104.494053420214186, 19.125806720230994 ], [ -104.49506967974385, 19.12611171957635 ], [ -104.496028970104419, 19.12629833955938 ], [ -104.497510953101212, 19.126780972673185 ], [ -104.497797379670615, 19.126874250417071 ], [ -104.498552989657512, 19.127089534369862 ], [ -104.49871190833305, 19.127063048549239 ], [ -104.498723418048996, 19.127059413984728 ], [ -104.498870142941257, 19.12701308040209 ], [ -104.49894509580642, 19.126921472037292 ], [ -104.49912831364324, 19.126913141863266 ], [ -104.499286548254076, 19.12694645486615 ], [ -104.499378158139479, 19.127046391574819 ], [ -104.499403141478624, 19.127179643142654 ], [ -104.49947809465597, 19.127279578571624 ], [ -104.499559526151728, 19.127344046832828 ], [ -104.501370536761144, 19.127791847492528 ], [ -104.503356526630569, 19.128282886480971 ], [ -104.503842260124074, 19.128402980181718 ], [ -104.511206450466531, 19.130512420085839 ], [ -104.515901110436104, 19.131992720301593 ], [ -104.517546339741273, 19.13234088037412 ], [ -104.519719620265263, 19.132975319689226 ], [ -104.522323249932327, 19.133553230326484 ], [ -104.525555679964285, 19.134455830221171 ], [ -104.529498199736778, 19.1352617396307 ], [ -104.53534126046614, 19.136751429874124 ], [ -104.542983540377321, 19.138727340439878 ], [ -104.553004630231399, 19.141179619771961 ], [ -104.556608310088137, 19.142265710320352 ], [ -104.562949569694311, 19.143997280435222 ], [ -104.565796199664973, 19.144504740375993 ], [ -104.571739019850568, 19.145816650086104 ], [ -104.577514169861018, 19.146761179853055 ], [ -104.581469320382112, 19.147377430427078 ], [ -104.584269199633724, 19.14774702982162 ], [ -104.587186149757315, 19.147992739791444 ], [ -104.592131399993434, 19.148406780310562 ], [ -104.593987579806779, 19.148528889788047 ], [ -104.596699109975262, 19.149099980316912 ], [ -104.599565280266035, 19.149930690120751 ], [ -104.601680939614937, 19.150290249973754 ], [ -104.604009290261942, 19.150866119998462 ], [ -104.607535999998589, 19.151845920195317 ], [ -104.612548779835777, 19.15343131958155 ], [ -104.617788049884055, 19.155392280363809 ], [ -104.619838139890206, 19.15595075019263 ], [ -104.621692889910406, 19.156847250115426 ], [ -104.62472704993155, 19.157960579827847 ], [ -104.628459250258075, 19.159215710022771 ], [ -104.630497780429906, 19.159990600193993 ], [ -104.632348349967899, 19.160741459568829 ], [ -104.634542319673727, 19.161359979651049 ], [ -104.636661859596515, 19.162257660275589 ], [ -104.639338599728674, 19.163069769701821 ], [ -104.641888733776469, 19.164049344860373 ], [ -104.642609419656281, 19.164326170342537 ], [ -104.644774219883445, 19.164992940140912 ], [ -104.647094139695326, 19.165795169742875 ], [ -104.649424550395992, 19.166661448819291 ], [ -104.651390357704855, 19.167279985592071 ], [ -104.652173199397154, 19.167521499589444 ], [ -104.652606263259983, 19.167688063106866 ], [ -104.652805811966701, 19.167772487245504 ], [ -104.653211799636935, 19.167893979748381 ], [ -104.653786861428472, 19.168108582929886 ], [ -104.653838822700934, 19.168121125244969 ], [ -104.654296868890441, 19.168246046800711 ], [ -104.655596055631634, 19.168637468015337 ], [ -104.65608741258302, 19.168787373159272 ], [ -104.657095114245408, 19.169145482134233 ], [ -104.658227737279134, 19.169528575481991 ], [ -104.658669128039122, 19.169670154185251 ], [ -104.660992670705923, 19.170378044110233 ], [ -104.66303305985079, 19.17101098005503 ], [ -104.664290605657285, 19.171402402112978 ], [ -104.66533161892086, 19.171727197906261 ], [ -104.666097806767041, 19.17195205555598 ], [ -104.666597491799394, 19.172076978812591 ], [ -104.667163804887196, 19.172260196683489 ], [ -104.668038255977677, 19.172543351575893 ], [ -104.669079269312789, 19.172868149451844 ], [ -104.669862112369515, 19.173109665001562 ], [ -104.670195237537939, 19.173201272851141 ], [ -104.67125290664157, 19.173476102085782 ], [ -104.672568749046519, 19.173842538609907 ], [ -104.672968498942623, 19.173992443599033 ], [ -104.673743015413834, 19.17416733514564 ], [ -104.674775699793997, 19.174433833756254 ], [ -104.675183778406137, 19.17454210078197 ], [ -104.675766745893753, 19.174700333551463 ], [ -104.676682839400513, 19.174950177913452 ], [ -104.67749899400755, 19.175166708110766 ], [ -104.677965368291467, 19.17525831765947 ], [ -104.678773194883163, 19.175458191715968 ], [ -104.679272880392986, 19.175583113817858 ], [ -104.679672631336871, 19.175708034986034 ], [ -104.679805881068816, 19.175782989298398 ], [ -104.680255598707575, 19.175924567189007 ], [ -104.681055096789265, 19.176099456631938 ], [ -104.681372458642912, 19.176170324393389 ], [ -104.681689650135681, 19.176217549632756 ], [ -104.682996093046157, 19.176548781429599 ], [ -104.683944030028314, 19.176789109809775 ], [ -104.685920750069215, 19.177117230403876 ], [ -104.687363199653035, 19.177174679714216 ], [ -104.688684630401241, 19.177147949719387 ], [ -104.688854280294706, 19.177097080262619 ], [ -104.68937172020506, 19.177094749869823 ], [ -104.68940828043273, 19.177076030159625 ], [ -104.689615970091936, 19.176969649552802 ], [ -104.68980037031929, 19.177002429832726 ], [ -104.689955890220716, 19.177008540346055 ], [ -104.69015464981122, 19.176874630185758 ], [ -104.690289580252951, 19.176852739953734 ], [ -104.690439770393382, 19.176781199591414 ], [ -104.690227280480514, 19.176544540407292 ], [ -104.690477740408483, 19.176675420007083 ], [ -104.690585689942154, 19.176975880061015 ], [ -104.690336289589254, 19.177230769948842 ], [ -104.689895110322624, 19.177449420039391 ], [ -104.689828889806776, 19.177842480085012 ], [ -104.689815430108638, 19.178225829906875 ], [ -104.689941350281984, 19.17836828010293 ], [ -104.690098000387749, 19.17857396986015 ], [ -104.69008823026023, 19.178832880038353 ], [ -104.689920110085822, 19.179587660137155 ], [ -104.689784709562375, 19.180024319688204 ], [ -104.689674259968967, 19.180551149680355 ], [ -104.689412859539374, 19.182077850212213 ], [ -104.688976659817612, 19.18409263037255 ], [ -104.688903719727193, 19.184168539670324 ], [ -104.688687220049815, 19.184164799695672 ], [ -104.688599889706737, 19.184209460392424 ], [ -104.68854860035006, 19.18439148980843 ], [ -104.688377430169183, 19.184504170223988 ], [ -104.688236940070468, 19.184541820104275 ], [ -104.688127400130909, 19.184782659545384 ], [ -104.687998920022807, 19.184878679597237 ], [ -104.687845149655303, 19.184834349777027 ], [ -104.687699910137312, 19.184767170316221 ], [ -104.687567520328344, 19.184831079884361 ], [ -104.687368599626851, 19.185103719791325 ], [ -104.68719132003811, 19.185129489590945 ], [ -104.687081420036137, 19.185062740221468 ], [ -104.68686189003067, 19.18476112042428 ], [ -104.686702350150114, 19.184573000199034 ], [ -104.686554890334776, 19.184539349763934 ], [ -104.686409289596952, 19.184582819689496 ], [ -104.686049310198626, 19.184764030055771 ], [ -104.68572955042535, 19.184884889661465 ], [ -104.685527310383378, 19.184908910267652 ], [ -104.685199940162377, 19.184815630248075 ], [ -104.684926849552198, 19.184549200458314 ], [ -104.684793280395212, 19.184205599874804 ], [ -104.684770000183605, 19.183742820176978 ], [ -104.68484554963527, 19.183269110357912 ], [ -104.684919739567789, 19.182872169800429 ], [ -104.684969769775805, 19.182580110282423 ], [ -104.684985120404647, 19.182407980277208 ], [ -104.684430979692053, 19.182379459649383 ], [ -104.683611399734531, 19.182385750325302 ], [ -104.683472120034565, 19.182388230419701 ], [ -104.682832179660338, 19.182413310009689 ], [ -104.682661619600495, 19.182467450305602 ], [ -104.682190579795616, 19.182743119961355 ], [ -104.681790780090694, 19.183058629719476 ], [ -104.681044250218918, 19.183716830235344 ], [ -104.680935920149153, 19.183773750417732 ], [ -104.680950019957891, 19.183986880275267 ], [ -104.681052860163007, 19.184186909778397 ], [ -104.681140259986918, 19.184346740273536 ], [ -104.681114600217896, 19.18453955042369 ], [ -104.681000889759233, 19.184647569854185 ], [ -104.680528939755135, 19.184970719753554 ], [ -104.680347739883118, 19.185132650404356 ], [ -104.680298510241229, 19.185279450379465 ], [ -104.680328690363552, 19.185506600317837 ], [ -104.680639280436992, 19.185980339678672 ], [ -104.681391569693133, 19.186851449869774 ], [ -104.682354230134919, 19.187298539853479 ], [ -104.682610739695818, 19.187410939591224 ], [ -104.682710229825361, 19.18756167974697 ], [ -104.682673279577116, 19.187788379780859 ], [ -104.682510140379094, 19.187953089850847 ], [ -104.682030140144732, 19.188147749926092 ], [ -104.681644220295567, 19.188308829805969 ], [ -104.681574969617671, 19.188423739593375 ], [ -104.681572420379283, 19.188572969761736 ], [ -104.681634119669923, 19.188691079965327 ], [ -104.682139680038091, 19.188876000259548 ], [ -104.682543109989979, 19.189007979805542 ], [ -104.682844950380584, 19.189045620373133 ], [ -104.683195660256075, 19.189145659701268 ], [ -104.683256660084666, 19.189256200190766 ], [ -104.683325799959817, 19.189408430174005 ], [ -104.683442999974133, 19.189573770369382 ], [ -104.683597850163224, 19.189783780314215 ], [ -104.683612309967643, 19.189957919988107 ], [ -104.68346458044357, 19.190146109691625 ], [ -104.683273520440622, 19.190185429625146 ], [ -104.683092080137371, 19.190184179927812 ], [ -104.682958719649591, 19.190290199965851 ], [ -104.682936769972827, 19.190458779666962 ], [ -104.683063569958478, 19.190586490114285 ], [ -104.683255249608507, 19.190710679920265 ], [ -104.679979339786996, 19.193171519699135 ], [ -104.679934769650515, 19.193111290245234 ], [ -104.680251140420566, 19.192873149752049 ], [ -104.680281080144653, 19.192678289697916 ], [ -104.680063629819585, 19.192279719874158 ], [ -104.679927950185601, 19.192122000018998 ], [ -104.679819859560808, 19.192142979679979 ], [ -104.679592420403907, 19.192019090420583 ], [ -104.679610149764358, 19.191880629713225 ], [ -104.679688120251583, 19.191528630427985 ], [ -104.679755000444118, 19.19134360002419 ], [ -104.679626249779915, 19.191130979970023 ], [ -104.679545920458636, 19.190991029788592 ], [ -104.679403169692421, 19.190870350421235 ], [ -104.679051889665757, 19.190627920407039 ], [ -104.678928249972074, 19.190558280409 ], [ -104.678722689901448, 19.190516680128834 ], [ -104.678499369787716, 19.190373829911856 ], [ -104.678481519803967, 19.190136279750153 ], [ -104.678453019576935, 19.189863909596163 ], [ -104.67847627981979, 19.189699879654157 ], [ -104.678458319894077, 19.189547720360007 ], [ -104.678315180052522, 19.189298519704032 ], [ -104.677959740341535, 19.188920260036241 ], [ -104.677651309854141, 19.188543169639804 ], [ -104.677373829819501, 19.188099219722716 ], [ -104.677151340104402, 19.18758880038159 ], [ -104.677069970344292, 19.187039520216167 ], [ -104.676946580287023, 19.186639799598233 ], [ -104.676765510114677, 19.186404770153064 ], [ -104.676536420117216, 19.186288769934091 ], [ -104.676051460071946, 19.186163490279217 ], [ -104.675635029911078, 19.186021090082129 ], [ -104.675417479966583, 19.185881719557244 ], [ -104.675373370238304, 19.18573269028817 ], [ -104.675294430346497, 19.185558229906881 ], [ -104.675145650195148, 19.185495740325308 ], [ -104.674839579693398, 19.185408540309314 ], [ -104.674642979848301, 19.185412019903691 ], [ -104.674450949893128, 19.185396750196855 ], [ -104.674276380126216, 19.185521170054514 ], [ -104.674219079958618, 19.185606150429262 ], [ -104.674113420227556, 19.18561274955022 ], [ -104.673852619882638, 19.185590890388966 ], [ -104.673744509735158, 19.185610459986318 ], [ -104.673542290309811, 19.185572849631743 ], [ -104.673443599969119, 19.185598139653575 ], [ -104.673128890303374, 19.185550259799474 ], [ -104.672738019842043, 19.18542016970239 ], [ -104.67248032047938, 19.185481420228889 ], [ -104.672022199593471, 19.185475370274315 ], [ -104.671768919790168, 19.185295340432226 ], [ -104.671698459846539, 19.185114599763427 ], [ -104.671519919934028, 19.185105060201657 ], [ -104.671477719815869, 19.185228549596321 ], [ -104.671484110263279, 19.185325779976392 ], [ -104.671295310378554, 19.185477229585008 ], [ -104.671241799720747, 19.185484710077382 ], [ -104.67117577023609, 19.18549394038109 ], [ -104.670914369789713, 19.185467059892019 ], [ -104.670807970187568, 19.185492629552634 ], [ -104.67068197974892, 19.185609829691877 ], [ -104.670533569898282, 19.185680830100939 ], [ -104.67035579961194, 19.185693030020634 ], [ -104.670140379655393, 19.185559089676136 ], [ -104.669748260405783, 19.185364920051157 ], [ -104.669264749647226, 19.1851797100143 ], [ -104.668849309985148, 19.185080480299664 ], [ -104.668416919670435, 19.184966939577677 ], [ -104.668165430325786, 19.184796149643518 ], [ -104.667754119877898, 19.184715800110379 ], [ -104.667466200113211, 19.184452540248667 ], [ -104.667390890208054, 19.184280650038303 ], [ -104.667167780251575, 19.184174569670887 ], [ -104.667089380281496, 19.184055599977619 ], [ -104.667068819634821, 19.183948260073503 ], [ -104.666884290383521, 19.183999859991253 ], [ -104.666801220025917, 19.183978910256794 ], [ -104.666705110130877, 19.183954679577536 ], [ -104.666599890196821, 19.183970350102374 ], [ -104.666332949625698, 19.183902550200809 ], [ -104.666170630229345, 19.183788030360823 ], [ -104.666101999836584, 19.183654420325219 ], [ -104.665883910055001, 19.183625830380574 ], [ -104.665812139732424, 19.183657339933852 ], [ -104.665643769561044, 19.183632830370954 ], [ -104.66555547955781, 19.183560219558736 ], [ -104.665456489716377, 19.183490849665464 ], [ -104.665294879818205, 19.183483260421166 ], [ -104.665003999998476, 19.183429199617137 ], [ -104.664737820122411, 19.18332594994661 ], [ -104.66449348963539, 19.183245620324239 ], [ -104.664420850297475, 19.183154830093336 ], [ -104.664237549601694, 19.18312975004406 ], [ -104.664047750179336, 19.183154350188449 ], [ -104.66385387979166, 19.18316130968514 ], [ -104.663587689997897, 19.183095180402557 ], [ -104.663294019848152, 19.182958769908272 ], [ -104.663157029659502, 19.18289997974632 ], [ -104.662951290034712, 19.182914289678845 ], [ -104.662712850127193, 19.182982489660894 ], [ -104.662548650264227, 19.182977519581321 ], [ -104.662392510371816, 19.182880310133125 ], [ -104.662297289768688, 19.182821289675548 ], [ -104.662113420088076, 19.182845950373327 ], [ -104.661985910062413, 19.182866050258305 ], [ -104.661797400401213, 19.182829289628739 ], [ -104.661632690014727, 19.182816280409835 ], [ -104.661553120134727, 19.182865460137219 ], [ -104.661432050356865, 19.182851680193671 ], [ -104.661332419883593, 19.182780029776431 ], [ -104.661271950265927, 19.182734229977136 ], [ -104.661208489715975, 19.182764140418421 ], [ -104.660968799797814, 19.182742780194474 ], [ -104.660926779801713, 19.182672259874956 ], [ -104.660751630039172, 19.182639349853741 ], [ -104.66063287969294, 19.182580230452576 ], [ -104.660537019785124, 19.182527920260764 ], [ -104.660492709704613, 19.182589909684658 ], [ -104.660331250168227, 19.182675549993508 ], [ -104.660153249933657, 19.182683179825673 ], [ -104.65982399968766, 19.182598309807947 ], [ -104.659547600288917, 19.182520229710988 ], [ -104.659332429924703, 19.182522829924274 ], [ -104.659125510370487, 19.182467969724506 ], [ -104.659036830229354, 19.182489029902726 ], [ -104.658968309842308, 19.182580030301146 ], [ -104.658949979586481, 19.182604379626113 ], [ -104.658864690287217, 19.182625419826095 ], [ -104.65870093988724, 19.182625860396936 ], [ -104.658431570385915, 19.182607379774709 ], [ -104.658350680003153, 19.182578030099044 ], [ -104.658248800370856, 19.182667799594217 ], [ -104.65805437002544, 19.182764399818968 ], [ -104.657754230043707, 19.182882620020223 ], [ -104.657466829870756, 19.182966650241127 ], [ -104.657185689804791, 19.182921720208981 ], [ -104.656907310309848, 19.18279362979052 ], [ -104.656533980236588, 19.182737859832816 ], [ -104.656082419925312, 19.182712569694434 ], [ -104.655605719723582, 19.182735509703932 ], [ -104.655320490012642, 19.182766479588214 ], [ -104.655168999834743, 19.18284442989815 ], [ -104.654867710373011, 19.182795940168177 ], [ -104.654594109838243, 19.182714719907313 ], [ -104.654462320237243, 19.18264175000953 ], [ -104.654219049974301, 19.182662149866623 ], [ -104.653912719826039, 19.182646029680775 ], [ -104.653670769639675, 19.182615890445327 ], [ -104.653495459692579, 19.182540969923497 ], [ -104.653241630252893, 19.182491449608101 ], [ -104.653019600056794, 19.182374080312783 ], [ -104.652639799577727, 19.18216528975098 ], [ -104.652387820410226, 19.181996290425651 ], [ -104.652220549754389, 19.181802659976519 ], [ -104.65195627983114, 19.181504509551317 ], [ -104.651775829691744, 19.181369780158555 ], [ -104.651321449716292, 19.181204679580432 ], [ -104.650668579563856, 19.180973489731436 ], [ -104.649932200452369, 19.180678679879481 ], [ -104.649221030424926, 19.180411110228672 ], [ -104.648730920327964, 19.180284909964527 ], [ -104.648315940124348, 19.180159850257464 ], [ -104.648023140274859, 19.180043679648549 ], [ -104.64754813992856, 19.179820399734147 ], [ -104.647056680037622, 19.179647050392028 ], [ -104.646308649878421, 19.179375679654584 ], [ -104.645852339943104, 19.1791959704349 ], [ -104.645324219602344, 19.178991290095766 ], [ -104.644871430006816, 19.178820649602905 ], [ -104.644234290031008, 19.178578849998562 ], [ -104.643619569521093, 19.178328889751878 ], [ -104.642697649586182, 19.178014200105896 ], [ -104.641917319968428, 19.17772264981355 ], [ -104.641727489672476, 19.177650539589898 ], [ -104.641166689884045, 19.177437489702257 ], [ -104.640116819755079, 19.176996519885922 ], [ -104.637949309751377, 19.176207879802529 ], [ -104.63665836958711, 19.175739460259848 ], [ -104.636219139611043, 19.175580080023082 ], [ -104.635346940274403, 19.175245520087266 ], [ -104.634496170384693, 19.175038030427732 ], [ -104.633466650047211, 19.174780280082459 ], [ -104.632958880320274, 19.174642339669468 ], [ -104.632466519611384, 19.174671719808362 ], [ -104.632241980237694, 19.17464117973347 ], [ -104.632060169766589, 19.174616450075526 ], [ -104.63171368978827, 19.174258629913265 ], [ -104.631448450215089, 19.173738120408181 ], [ -104.630737920325259, 19.173340909976293 ], [ -104.630222219581881, 19.17345522016079 ], [ -104.629832939681236, 19.173731169669569 ], [ -104.629673309587247, 19.173779089970626 ], [ -104.629618420260755, 19.17379556972989 ], [ -104.629478350325854, 19.173752049871503 ], [ -104.629418679919198, 19.173580049827219 ], [ -104.629495049578779, 19.173244430141736 ], [ -104.629341599941299, 19.172906350285874 ], [ -104.628975649949595, 19.172912720124085 ], [ -104.628565690431557, 19.173201550339254 ], [ -104.628214570370744, 19.17397763007201 ], [ -104.627949480211143, 19.17429011985184 ], [ -104.627851180195307, 19.174405980199516 ], [ -104.627879520463964, 19.174583029732915 ], [ -104.627891650470701, 19.174658679717268 ], [ -104.628137710074654, 19.174958460392034 ], [ -104.628300619718658, 19.175099200061485 ], [ -104.628232059808255, 19.175235519679397 ], [ -104.627994449655404, 19.175374820224743 ], [ -104.627576950444364, 19.175415880339774 ], [ -104.627015649563617, 19.175383400035457 ], [ -104.626519710379227, 19.175510279858212 ], [ -104.626284510283966, 19.175853830031109 ], [ -104.626194310349902, 19.176505749563066 ], [ -104.62626662996631, 19.177295749800933 ], [ -104.626266739915181, 19.177787349853759 ], [ -104.626206110212919, 19.178047059727263 ], [ -104.626027430082914, 19.178203479873993 ], [ -104.625611289834765, 19.178349630104353 ], [ -104.62488542985443, 19.178493370097126 ], [ -104.624406940161791, 19.178699859676311 ], [ -104.62414509027343, 19.178856920354932 ], [ -104.623960450376899, 19.17898256973476 ], [ -104.623741230429857, 19.179323060031411 ], [ -104.623490580299276, 19.179706969860206 ], [ -104.623210750028406, 19.179913849783969 ], [ -104.622690680466278, 19.180039199963925 ], [ -104.621858850477224, 19.180053650105524 ], [ -104.621382379955705, 19.179985850284595 ], [ -104.620989739563512, 19.179996489659739 ], [ -104.620611739583197, 19.180137600166329 ], [ -104.620136770067163, 19.18038661962412 ], [ -104.61976645019945, 19.180612249919651 ], [ -104.619313230093525, 19.180800340051267 ], [ -104.619073739610599, 19.18086301993738 ], [ -104.619037520388716, 19.180872490023138 ], [ -104.618821569688876, 19.180851450141326 ], [ -104.61868142953746, 19.180678309770272 ], [ -104.618599630408198, 19.180259830307538 ], [ -104.618215120203928, 19.179986580037347 ], [ -104.618086680110721, 19.179793350112845 ], [ -104.618114170098636, 19.17959475010619 ], [ -104.61829665032711, 19.179314219942064 ], [ -104.618391619535643, 19.179094630127498 ], [ -104.618275109923943, 19.178849999635077 ], [ -104.617809939770552, 19.178667280095453 ], [ -104.617218489758429, 19.178500880164062 ], [ -104.616613979844132, 19.178211309785784 ], [ -104.616448480069394, 19.178121920035661 ], [ -104.616197939738399, 19.178085999908237 ], [ -104.616087049582148, 19.177958169982553 ], [ -104.616105120363969, 19.177671509994724 ], [ -104.616154820449168, 19.177312739864753 ], [ -104.616051739665636, 19.17696043022562 ], [ -104.615783200252054, 19.176411909568792 ], [ -104.61566820016013, 19.175896999761889 ], [ -104.615712779628808, 19.175517740158643 ], [ -104.615643050256338, 19.174993139550658 ], [ -104.615438539919126, 19.17455177017267 ], [ -104.615301509580107, 19.174104170207961 ], [ -104.615433859896953, 19.173470910062669 ], [ -104.615596179744003, 19.17238901962013 ], [ -104.615773450065959, 19.171565420448378 ], [ -104.61580421993213, 19.170928630257869 ], [ -104.61590701993471, 19.170566169772403 ], [ -104.616258570316404, 19.170284479850928 ], [ -104.616669090323015, 19.170136369567679 ], [ -104.617530109701178, 19.169824570383547 ], [ -104.618144399723576, 19.169522280226545 ], [ -104.61858965993558, 19.169067400144375 ], [ -104.618925710253876, 19.168460950150916 ], [ -104.61902804983761, 19.168088950221371 ], [ -104.618957290012375, 19.167666660439842 ], [ -104.618599149593024, 19.167360800303015 ], [ -104.617614520085482, 19.16679271012103 ], [ -104.617061579660088, 19.16654611025049 ], [ -104.616781659661285, 19.166243519801803 ], [ -104.616570819932988, 19.165382369917044 ], [ -104.616688970166706, 19.164448479638303 ], [ -104.6167242898495, 19.16416942977482 ], [ -104.616689029908557, 19.163904350447222 ], [ -104.616595819592362, 19.163203570129721 ], [ -104.616227620177654, 19.162304599795643 ], [ -104.615747709954022, 19.161680889710819 ], [ -104.615159660031665, 19.161426649896232 ], [ -104.614191430168262, 19.161352859972784 ], [ -104.613879569815737, 19.161390109946229 ], [ -104.61306822006658, 19.161487019906836 ], [ -104.611952849795358, 19.161407430251518 ], [ -104.611473580193518, 19.16100094985854 ], [ -104.611268949720525, 19.16052425035916 ], [ -104.611337079917789, 19.159879089896901 ], [ -104.61173692028278, 19.159140890293038 ], [ -104.612269489666389, 19.158416089584875 ], [ -104.612620250194482, 19.157882340324271 ], [ -104.612904620387724, 19.15731628990553 ], [ -104.613127290073479, 19.156534510257103 ], [ -104.613125980236234, 19.15584553986697 ], [ -104.612833890191808, 19.155482820017259 ], [ -104.612039889529655, 19.155253679737957 ], [ -104.611214149974003, 19.154893249926317 ], [ -104.610115220066291, 19.154572029629691 ], [ -104.609719689585617, 19.154620679993872 ], [ -104.609232909693475, 19.154886919564976 ], [ -104.608743709721438, 19.155027780155244 ], [ -104.60856002990937, 19.15499654966899 ], [ -104.608171509959618, 19.154930509619469 ], [ -104.607521629759376, 19.154506629720057 ], [ -104.606435850194302, 19.153891339582888 ], [ -104.605125420140382, 19.153039310104813 ], [ -104.604035740452318, 19.152395709778656 ], [ -104.603319220217557, 19.152059459960871 ], [ -104.60236013959188, 19.151843570071854 ], [ -104.601243080116404, 19.151688519619057 ], [ -104.599703850404623, 19.151866120146071 ], [ -104.598298690194326, 19.152069259950796 ], [ -104.597410679901458, 19.152052139654064 ], [ -104.596774030420505, 19.151841509990334 ], [ -104.595929339642595, 19.150968339640951 ], [ -104.595101879566144, 19.150532490217199 ], [ -104.592885019600288, 19.150161649694631 ], [ -104.590990250037535, 19.149917170042542 ], [ -104.589840080248109, 19.150095220295309 ], [ -104.588866919568801, 19.150811080333789 ], [ -104.587945450356528, 19.152053740100619 ], [ -104.587038599783938, 19.153520939906148 ], [ -104.586700619993394, 19.15465642977691 ], [ -104.586486890313708, 19.156460510089591 ], [ -104.586530089636454, 19.158032490123336 ], [ -104.586489600380105, 19.15958960006958 ], [ -104.586213279909856, 19.160538829917218 ], [ -104.585834339556527, 19.161250380270147 ], [ -104.585780170211535, 19.161814320217044 ], [ -104.586027219524937, 19.162339549977016 ], [ -104.586569620297141, 19.162704719864649 ], [ -104.587360480002417, 19.162965000167098 ], [ -104.587960050425281, 19.16310578017983 ], [ -104.588452580215773, 19.16337114993549 ], [ -104.589099519569046, 19.163388400456412 ], [ -104.589276020398458, 19.163379520232745 ], [ -104.589954290474807, 19.163345399951421 ], [ -104.590428749783413, 19.163125779802954 ], [ -104.590901090450103, 19.162763919677168 ], [ -104.591541949625082, 19.162399169754771 ], [ -104.59202876991391, 19.162331849984088 ], [ -104.592739749983537, 19.162387019853554 ], [ -104.593249909564577, 19.162614090326912 ], [ -104.593886599661175, 19.163202780288962 ], [ -104.594359570439252, 19.163664969819372 ], [ -104.594700679731375, 19.163790079557941 ], [ -104.595196830168092, 19.163823200251681 ], [ -104.595618849542603, 19.163787719598862 ], [ -104.595908310351376, 19.163854290391249 ], [ -104.596142629694427, 19.16405223014333 ], [ -104.5963678197039, 19.164469150337712 ], [ -104.59657991974548, 19.1651284295599 ], [ -104.596654280113313, 19.165496649655349 ], [ -104.596592379848033, 19.165930579772937 ], [ -104.596371690282183, 19.166448149775068 ], [ -104.596105539615195, 19.167158580081598 ], [ -104.595851909620137, 19.168590630294425 ], [ -104.595824820022486, 19.169721739699678 ], [ -104.595842340433805, 19.170641709871941 ], [ -104.596073139547016, 19.171606680146809 ], [ -104.596430719789808, 19.172362830285159 ], [ -104.596881119742562, 19.173261449985109 ], [ -104.597459289705228, 19.174083310416915 ], [ -104.598018690002135, 19.174794459708909 ], [ -104.598764050306897, 19.175711510305444 ], [ -104.599363110169378, 19.176679279790463 ], [ -104.599967019906757, 19.177389230240724 ], [ -104.600343049831324, 19.177942999831977 ], [ -104.600463180405526, 19.178461480328455 ], [ -104.600287480136032, 19.179053369891761 ], [ -104.599707419862767, 19.179820890204265 ], [ -104.598755249587796, 19.180690480066531 ], [ -104.59806792018486, 19.181431830202051 ], [ -104.597561880277482, 19.182106249983825 ], [ -104.597003089751468, 19.182783449610437 ], [ -104.596266350160107, 19.183620279678649 ], [ -104.595983830983059, 19.183853759006663 ], [ -104.595496859672167, 19.184256199987519 ], [ -104.594812319801761, 19.184729000378859 ], [ -104.594234169748731, 19.185106520257776 ], [ -104.593548820250732, 19.185533779619668 ], [ -104.592625280278355, 19.185987309625926 ], [ -104.591678719818347, 19.186264289851341 ], [ -104.590729850280724, 19.186445550122826 ], [ -104.590028799914066, 19.186531680175797 ], [ -104.589326740288769, 19.186565949705674 ], [ -104.588151449885501, 19.186348999603208 ], [ -104.58730135045991, 19.185994349882687 ], [ -104.586667799887081, 19.185385059549056 ], [ -104.586620895135866, 19.185267017645511 ], [ -104.586411460224284, 19.18473993967411 ], [ -104.58607491978718, 19.184158029767836 ], [ -104.585839819906184, 19.183483970415217 ], [ -104.585373430190742, 19.182211569753402 ], [ -104.585175339570128, 19.181703920407287 ], [ -104.585062250156795, 19.18002085977357 ], [ -104.584860820249517, 19.179244280259741 ], [ -104.584507089705127, 19.178415540141341 ], [ -104.583989620167401, 19.177989320442677 ], [ -104.583066369874231, 19.177657050101018 ], [ -104.581962970148069, 19.177492220118225 ], [ -104.580977090065758, 19.177615450070942 ], [ -104.580167049982663, 19.177880679653406 ], [ -104.579211029846348, 19.178411800005431 ], [ -104.578431710113065, 19.179011599792432 ], [ -104.577660999940591, 19.179585370221591 ], [ -104.576937620448405, 19.180204600022083 ], [ -104.576407020251139, 19.180867619718867 ], [ -104.575980860095598, 19.181658479759122 ], [ -104.575479859703563, 19.182988770344995 ], [ -104.574912459622809, 19.184282550421585 ], [ -104.574573520066437, 19.184986400131379 ], [ -104.574360139860786, 19.185756939967263 ], [ -104.574343550170383, 19.1865240902324 ], [ -104.574313279931616, 19.18710753982084 ], [ -104.573965449535748, 19.188560060318572 ], [ -104.573837279820268, 19.189616419878956 ], [ -104.573962980012411, 19.190506969737342 ], [ -104.574217749854682, 19.191004150020003 ], [ -104.574691379697256, 19.191596089605035 ], [ -104.574901480057676, 19.1920119102675 ], [ -104.574880860239489, 19.192425939854274 ], [ -104.574769110353088, 19.193030380172139 ], [ -104.574160620297718, 19.193924679610614 ], [ -104.573419459545249, 19.194771280448389 ], [ -104.572886319893797, 19.195178109787602 ], [ -104.570879569540793, 19.19620461965507 ], [ -104.569700199913953, 19.197023509635173 ], [ -104.568715939645529, 19.198109629904618 ], [ -104.567979090040808, 19.199251829765252 ], [ -104.567572399891247, 19.200099719960786 ], [ -104.567248569936069, 19.201266120321115 ], [ -104.567206940218142, 19.202126460285925 ], [ -104.567397599548343, 19.203353679738058 ], [ -104.567526139587997, 19.204003350032881 ], [ -104.56779428036053, 19.204367799637758 ], [ -104.568182910122303, 19.204795119804185 ], [ -104.568551420255645, 19.205204549985275 ], [ -104.568916849557652, 19.205455180029894 ], [ -104.569268949783435, 19.205606180367081 ], [ -104.569457939976161, 19.205694280085726 ], [ -104.569601289720936, 19.205883420006163 ], [ -104.56960684969836, 19.206178049838176 ], [ -104.569493049742306, 19.206732619688371 ], [ -104.569405030053517, 19.207336179817279 ], [ -104.569302199603797, 19.208179680148454 ], [ -104.569229350134435, 19.208971910316176 ], [ -104.569318720412198, 19.20994037972233 ], [ -104.569536290279785, 19.21048854963621 ], [ -104.569841250461764, 19.211100319873474 ], [ -104.570140279863949, 19.21189082042293 ], [ -104.570387370202866, 19.212747919668836 ], [ -104.570544150223213, 19.213681059867209 ], [ -104.57055489027988, 19.214249890200875 ], [ -104.570437420108348, 19.214805749710145 ], [ -104.570129710384094, 19.215475779558808 ], [ -104.569660860194475, 19.216161849569772 ], [ -104.569326749540778, 19.216754179845719 ], [ -104.569225770374302, 19.217326819757169 ], [ -104.569201830414798, 19.217711110195591 ], [ -104.569211739973156, 19.21823628963897 ], [ -104.569112739554186, 19.218695230303108 ], [ -104.568761399946695, 19.219146919951932 ], [ -104.568369980037701, 19.219412480168366 ], [ -104.567854680071321, 19.219660600252215 ], [ -104.567295320368274, 19.219758030230278 ], [ -104.566993939622549, 19.219718980156465 ], [ -104.566784940105919, 19.219691889789072 ], [ -104.566355780394559, 19.219524969715945 ], [ -104.56589488972358, 19.219233119720599 ], [ -104.565768429979357, 19.219128320117136 ], [ -104.565499419739169, 19.218905349846267 ], [ -104.564888400377058, 19.21852934973986 ], [ -104.564276320262394, 19.218304940445602 ], [ -104.563371949840786, 19.218187940423583 ], [ -104.562858250247999, 19.218184250221285 ], [ -104.562688480225759, 19.218201570144167 ], [ -104.562418619832883, 19.218229120009592 ], [ -104.562036380072328, 19.218354119841614 ], [ -104.561656629840371, 19.21867630957399 ], [ -104.561321430422311, 19.219055709540665 ], [ -104.561005859878108, 19.219225720222646 ], [ -104.560604370232241, 19.219411260401937 ], [ -104.560261310454081, 19.219698550420908 ], [ -104.559904150137911, 19.220076940301833 ], [ -104.559544260035651, 19.220544799547746 ], [ -104.559367949597814, 19.221078119701684 ], [ -104.559246049935965, 19.221550949640591 ], [ -104.559273059671185, 19.222133769793778 ], [ -104.559371110313677, 19.222348970329072 ], [ -104.559627450351584, 19.222563629659749 ], [ -104.559850629547142, 19.222727910143625 ], [ -104.55990402010795, 19.22290552041197 ], [ -104.559926150274293, 19.223186549795855 ], [ -104.560072599990391, 19.223427060298196 ], [ -104.560246999917339, 19.223665919914513 ], [ -104.560325629859761, 19.223975490439713 ], [ -104.560388140168598, 19.224394740002221 ], [ -104.560428819999288, 19.225120690389957 ], [ -104.560553570191729, 19.225669850126899 ], [ -104.560558678755186, 19.225699301627497 ], [ -104.560612799620017, 19.226011289694981 ], [ -104.560520379835438, 19.226246740044381 ], [ -104.560320120137575, 19.227120770373162 ], [ -104.560350650117797, 19.227796909940267 ], [ -104.560286509737395, 19.228178600086949 ], [ -104.559956279547279, 19.228632490088334 ], [ -104.559609149529877, 19.229137379868359 ], [ -104.559525979885308, 19.229529459717099 ], [ -104.559489833095768, 19.229574185628596 ], [ -104.559251660272921, 19.229868879829947 ], [ -104.558573850003782, 19.230496620426727 ], [ -104.557959519844573, 19.230961659559156 ], [ -104.557517062599004, 19.231107401800358 ], [ -104.557464000470304, 19.2311248803715 ], [ -104.557233219738251, 19.231386799955153 ], [ -104.557150969787642, 19.2318354201741 ], [ -104.557120567250095, 19.231919072827075 ], [ -104.557110399842287, 19.231947050316293 ], [ -104.557072000099708, 19.232052709760143 ], [ -104.556918229714782, 19.232475799811919 ], [ -104.556630540454421, 19.233278619539529 ], [ -104.556188139633605, 19.233959770186079 ], [ -104.555742170368561, 19.234450969577974 ], [ -104.555242480261043, 19.235327680405359 ], [ -104.554937260378907, 19.236113399988671 ], [ -104.554764219584811, 19.236636710381958 ], [ -104.554583022359409, 19.236973217778107 ], [ -104.554515949702974, 19.237097780267195 ], [ -104.553429090098888, 19.237922180431578 ], [ -104.55264794984339, 19.238837250013617 ], [ -104.551630950269583, 19.239658489618002 ], [ -104.551152890317326, 19.240197260326426 ], [ -104.550597720414316, 19.241000280262053 ], [ -104.550165847715817, 19.24165379022778 ], [ -104.550043219862332, 19.241839349953064 ], [ -104.549329950115379, 19.242320350288697 ], [ -104.548828866891867, 19.242703947468893 ], [ -104.548655349672899, 19.242836779833752 ], [ -104.548471340376196, 19.243346830075136 ], [ -104.548424502136683, 19.243363964113009 ], [ -104.547937157790983, 19.243542244425758 ], [ -104.547713450272639, 19.243624080306823 ], [ -104.547684222666192, 19.243632903765178 ], [ -104.546597079842726, 19.243961079588342 ], [ -104.545625419872124, 19.244283029927722 ], [ -104.544705320418373, 19.244706319737514 ], [ -104.544308120220634, 19.245069110322468 ], [ -104.544140520045971, 19.245459620313159 ], [ -104.543917520275372, 19.245920120414066 ], [ -104.543652150135344, 19.246055050303205 ], [ -104.543235279972407, 19.246266969830149 ], [ -104.542389739815007, 19.246804480186213 ], [ -104.541848090430875, 19.247211549846607 ], [ -104.541170620292618, 19.247717859553703 ], [ -104.540416120450388, 19.248291449979661 ], [ -104.539533980153223, 19.249168689660287 ], [ -104.538649690064958, 19.249857349597516 ], [ -104.537998770039422, 19.250342649870952 ], [ -104.537051650243029, 19.251034860403426 ], [ -104.536316420279206, 19.251893679902484 ], [ -104.535557309800936, 19.253038320129839 ], [ -104.535092049664584, 19.254280800185033 ], [ -104.53456994966254, 19.25517807965787 ], [ -104.534033430107058, 19.257465200360329 ], [ -104.533783709802108, 19.258040740245885 ], [ -104.532957520231008, 19.258644859813007 ], [ -104.531286140312716, 19.259342400363217 ], [ -104.530450260309308, 19.259716219837159 ], [ -104.530287860450699, 19.259788829745986 ], [ -104.529508859793808, 19.260030769822674 ], [ -104.52747709036592, 19.260553479650611 ], [ -104.525966419652249, 19.260948980148402 ], [ -104.525299320149074, 19.261118429617888 ], [ -104.525032050150458, 19.260997289621496 ], [ -104.52463015018688, 19.2608151197865 ], [ -104.523841249800938, 19.260619019846995 ], [ -104.523319379965187, 19.260372379726466 ], [ -104.522602320435894, 19.259626109571713 ], [ -104.521531260198756, 19.258006179824495 ], [ -104.520601370224966, 19.256741049991636 ], [ -104.519561549578214, 19.255522280127849 ], [ -104.518667549626912, 19.25432580026996 ], [ -104.517387979551344, 19.252748950198118 ], [ -104.516221689706896, 19.251188710129966 ], [ -104.515565660176264, 19.25046590975376 ], [ -104.514824290250559, 19.2493734304337 ], [ -104.514075140122586, 19.248144940307871 ], [ -104.51352254019119, 19.247846120297357 ], [ -104.512435459784996, 19.247416079566701 ], [ -104.510956600316163, 19.246139309773692 ], [ -104.510435780054337, 19.24580142970169 ], [ -104.509960030048958, 19.245370230153224 ], [ -104.509620420212912, 19.244817649935118 ], [ -104.509131750035081, 19.244462060197677 ], [ -104.508384739819519, 19.24422504990908 ], [ -104.507653280423384, 19.244179710222991 ], [ -104.507015779580641, 19.244418970298302 ], [ -104.506089940058843, 19.245083080101239 ], [ -104.505709619678271, 19.245624050078398 ], [ -104.505525939819663, 19.246676579923179 ], [ -104.505267519669189, 19.247119509970375 ], [ -104.503949939811292, 19.24848626034451 ], [ -104.503592110358667, 19.248902079946635 ], [ -104.503537379909318, 19.249631710129851 ], [ -104.503262260415056, 19.25065171014101 ], [ -104.502626540467531, 19.251589279872949 ], [ -104.502090650372907, 19.252101259975934 ], [ -104.501425180205985, 19.252592140003888 ], [ -104.500216980404375, 19.253371939980799 ], [ -104.499215220323791, 19.253934110013759 ], [ -104.498248509527755, 19.254311519646727 ], [ -104.497517050153249, 19.254467719778646 ], [ -104.497379749557822, 19.254497050020934 ], [ -104.496000430191359, 19.254439259794502 ], [ -104.494535429895123, 19.253947050353005 ], [ -104.493228629784468, 19.252896780306596 ], [ -104.492471980237852, 19.251966550147724 ], [ -104.491692400291669, 19.251064800432829 ], [ -104.490951680377904, 19.250312060062505 ], [ -104.490598419558907, 19.249929489958067 ], [ -104.490233479565376, 19.249533459989831 ], [ -104.489843180215786, 19.249160029880375 ], [ -104.489189279869777, 19.248506019976976 ], [ -104.488824059623568, 19.247871319983105 ], [ -104.488448029566598, 19.247232690196459 ], [ -104.488732280401422, 19.245613490368186 ], [ -104.489091740386058, 19.244415509847229 ], [ -104.489396320403202, 19.24324286022814 ], [ -104.489493849931151, 19.242535480241973 ], [ -104.489702859535768, 19.241520550231435 ], [ -104.489493029837703, 19.240828369985024 ], [ -104.489424420022317, 19.240205460425408 ], [ -104.489582429582811, 19.239473689589207 ], [ -104.489646999722751, 19.238313939716122 ], [ -104.48966557995152, 19.236340880159634 ], [ -104.490003769969434, 19.233943060414326 ], [ -104.490141910085825, 19.232733980005662 ], [ -104.489241110206109, 19.230624829616183 ], [ -104.488954890061763, 19.229943369866493 ], [ -104.488175149945221, 19.229550000409425 ], [ -104.487381250200841, 19.229432649707441 ], [ -104.485917450216618, 19.2296614604345 ], [ -104.483849510249897, 19.230540460357162 ], [ -104.482906679945103, 19.231276349622636 ], [ -104.482033290432895, 19.232126319848195 ], [ -104.480793939872555, 19.23347304998288 ], [ -104.480049480289182, 19.235385369629356 ], [ -104.479321340012632, 19.236805750386512 ], [ -104.478512739693372, 19.238052169606643 ], [ -104.477664630132324, 19.238718950006476 ], [ -104.477257689711763, 19.238703380286079 ], [ -104.47619177987076, 19.238221169979205 ], [ -104.475759879965224, 19.238087089710564 ], [ -104.475206280187578, 19.237910890400112 ], [ -104.474602380039727, 19.237461860083794 ], [ -104.474009150029389, 19.236548140398703 ], [ -104.473687799926367, 19.235621579754817 ], [ -104.47346547971398, 19.234269220217826 ], [ -104.473343980235157, 19.232705140411415 ], [ -104.473265109539895, 19.231831400163255 ], [ -104.473369250409291, 19.23087956969578 ], [ -104.473371030379653, 19.230823750337454 ], [ -104.473390140313867, 19.230229780070726 ], [ -104.473214880020635, 19.229740779782617 ], [ -104.473032080180374, 19.229356339999523 ], [ -104.472905569752328, 19.229252290345048 ], [ -104.472529780330234, 19.228943250324438 ], [ -104.472041679784482, 19.228844380454294 ], [ -104.471672910308712, 19.228835850018118 ], [ -104.471109139529304, 19.228970799715636 ], [ -104.470342510176408, 19.229243970188993 ], [ -104.470042859811841, 19.229644860064845 ], [ -104.469453490242742, 19.23004056964372 ], [ -104.469362569872715, 19.230074579819632 ], [ -104.469242890321723, 19.230119369843408 ], [ -104.468239199757505, 19.230494969823376 ], [ -104.467785820419238, 19.230664619695165 ], [ -104.467710379931503, 19.230693919564228 ], [ -104.46689631989392, 19.231010219548935 ], [ -104.466425260254468, 19.230978219659761 ], [ -104.466008259929026, 19.230718520182336 ], [ -104.46560073991904, 19.230297819930396 ], [ -104.465090170463967, 19.230055000032557 ], [ -104.464784599911752, 19.230037780143796 ], [ -104.46448475000237, 19.230354460329625 ], [ -104.464258890385679, 19.231164200015098 ], [ -104.463812020206433, 19.231917680099897 ], [ -104.463016259869292, 19.232959660429785 ], [ -104.462905940224147, 19.233360689996008 ], [ -104.462931709749142, 19.233944029975632 ], [ -104.462803819794559, 19.23524510976841 ], [ -104.462822169909728, 19.236095799734663 ], [ -104.463066750096559, 19.236819030444693 ], [ -104.463241629898931, 19.237485140248108 ], [ -104.463502629666593, 19.237948910088619 ], [ -104.463920379763735, 19.23842194973933 ], [ -104.464422380224477, 19.239153949619496 ], [ -104.464413520242786, 19.23954695013574 ], [ -104.46459834045011, 19.239861579721598 ], [ -104.465386599569172, 19.240282850409454 ], [ -104.46597169010424, 19.2409218601905 ], [ -104.46648041985587, 19.242023510385266 ], [ -104.466697750119053, 19.243111229910284 ], [ -104.466830280424475, 19.243812030297555 ], [ -104.467218290018437, 19.244524350426904 ], [ -104.467008180073336, 19.245106889931961 ], [ -104.466112090210885, 19.245963540299726 ], [ -104.465256369911515, 19.246419739798579 ], [ -104.464516680450302, 19.246726490282196 ], [ -104.463823219836144, 19.247084950107627 ], [ -104.463023429583103, 19.247368279555779 ], [ -104.462624119670906, 19.247276910204334 ], [ -104.461535140411499, 19.246584769824739 ], [ -104.460610979833547, 19.246045890225844 ], [ -104.460056369582148, 19.245981540200663 ], [ -104.45951936966047, 19.246233059637152 ], [ -104.458288690073175, 19.247182799799905 ], [ -104.457737629982276, 19.247704859748936 ], [ -104.457220660457153, 19.24782354989317 ], [ -104.456290570149321, 19.247828550382962 ], [ -104.455814370255013, 19.247916629859713 ], [ -104.455698740146062, 19.248040260417515 ], [ -104.455653400051872, 19.248219549999259 ], [ -104.455677969556106, 19.248453649675714 ], [ -104.455893120292956, 19.248810450205465 ], [ -104.456337399757132, 19.249502650424208 ], [ -104.456853519943593, 19.250361140279722 ], [ -104.457366799852608, 19.251010880142704 ], [ -104.457962979859886, 19.251338429792892 ], [ -104.458736580259952, 19.252666289777835 ], [ -104.459128820391513, 19.253337319781231 ], [ -104.459430859756807, 19.253688199867167 ], [ -104.459665290388514, 19.253996750129062 ], [ -104.459804970261089, 19.254448419699234 ], [ -104.459834950241969, 19.254975030016748 ], [ -104.459752229734576, 19.255347230260941 ], [ -104.45952760045202, 19.256054600111081 ], [ -104.459257999552733, 19.257019279903371 ], [ -104.458938030010117, 19.257788940430284 ], [ -104.458541179932297, 19.25837015041445 ], [ -104.458003369546489, 19.258856799625924 ], [ -104.457527019538773, 19.259419460136034 ], [ -104.45695288959493, 19.259809769882221 ], [ -104.456132369764902, 19.260013139906132 ], [ -104.455915250006072, 19.259990569622957 ], [ -104.455225630208574, 19.259918829613603 ], [ -104.45453852022905, 19.259852550311983 ], [ -104.453785779832558, 19.259771829757977 ], [ -104.453052819857803, 19.259659830080373 ], [ -104.452365710357526, 19.259525889944353 ], [ -104.451749050139483, 19.259259539707543 ], [ -104.451309879682171, 19.259137740388145 ], [ -104.450814019745735, 19.259042149881164 ], [ -104.450164380101612, 19.258921379591683 ], [ -104.449660149719662, 19.258939319563073 ], [ -104.448929169537365, 19.258997019950417 ], [ -104.448367369812104, 19.259147740300556 ], [ -104.447971480270709, 19.259425950362857 ], [ -104.447727349536521, 19.25990757961657 ], [ -104.447527850294463, 19.260256019840128 ], [ -104.447390049938406, 19.260287030366232 ], [ -104.447058799532613, 19.260361580023851 ], [ -104.446223289599388, 19.260370630390938 ], [ -104.445063489962834, 19.260606680187166 ], [ -104.444442630057793, 19.260725830033554 ], [ -104.443984350137015, 19.260824149748625 ], [ -104.4435262204521, 19.260931569672913 ], [ -104.443164060126762, 19.261046519583392 ], [ -104.442515599529898, 19.261229750236083 ], [ -104.441897089653679, 19.26142645015479 ], [ -104.441500090073234, 19.26166022044611 ], [ -104.441096860074509, 19.262070650287452 ], [ -104.440547459897502, 19.262495569872275 ], [ -104.44017487971314, 19.262876739601516 ], [ -104.439830109605211, 19.262904979666459 ], [ -104.439404939863991, 19.262720219831561 ], [ -104.438839799879517, 19.262579920328083 ], [ -104.43855297970893, 19.262668950357579 ], [ -104.438407849871112, 19.262873089588979 ], [ -104.438323580080876, 19.263664689842606 ], [ -104.438199879632734, 19.264344179854266 ], [ -104.438160319755383, 19.264617780119238 ], [ -104.438112750045676, 19.264918340010571 ], [ -104.437950200323627, 19.265078939798855 ], [ -104.437529259891789, 19.26540317995417 ], [ -104.437211350387017, 19.266162980161308 ], [ -104.437008049901053, 19.266974860406247 ], [ -104.437142050201686, 19.267623979618563 ], [ -104.437039779604945, 19.26822612009769 ], [ -104.436701110392022, 19.268674819865854 ], [ -104.436107879697587, 19.269171550143017 ], [ -104.435764599805523, 19.269637249783646 ], [ -104.435749890206864, 19.270155619954505 ], [ -104.436018090198345, 19.270800510447529 ], [ -104.436253710019216, 19.27131810996827 ], [ -104.436398339691578, 19.271897369557323 ], [ -104.43657887995775, 19.27258837011474 ], [ -104.436758119734847, 19.272887109874528 ], [ -104.436929259792194, 19.273172319938077 ], [ -104.437213179774574, 19.273840249751863 ], [ -104.437611000307825, 19.274358940382033 ], [ -104.43808414988267, 19.27474745003672 ], [ -104.438689139721959, 19.275188660158985 ], [ -104.438765140296439, 19.275613250032144 ], [ -104.439450260437752, 19.276499579618644 ], [ -104.439739460289161, 19.276959920152393 ], [ -104.439795749793888, 19.277233780157143 ], [ -104.43960562015819, 19.2775871999551 ], [ -104.439259120252416, 19.277987860152361 ], [ -104.439165020292094, 19.278047570320901 ], [ -104.438962829553304, 19.278175829612401 ], [ -104.438867830325179, 19.278236110400758 ], [ -104.438484659586734, 19.278491420267976 ], [ -104.438102689878505, 19.278811919700939 ], [ -104.437414909922083, 19.279167029745967 ], [ -104.436641080359564, 19.279387430248445 ], [ -104.43573140007625, 19.279126139951892 ], [ -104.434497259863804, 19.27916235034828 ], [ -104.43343721956559, 19.279161679566805 ], [ -104.432560290132656, 19.279175820084809 ], [ -104.431572120274808, 19.279151030009679 ], [ -104.430754739652031, 19.279241709780766 ], [ -104.430022199666183, 19.279317430259489 ], [ -104.429233079732398, 19.279291349784067 ], [ -104.428805770305232, 19.279457140069212 ], [ -104.427861119606646, 19.279876230065437 ], [ -104.427048260325606, 19.280116140147822 ], [ -104.426393920359104, 19.280339549662891 ], [ -104.425931970007497, 19.280486540307653 ], [ -104.425420090268034, 19.280731180086395 ], [ -104.424903230292529, 19.280975659863387 ], [ -104.424693570102704, 19.281325080051516 ], [ -104.424365199981168, 19.281768849651893 ], [ -104.423892940392406, 19.282036980255995 ], [ -104.423815200055444, 19.282081119969668 ], [ -104.423330979717747, 19.282032719660247 ], [ -104.423004850282197, 19.282011000349382 ], [ -104.422703400384833, 19.281766180034442 ], [ -104.422460089990565, 19.281338459893487 ], [ -104.422288550396374, 19.281070889619972 ], [ -104.422012349750929, 19.280828200012024 ], [ -104.421483080114484, 19.280418459624599 ], [ -104.420943400163395, 19.279996660103986 ], [ -104.420653369693014, 19.27981482016995 ], [ -104.420442879997381, 19.279635250025443 ], [ -104.420252599766755, 19.279573059899391 ], [ -104.420040060156651, 19.279612340065221 ], [ -104.419783029791773, 19.279665419710433 ], [ -104.419684400410432, 19.279728970030597 ], [ -104.419658619547349, 19.280019690309825 ], [ -104.419288079870796, 19.28008091964611 ], [ -104.418884680406663, 19.28014860041597 ], [ -104.418329490101456, 19.280200080254261 ], [ -104.417780750459343, 19.280198119646045 ], [ -104.417447629889736, 19.280269089882495 ], [ -104.41695223029204, 19.280697830429425 ], [ -104.416452550003655, 19.281049339605563 ], [ -104.416067949856568, 19.28122566004869 ], [ -104.41566434012438, 19.281377280298234 ], [ -104.415298740405802, 19.28157751996482 ], [ -104.414731450005135, 19.28183619983826 ], [ -104.414253480322387, 19.282157539908365 ], [ -104.413913310455413, 19.282429449844944 ], [ -104.41349791975415, 19.282667169864403 ], [ -104.413216739706044, 19.282945349968081 ], [ -104.413048369541713, 19.28327799966894 ], [ -104.412961769991412, 19.283667600360719 ], [ -104.412973539545604, 19.284252649564941 ], [ -104.412972170052896, 19.284664320418077 ], [ -104.412715059967041, 19.285074859733562 ], [ -104.412365179928983, 19.28532924989824 ], [ -104.412014119956709, 19.285353510430152 ], [ -104.411470149709189, 19.285512750367161 ], [ -104.410750719676457, 19.285815320443607 ], [ -104.40997107965886, 19.286051650005952 ], [ -104.409350109831365, 19.286038679804886 ], [ -104.408551520160202, 19.286026979726678 ], [ -104.40781641982224, 19.286038690432761 ], [ -104.407044059909524, 19.286162939632497 ], [ -104.406390220475146, 19.286345200300779 ], [ -104.405862819609027, 19.286533369592771 ], [ -104.405245649821069, 19.286657349738373 ], [ -104.404730339851326, 19.286839199879168 ], [ -104.404356450414681, 19.287270150418088 ], [ -104.403796579631631, 19.287536029629031 ], [ -104.403266230242721, 19.287754320240357 ], [ -104.40261875033481, 19.288250829630691 ], [ -104.401891770089321, 19.288525049933266 ], [ -104.401353970308577, 19.288888429689692 ], [ -104.400945599875143, 19.289069799845347 ], [ -104.399925370447534, 19.288956820388872 ], [ -104.399231909618663, 19.288710349985898 ], [ -104.399215259565352, 19.288319349877749 ], [ -104.398536050439674, 19.287818719936912 ], [ -104.39823072014552, 19.287440710310285 ], [ -104.397863259944543, 19.287107800107798 ], [ -104.397462229801064, 19.286751379921569 ], [ -104.397431680440675, 19.285819199705866 ], [ -104.39777231965266, 19.284943569953946 ], [ -104.398249290096956, 19.284110750216268 ], [ -104.39871887974698, 19.283516860357242 ], [ -104.399314320443267, 19.283116109587507 ], [ -104.399828399767912, 19.28230526029802 ], [ -104.400317750014608, 19.281666720121589 ], [ -104.400946800313548, 19.281054289682753 ], [ -104.401040369769305, 19.280504260010197 ], [ -104.401427690176547, 19.279856850076776 ], [ -104.401725109754665, 19.279347089588509 ], [ -104.401958380432461, 19.27876567966112 ], [ -104.402307310273784, 19.278565579763345 ], [ -104.402452629874304, 19.278400660391807 ], [ -104.402394919639832, 19.278138719875816 ], [ -104.402355599586969, 19.277915629628477 ], [ -104.40233996975212, 19.277697769669278 ], [ -104.402340060078856, 19.277367799635432 ], [ -104.40232057954519, 19.277036139753214 ], [ -104.402131519559518, 19.276856479644291 ], [ -104.401824600095082, 19.276829980101954 ], [ -104.401515739581953, 19.276689510024898 ], [ -104.401261690457616, 19.276466919914125 ], [ -104.401301770220485, 19.276023739847158 ], [ -104.401629419694402, 19.275199089767668 ], [ -104.402145089914313, 19.274504919798058 ], [ -104.402407400405323, 19.274070200355474 ], [ -104.402744909659816, 19.273839090274471 ], [ -104.40284025953612, 19.273638250031684 ], [ -104.402850340227332, 19.273617020327453 ], [ -104.403008629982992, 19.273290350011834 ], [ -104.403062219872012, 19.272842199679065 ], [ -104.403190059778225, 19.272340980260488 ], [ -104.403190629995166, 19.271781419757431 ], [ -104.40304698042118, 19.271442890364483 ], [ -104.402846000223121, 19.271180080089458 ], [ -104.402751570111661, 19.271026060124353 ], [ -104.40261623007892, 19.270533800332913 ], [ -104.402367339849249, 19.270232819767454 ], [ -104.402149199604892, 19.270007569848907 ], [ -104.401754660210074, 19.269825819645728 ], [ -104.4017685802459, 19.269560980213893 ], [ -104.402131420164352, 19.268690820252161 ], [ -104.4021968898126, 19.268282450417605 ], [ -104.40191015025691, 19.267805740126885 ], [ -104.401667059797603, 19.26749656969335 ], [ -104.401301059804808, 19.267178339704689 ], [ -104.401322510286789, 19.26681303030281 ], [ -104.401007520007511, 19.266659369973546 ], [ -104.400467890043387, 19.266731420109874 ], [ -104.399961430290432, 19.26707027979668 ], [ -104.399412399754965, 19.267719660160516 ], [ -104.399108510192406, 19.268240320420524 ], [ -104.398714400023309, 19.268755980213609 ], [ -104.398483200401628, 19.268982709867746 ], [ -104.398489149995612, 19.269320580287562 ], [ -104.397968689778722, 19.269762800033856 ], [ -104.397320800435168, 19.270150259585044 ], [ -104.396843139691399, 19.270417979826796 ], [ -104.396391310165967, 19.270678830045533 ], [ -104.395975220029939, 19.271034890100239 ], [ -104.395560600141948, 19.271288250437848 ], [ -104.394827740112319, 19.271360879583337 ], [ -104.394299709624448, 19.271439880031373 ], [ -104.393682250349798, 19.271410690164892 ], [ -104.393273449596464, 19.271406090385849 ], [ -104.392684169895944, 19.271432030169194 ], [ -104.392132340321908, 19.271595830124657 ], [ -104.391442949545393, 19.271635950165134 ], [ -104.390865179764049, 19.271602980148213 ], [ -104.390302850318037, 19.271604859879609 ], [ -104.38979471045225, 19.271624260274599 ], [ -104.38904514018995, 19.271678400270446 ], [ -104.388404320335766, 19.271575779872457 ], [ -104.387805550069402, 19.271514739956217 ], [ -104.38717880022476, 19.271390309937594 ], [ -104.386876630131709, 19.271406199820497 ], [ -104.386396000080964, 19.271701420147561 ], [ -104.385500400160112, 19.27197842009766 ], [ -104.385364619766818, 19.272002649732727 ], [ -104.385010920130156, 19.272065749937262 ], [ -104.38433093988094, 19.272041579732605 ], [ -104.383819750335817, 19.27238316996808 ], [ -104.383324019598462, 19.272713279662749 ], [ -104.382982690084773, 19.273176509980463 ], [ -104.382647850201465, 19.273689510137597 ], [ -104.382343149552199, 19.274197650363657 ], [ -104.38201050960943, 19.27478745041337 ], [ -104.381572060005624, 19.275484650312745 ], [ -104.380835970048395, 19.276152569959283 ], [ -104.380327350477117, 19.276562710341103 ], [ -104.379876849815318, 19.277184059872983 ], [ -104.379221450229821, 19.277895979901075 ], [ -104.378723969896996, 19.278363599939038 ], [ -104.3780471702905, 19.27894385022466 ], [ -104.377571910232874, 19.279318249917356 ], [ -104.377115110116137, 19.279767649766367 ], [ -104.376615909752772, 19.280267349639914 ], [ -104.376001850373271, 19.280759720236887 ], [ -104.375464199692672, 19.281114720028782 ], [ -104.374803819962921, 19.281248690370624 ], [ -104.374273460346771, 19.281883979888104 ], [ -104.373825969843949, 19.281855180220528 ], [ -104.373331910422564, 19.28168382968656 ], [ -104.372860579849359, 19.281468909851256 ], [ -104.372199859580334, 19.281282719659838 ], [ -104.371629520452927, 19.28095277012363 ], [ -104.371142179891564, 19.280559000359624 ], [ -104.370727349648405, 19.28016646012258 ], [ -104.370273220215125, 19.28004802006836 ], [ -104.370013850348144, 19.279847149808308 ], [ -104.369582479580075, 19.279568079846577 ], [ -104.368678279674626, 19.27908245965876 ], [ -104.368132600120219, 19.278783449833934 ], [ -104.367551599637153, 19.278525980008343 ], [ -104.367067290406254, 19.278285050426796 ], [ -104.366149049730552, 19.277770029865536 ], [ -104.365595310179614, 19.2774444595955 ], [ -104.365196450351903, 19.277166920004973 ], [ -104.364639890206092, 19.276635780321495 ], [ -104.364245940141686, 19.276203419899549 ], [ -104.363723749773229, 19.275504319679019 ], [ -104.363316120174133, 19.275336220319115 ], [ -104.36321258017604, 19.275155370020791 ], [ -104.363210319662443, 19.274780679824136 ], [ -104.362932580398294, 19.274282019706312 ], [ -104.362963119971582, 19.273762649833063 ], [ -104.363485970157697, 19.272657659905359 ], [ -104.363820089568307, 19.271414350100731 ], [ -104.364014880143515, 19.270828970282139 ], [ -104.36421537023341, 19.270299370424059 ], [ -104.364345219751655, 19.269791490041833 ], [ -104.36424707972553, 19.269414150356262 ], [ -104.363933710044932, 19.269175399834786 ], [ -104.363477150373342, 19.269129829950526 ], [ -104.362723689618704, 19.269095719901774 ], [ -104.361873689921083, 19.269078419589249 ], [ -104.36123526018693, 19.269223289829466 ], [ -104.360597999719857, 19.269425290023772 ], [ -104.360078169650862, 19.269469419938655 ], [ -104.359469169705804, 19.26972709003909 ], [ -104.358971259925823, 19.270007199880443 ], [ -104.358493880341214, 19.270355180375095 ], [ -104.357942970266095, 19.270569289826494 ], [ -104.357671749524542, 19.270927769561201 ], [ -104.356990399559692, 19.271964030455134 ], [ -104.356521600027079, 19.272495380412604 ], [ -104.35595915002159, 19.273033260044851 ], [ -104.35520615026212, 19.273781050064919 ], [ -104.354997720466869, 19.274071090242472 ], [ -104.354917600392497, 19.274698579640408 ], [ -104.35439012031523, 19.275350279760225 ], [ -104.354054059772452, 19.275783910149087 ], [ -104.353576970306761, 19.276970920097195 ], [ -104.352769660471921, 19.278257120403154 ], [ -104.352389380233987, 19.278858550343163 ], [ -104.351846230463934, 19.279612750176831 ], [ -104.351318249579222, 19.280285630446762 ], [ -104.350303220343534, 19.281010090393963 ], [ -104.349866259624321, 19.281471429697053 ], [ -104.34932620024864, 19.282059199903252 ], [ -104.348784200025364, 19.282720850299238 ], [ -104.34766752017967, 19.284190309566274 ], [ -104.347148570155966, 19.284684800114338 ], [ -104.346614170002823, 19.285351020180858 ], [ -104.346195479569005, 19.285969599598637 ], [ -104.345718549917848, 19.286531919968141 ], [ -104.345437220020457, 19.286981940304361 ], [ -104.345000950436813, 19.287336710414582 ], [ -104.344637780318649, 19.287881119855651 ], [ -104.344377050181208, 19.288423950385116 ], [ -104.344214969966714, 19.289104230115651 ], [ -104.343880290283821, 19.289545979819863 ], [ -104.343375620203986, 19.289710520015827 ], [ -104.342802030218664, 19.289988080074572 ], [ -104.342236830389425, 19.289967309608123 ], [ -104.341793199636896, 19.289884319916787 ], [ -104.34107713964822, 19.289875460455885 ], [ -104.340324200098635, 19.289227939969841 ], [ -104.33984688967999, 19.28912455015714 ], [ -104.338846089563773, 19.289140060073407 ], [ -104.337835570162667, 19.289039400153328 ], [ -104.336760460085159, 19.288614860424186 ], [ -104.336012850314162, 19.28817522979714 ], [ -104.335491820277852, 19.287574449664383 ], [ -104.335203749803782, 19.287274800004148 ], [ -104.334943540436882, 19.286947910325591 ], [ -104.334619280105272, 19.28673826033755 ], [ -104.334130720259466, 19.286501370435815 ], [ -104.333680829916645, 19.28664302024416 ], [ -104.33333480038813, 19.286708220257264 ], [ -104.332973489891643, 19.286803580032576 ], [ -104.332201399978558, 19.287037860304316 ], [ -104.331848139543666, 19.287512310025768 ], [ -104.331431220195924, 19.287599909768424 ], [ -104.33097785011482, 19.287560219930839 ], [ -104.330630080259581, 19.287421259897812 ], [ -104.330204980167238, 19.287274369936199 ], [ -104.329834150203695, 19.286908080428731 ], [ -104.329024170027196, 19.286106319585283 ], [ -104.32839514041234, 19.285805909647713 ], [ -104.327331949760321, 19.285345750315457 ], [ -104.326533139549056, 19.284971079828036 ], [ -104.325832310251158, 19.284560349748602 ], [ -104.325275309633184, 19.284110920427551 ], [ -104.324618350115017, 19.283601749620384 ], [ -104.324112340318564, 19.283102280248894 ], [ -104.323707799806485, 19.282436920020437 ], [ -104.323713800133419, 19.281847110410691 ], [ -104.323425550180886, 19.281360169970139 ], [ -104.323122290312853, 19.28088265036401 ], [ -104.32252569043375, 19.2805475797798 ], [ -104.32184429021747, 19.280488679847299 ], [ -104.320993720245781, 19.280886630227737 ], [ -104.320514449627879, 19.28093274995765 ], [ -104.320153110059451, 19.280613970079422 ], [ -104.319544579713295, 19.280257230088033 ], [ -104.319366349626733, 19.280197309557717 ], [ -104.318888290153154, 19.280036539709918 ], [ -104.317843979711355, 19.280100430041475 ], [ -104.316708200139516, 19.280117860235794 ], [ -104.316177350224535, 19.279835449770438 ], [ -104.315565580193635, 19.279451020382311 ], [ -104.31480390955987, 19.279355890403476 ], [ -104.314128479539605, 19.279632180129443 ], [ -104.313496850078693, 19.279726459633249 ], [ -104.312802660027245, 19.280095969833067 ], [ -104.312566599864979, 19.280649799788396 ], [ -104.312472889642848, 19.28106976985223 ], [ -104.312393260125134, 19.281448949603831 ], [ -104.312325739754741, 19.281947829564043 ], [ -104.311946049920692, 19.282396519967723 ], [ -104.311586479827014, 19.282853949613141 ], [ -104.311244629998384, 19.283200380238593 ], [ -104.311187199866922, 19.283900680019716 ], [ -104.311037860374668, 19.284757769670232 ], [ -104.310786430428635, 19.285988710348065 ], [ -104.310918910235927, 19.288043520367584 ], [ -104.310840779829704, 19.289030029707302 ], [ -104.310633739735948, 19.289507479663417 ], [ -104.310119720271473, 19.290037879703544 ], [ -104.309793429554645, 19.29036545008486 ], [ -104.309025060442963, 19.290457849632304 ], [ -104.308211180133071, 19.291144229895355 ], [ -104.307847090140896, 19.291689999996656 ], [ -104.307336179743942, 19.292111909774388 ], [ -104.30665865978969, 19.292559110049879 ], [ -104.305878000404647, 19.293416739825666 ], [ -104.304839310356087, 19.293772050095889 ], [ -104.30350943030443, 19.293979350155617 ], [ -104.302828089798936, 19.294235940426109 ], [ -104.302156620010479, 19.29463928984875 ], [ -104.301335400199804, 19.295237479934698 ], [ -104.300590110352772, 19.295586369819826 ], [ -104.300100769741093, 19.29602437970939 ], [ -104.299714000003846, 19.296526689851003 ], [ -104.299482020472567, 19.297071479998699 ], [ -104.2991913395457, 19.297458920329184 ], [ -104.299123119569614, 19.298219890401899 ], [ -104.299046249901323, 19.299194420215272 ], [ -104.298804569563259, 19.30017079999568 ], [ -104.298625859831603, 19.300982219637227 ], [ -104.29846745980231, 19.301642050056458 ], [ -104.298333260367755, 19.302133370356909 ], [ -104.298038949630865, 19.302379230154767 ], [ -104.297591000362132, 19.302670770186914 ], [ -104.296806850044945, 19.302971689858612 ], [ -104.296007420117462, 19.303295079908686 ], [ -104.295443889828803, 19.303407769978943 ], [ -104.295184090185614, 19.30345972024103 ], [ -104.294612230328454, 19.303441970198932 ], [ -104.294020230083404, 19.30347080019861 ], [ -104.293119509948966, 19.303293249596596 ], [ -104.292180979580735, 19.303012120039714 ], [ -104.29141694979775, 19.302696680436121 ], [ -104.290599750392474, 19.302047549637276 ], [ -104.289783890233352, 19.301749380032462 ], [ -104.288900919816228, 19.301154570048645 ], [ -104.288541549535978, 19.300581449589345 ], [ -104.288026429882677, 19.300287149783308 ], [ -104.287551520037624, 19.300127180065431 ], [ -104.287161490275153, 19.299922689825454 ], [ -104.286892199952888, 19.299587740161954 ], [ -104.286939650004754, 19.299280860238181 ], [ -104.286938649666027, 19.298894860271627 ], [ -104.287051999951075, 19.298341250017376 ], [ -104.287170860047809, 19.297662739749743 ], [ -104.28718994047847, 19.297175600189593 ], [ -104.286886339799523, 19.296938349947254 ], [ -104.285979539569723, 19.296826570234792 ], [ -104.28527899955688, 19.296855739613704 ], [ -104.285040109768659, 19.296862570216014 ], [ -104.285022919585103, 19.296863050439882 ], [ -104.284342139751416, 19.296882509673882 ], [ -104.283635250243208, 19.297005279621562 ], [ -104.282759379809576, 19.297307629855119 ], [ -104.282464459670905, 19.297738849689679 ], [ -104.282337119530084, 19.298198049643968 ], [ -104.282282400194291, 19.298775519796067 ], [ -104.282320020091944, 19.299375109927585 ], [ -104.282471570395074, 19.299877909865849 ], [ -104.282660779563372, 19.300266750011936 ], [ -104.282825660415966, 19.300826740379254 ], [ -104.282567230270132, 19.301739260347897 ], [ -104.282197939526725, 19.301806600217414 ], [ -104.281965119653023, 19.302112020117519 ], [ -104.281704259856269, 19.302535370341868 ], [ -104.281454020267404, 19.302808850274968 ], [ -104.280998650456439, 19.303068740357471 ], [ -104.280270280040483, 19.303204290274483 ], [ -104.279640830127761, 19.30338307978748 ], [ -104.279266550387305, 19.30319354956114 ], [ -104.278983979867917, 19.30276144999722 ], [ -104.278569250333518, 19.302470880022067 ], [ -104.278398520245759, 19.302005709963659 ], [ -104.277809739598439, 19.301702340030694 ], [ -104.277662109795926, 19.301378120212629 ], [ -104.277243780460353, 19.301172049588406 ], [ -104.276819000215994, 19.300913320300577 ], [ -104.276406940385939, 19.30078838030299 ], [ -104.27592124955072, 19.300761740434176 ], [ -104.275062060405588, 19.30084018018696 ], [ -104.274153379630775, 19.300994119673998 ], [ -104.273545260310527, 19.300856450144884 ], [ -104.273002289795215, 19.300751630115403 ], [ -104.272448580393146, 19.300810550398506 ], [ -104.27192343041078, 19.300985349830583 ], [ -104.2716326900632, 19.301141480370113 ], [ -104.271171139800131, 19.301594629735767 ], [ -104.270520850221601, 19.301918510204864 ], [ -104.269800600442665, 19.30192708961744 ], [ -104.269264280129931, 19.302209910323395 ], [ -104.268905769581849, 19.302648320182957 ], [ -104.268642599994337, 19.303162080069445 ], [ -104.268445029815126, 19.303713519550797 ], [ -104.267835519962134, 19.304549050311437 ], [ -104.267501339547053, 19.304921169866947 ], [ -104.26699642962501, 19.305140650354311 ], [ -104.266446280451987, 19.305358649937666 ], [ -104.265817399620389, 19.30574300011299 ], [ -104.265133490077545, 19.306001080342849 ], [ -104.264329779817231, 19.30633542974758 ], [ -104.263799659743938, 19.306591980370438 ], [ -104.263168249767688, 19.306896430110434 ], [ -104.262506689628566, 19.307168000099342 ], [ -104.262233319984816, 19.307370779973802 ], [ -104.261929280162889, 19.307737180086789 ], [ -104.261741770300034, 19.308225880058892 ], [ -104.261624460371692, 19.308919539654308 ], [ -104.261505479917588, 19.309626280114262 ], [ -104.261544570256987, 19.310256540282349 ], [ -104.26155658016161, 19.310692319958907 ], [ -104.26159630956964, 19.311073430055412 ], [ -104.261524250421232, 19.311331539643803 ], [ -104.261436380378782, 19.311671520058006 ], [ -104.261179050131332, 19.311806200403598 ], [ -104.260671719697527, 19.311825999705121 ], [ -104.260546769924304, 19.311830880316663 ], [ -104.25997347965567, 19.311787999865437 ], [ -104.259585169594928, 19.311677660139996 ], [ -104.25855336971722, 19.311319369953949 ], [ -104.257782319823235, 19.311089429562184 ], [ -104.257177750220677, 19.310933829860168 ], [ -104.256628279794455, 19.310642150171162 ], [ -104.256252120148915, 19.310206289923503 ], [ -104.256074939679138, 19.309948920009923 ], [ -104.255857620304226, 19.309899180368951 ], [ -104.255579000263197, 19.309943089941005 ], [ -104.254199199969804, 19.310108220424237 ], [ -104.253506879775216, 19.310132480405947 ], [ -104.252628020235392, 19.310282289828969 ], [ -104.251845679694313, 19.310469170070157 ], [ -104.25133467974004, 19.310597599945137 ], [ -104.250447020056512, 19.310940509613612 ], [ -104.249900339824066, 19.311258380150324 ], [ -104.249515690454018, 19.311590319555624 ], [ -104.248561370457864, 19.311850479718842 ], [ -104.247888140210208, 19.312104510431098 ], [ -104.247690980463105, 19.312178910343199 ], [ -104.246893169923197, 19.312041280333904 ], [ -104.246268179600321, 19.3119554197893 ], [ -104.24596365954298, 19.311742459744753 ], [ -104.245683419760411, 19.311264079828526 ], [ -104.244966820044041, 19.310910149947436 ], [ -104.24440427967825, 19.310735149607385 ], [ -104.244181910127992, 19.310392369602688 ], [ -104.243669310346149, 19.310091719683133 ] ] ], [ [ [ -112.064312659939603, 18.991570179791903 ], [ -112.064468619752091, 18.991304490059999 ], [ -112.06503254, 18.991355290223993 ], [ -112.065110140062544, 18.991449949685489 ], [ -112.065294579557801, 18.991737720118227 ], [ -112.065532999956233, 18.991954999673556 ], [ -112.065829279870229, 18.992012890126482 ], [ -112.066131289769956, 18.992148180223264 ], [ -112.066241660141102, 18.992363219769178 ], [ -112.066363259835285, 18.992588200085343 ], [ -112.066363259708766, 18.992588250021399 ], [ -112.066384310191836, 18.992730940347869 ], [ -112.066384309850037, 18.992731000283797 ], [ -112.066422770328955, 18.992928630343854 ], [ -112.06642277020245, 18.992928680279867 ], [ -112.066422820082394, 18.993084119578704 ], [ -112.066361509633907, 18.99321014022085 ], [ -112.066244910166589, 18.993362629875229 ], [ -112.065997550148055, 18.993334339859825 ], [ -112.065652279670331, 18.993246219622339 ], [ -112.065591060110279, 18.993050599677115 ], [ -112.065473350002591, 18.992736219790434 ], [ -112.065302000017724, 18.992625769587473 ], [ -112.065155179863865, 18.992524379764635 ], [ -112.064935400395811, 18.99241707957886 ], [ -112.06480227966648, 18.992358980117029 ], [ -112.064717519805271, 18.992309630353109 ], [ -112.064595090127867, 18.992073260203249 ], [ -112.064328180341391, 18.991780199770744 ], [ -112.06431265981233, 18.991570229727696 ], [ -112.064312659939603, 18.991570179791903 ] ] ], [ [ [ -110.801021451284399, 19.334874325310267 ], [ -110.80011613767067, 19.334566914349626 ], [ -110.799251467181705, 19.334887496663793 ], [ -110.797745662634114, 19.334585069666804 ], [ -110.797424826499693, 19.334513722398455 ], [ -110.796346531080545, 19.333976233086819 ], [ -110.795360264718468, 19.333883635948634 ], [ -110.794510239580475, 19.333452899173693 ], [ -110.794552525060439, 19.33263996263716 ], [ -110.794994670859793, 19.331653632686404 ], [ -110.794873638552062, 19.330760164366691 ], [ -110.795262444237991, 19.329927031332133 ], [ -110.795005732896385, 19.328891386515714 ], [ -110.794527958103558, 19.328348904104935 ], [ -110.794739354654908, 19.327706219485165 ], [ -110.794336748906474, 19.326859183121574 ], [ -110.793187227967792, 19.326686038792403 ], [ -110.792058979038671, 19.326841836338371 ], [ -110.791671860267144, 19.326234031253644 ], [ -110.792065908753642, 19.325970933064539 ], [ -110.792474053240255, 19.325436857357392 ], [ -110.791998235126584, 19.324924273579679 ], [ -110.79140414967307, 19.324538649347581 ], [ -110.791585987642421, 19.323927710964593 ], [ -110.79197809612495, 19.323634709202615 ], [ -110.792746275761317, 19.323289774410984 ], [ -110.794170160376694, 19.322816569358867 ], [ -110.794025376680906, 19.322044562152829 ], [ -110.793868434214559, 19.3215734352958 ], [ -110.794605652890155, 19.320750022695197 ], [ -110.795515836262695, 19.320156659772181 ], [ -110.79538182425479, 19.318573568829144 ], [ -110.795353364652186, 19.317644700517057 ], [ -110.795625803765574, 19.316968445981214 ], [ -110.795912331724438, 19.31602121651574 ], [ -110.796551144114986, 19.315143500268835 ], [ -110.796857006117165, 19.314495312167157 ], [ -110.797274770015477, 19.314110751062756 ], [ -110.799007721130508, 19.313529426830719 ], [ -110.800049634859974, 19.313018405735303 ], [ -110.800564884461437, 19.3116976272306 ], [ -110.800572293361583, 19.310346437628453 ], [ -110.800587441930617, 19.309114866622419 ], [ -110.800633553926943, 19.30836175889803 ], [ -110.80031137923983, 19.307780217187165 ], [ -110.799453222467207, 19.307710204448529 ], [ -110.798410497445829, 19.307230717084021 ], [ -110.797471941339282, 19.306895233114652 ], [ -110.797177410513513, 19.30625204147842 ], [ -110.796538905200052, 19.305178658210579 ], [ -110.796287483735938, 19.304713052361116 ], [ -110.795992412679894, 19.304550156779204 ], [ -110.796247415950489, 19.30360477658278 ], [ -110.79649993184735, 19.303109790178709 ], [ -110.796283879358427, 19.302702156386157 ], [ -110.796646354153069, 19.30244088982268 ], [ -110.797029215636158, 19.302456393553062 ], [ -110.796777301173947, 19.301532761352782 ], [ -110.797330679936664, 19.301290378143751 ], [ -110.797706690938625, 19.301238434952268 ], [ -110.79850676673621, 19.300411348411359 ], [ -110.799345529187278, 19.300182329979084 ], [ -110.799558794093571, 19.29956956308321 ], [ -110.799757975810493, 19.29922776443626 ], [ -110.800470213640381, 19.299486382373807 ], [ -110.800763877694578, 19.299139070686067 ], [ -110.800981874023122, 19.299576599880879 ], [ -110.801332721214777, 19.299135901743245 ], [ -110.801457296853187, 19.298618354761302 ], [ -110.801673359301418, 19.2990259791701 ], [ -110.801980036294154, 19.29936828382197 ], [ -110.802375922552315, 19.299135070425816 ], [ -110.802307654772676, 19.298568741438977 ], [ -110.802624537822012, 19.298580268392172 ], [ -110.802720430803234, 19.299084952516822 ], [ -110.802982593460939, 19.298739474381538 ], [ -110.803230680545241, 19.298664965095362 ], [ -110.80362075458423, 19.298342038246439 ], [ -110.803946793570645, 19.298983373467934 ], [ -110.804618384624163, 19.298613998460329 ], [ -110.8047181569071, 19.299178488310808 ], [ -110.80510332095497, 19.299756337472989 ], [ -110.805863072129796, 19.299772025664954 ], [ -110.806491944807803, 19.300695846051585 ], [ -110.807314182059173, 19.301188143900209 ], [ -110.80851874911454, 19.301237883765882 ], [ -110.80929838235447, 19.301072294741211 ], [ -110.810353722623105, 19.300770535203387 ], [ -110.809814932346526, 19.300261700789832 ], [ -110.809785876246252, 19.299813149016412 ], [ -110.810587309436613, 19.299496197194699 ], [ -110.811611138842665, 19.299196267919974 ], [ -110.812347637200716, 19.298853083610691 ], [ -110.812655325095506, 19.298234779095882 ], [ -110.812952339187419, 19.298427544347067 ], [ -110.814209697627007, 19.298804335756184 ], [ -110.814529973221212, 19.299355937453065 ], [ -110.8150707148084, 19.299894657948379 ], [ -110.816107627873279, 19.300284316040042 ], [ -110.817577246892782, 19.30100887699022 ], [ -110.817946959668433, 19.301347468318735 ], [ -110.818263378525074, 19.301839257807767 ], [ -110.818605477007651, 19.302239495695286 ], [ -110.818189276420867, 19.303134309062965 ], [ -110.818129218126472, 19.304158389863222 ], [ -110.818553705448139, 19.304853982062138 ], [ -110.818382180697625, 19.305134159695658 ], [ -110.818710244524055, 19.305805370728013 ], [ -110.818851271640739, 19.306517532728186 ], [ -110.818114749230133, 19.30686075264158 ], [ -110.817661216933288, 19.30766769949539 ], [ -110.817569655829629, 19.30869362718872 ], [ -110.817468398812025, 19.309570036711442 ], [ -110.817465985097314, 19.310020432880155 ], [ -110.817054107219334, 19.310494759157823 ], [ -110.81706138617497, 19.311094673589245 ], [ -110.816759505531849, 19.311802707583247 ], [ -110.81643629595915, 19.312181799840253 ], [ -110.815859163484774, 19.312545711789518 ], [ -110.815943003445653, 19.313351273536504 ], [ -110.815942523236245, 19.313831575497339 ], [ -110.815693934386701, 19.314386409236487 ], [ -110.815384768413949, 19.314494524946479 ], [ -110.814573566451685, 19.314661988226611 ], [ -110.814486339325825, 19.315267426281803 ], [ -110.814102056334832, 19.315680099373896 ], [ -110.813711957484372, 19.316003059764505 ], [ -110.813235111904291, 19.316451155052256 ], [ -110.812751002820775, 19.316299329503497 ], [ -110.812511132744746, 19.316013168454798 ], [ -110.812040590559107, 19.316070668478385 ], [ -110.810555279239395, 19.317057924791786 ], [ -110.808721518364635, 19.318035493842185 ], [ -110.807182443217812, 19.31770510077504 ], [ -110.806840338504855, 19.317304829919955 ], [ -110.805077809937615, 19.317917989812535 ], [ -110.804070727859752, 19.318967322581329 ], [ -110.803195435929226, 19.320099012199965 ], [ -110.80316534679406, 19.320611059953734 ], [ -110.804088522546337, 19.320707279915919 ], [ -110.804481489713382, 19.32140476298785 ], [ -110.80475233277437, 19.322169406930744 ], [ -110.804228446388038, 19.322380079905567 ], [ -110.804092242672851, 19.322718217514492 ], [ -110.804390714219778, 19.323421216546858 ], [ -110.805252326404812, 19.324031317872457 ], [ -110.805676293429272, 19.325207270438003 ], [ -110.804806407005785, 19.324957860438396 ], [ -110.804516570119418, 19.325364999128301 ], [ -110.803900104308852, 19.32561109143461 ], [ -110.80330828053134, 19.326726247025242 ], [ -110.803056796125659, 19.326260640866355 ], [ -110.80331566308125, 19.325375034777657 ], [ -110.802367290768458, 19.324890051319112 ], [ -110.801055335565053, 19.325626963438221 ], [ -110.800527024710902, 19.326258124299926 ], [ -110.800795919737865, 19.326992875106786 ], [ -110.801226728617678, 19.327297938259598 ], [ -110.801172871181407, 19.32793144450223 ], [ -110.801834402997784, 19.327892856727452 ], [ -110.801938056695604, 19.328517176568635 ], [ -110.801645207448658, 19.329855027206058 ], [ -110.800930872015741, 19.329566501213368 ], [ -110.80066477380673, 19.329852178884277 ], [ -110.800857992003998, 19.331371801631345 ], [ -110.800965515047892, 19.332055933976562 ], [ -110.801848461182701, 19.332995012376021 ], [ -110.802237050972963, 19.334113014906308 ], [ -110.801724199964539, 19.334983424053551 ], [ -110.801021451284399, 19.334874325310267 ] ] ] ] } },
{ "type": "Feature", "properties": { "CVEGEO": "06006", "CVE_ENT": "06", "CVE_MUN": "006", "NOMGEO": "Ixtlahuacán" }, "geometry": { "type": "Polygon", "coordinates": [ [ [ -103.719199979916382, 19.088591850354987 ], [ -103.719054350253572, 19.088595340439106 ], [ -103.718204719730991, 19.088506219957154 ], [ -103.682382720437289, 19.074807890083406 ], [ -103.683407819867995, 19.072776420208914 ], [ -103.682563709541213, 19.072330619722894 ], [ -103.682430999918694, 19.072260519751264 ], [ -103.682267280004439, 19.072174060086706 ], [ -103.679120550033929, 19.070512109820619 ], [ -103.677741680402406, 19.069964710205134 ], [ -103.676466750319705, 19.069489339902471 ], [ -103.674681019595397, 19.068823479914769 ], [ -103.673045220209858, 19.068180350164486 ], [ -103.669311620107351, 19.06674706027594 ], [ -103.660645889678861, 19.063419969910836 ], [ -103.66030508038277, 19.063289110069228 ], [ -103.65839737011045, 19.062556569816721 ], [ -103.658293680234678, 19.059578890345421 ], [ -103.658308579930903, 19.058813369918134 ], [ -103.657315620246081, 19.058180540375666 ], [ -103.647979619743168, 19.056603999607727 ], [ -103.646902259566744, 19.056118740013819 ], [ -103.645038510047584, 19.05621271000112 ], [ -103.644576619774, 19.052661819785307 ], [ -103.644096750057713, 19.051570109902631 ], [ -103.642916629744548, 19.051404109748866 ], [ -103.643844259872452, 19.050139019901348 ], [ -103.644136919996271, 19.049134520031068 ], [ -103.643299540277425, 19.047850280161462 ], [ -103.64466532019425, 19.044618579793465 ], [ -103.64462857015549, 19.043307509895282 ], [ -103.645358749596795, 19.043048770331602 ], [ -103.645296660045275, 19.04169096980068 ], [ -103.645986520424799, 19.041247629962996 ], [ -103.646761780106345, 19.041174049919825 ], [ -103.64677782044815, 19.03871503005675 ], [ -103.647213859642662, 19.037759890400288 ], [ -103.647177879543818, 19.036356520019172 ], [ -103.647377049847577, 19.036131380424585 ], [ -103.647478770043207, 19.035881219938457 ], [ -103.647440179540808, 19.035604230232192 ], [ -103.647258140437373, 19.035117169953629 ], [ -103.647168800356667, 19.034816479801719 ], [ -103.647199629703138, 19.034610109648234 ], [ -103.647594979538951, 19.034228769770046 ], [ -103.648066279765018, 19.033826309827703 ], [ -103.648189780227696, 19.033644919781775 ], [ -103.648195459976662, 19.033484110402224 ], [ -103.648126829716958, 19.033321850024965 ], [ -103.648131549741166, 19.033161050296336 ], [ -103.648158459917653, 19.033023820157531 ], [ -103.648284549898563, 19.032819749952615 ], [ -103.648385770421882, 19.032684519591651 ], [ -103.64851321989785, 19.032434619750841 ], [ -103.648515229880061, 19.032365579643525 ], [ -103.648446619808922, 19.032203320323585 ], [ -103.648401800157316, 19.032041339807819 ], [ -103.648384740445735, 19.031810580261844 ], [ -103.648412720190706, 19.031604779701784 ], [ -103.648443280107017, 19.031375230415815 ], [ -103.648520400390552, 19.031216449800272 ], [ -103.648596829650188, 19.031080400175984 ], [ -103.648647279986335, 19.030920720200349 ], [ -103.64870113993392, 19.030806939789777 ], [ -103.648616710359448, 19.028391520160728 ], [ -103.648373949718845, 19.028049420242603 ], [ -103.648438780442319, 19.027501420235051 ], [ -103.648812850210348, 19.027215309678631 ], [ -103.64907472001515, 19.026571489887484 ], [ -103.649066680219974, 19.025905019789707 ], [ -103.649240549786541, 19.024672519818012 ], [ -103.649152830352222, 19.024109450421843 ], [ -103.649167399701582, 19.023083780359492 ], [ -103.649101709804285, 19.022110289766701 ], [ -103.649504289645591, 19.021952060415163 ], [ -103.650066459653885, 19.021612620264143 ], [ -103.6503023103011, 19.021046019737689 ], [ -103.650243710130098, 19.020662109758497 ], [ -103.649863769807624, 19.020461150454945 ], [ -103.649670380410711, 19.020078709877261 ], [ -103.649878949951102, 19.019486770300375 ], [ -103.64992605023339, 19.018922229747236 ], [ -103.649626679784674, 19.018694770314305 ], [ -103.649140449790792, 19.01862318039386 ], [ -103.648924119962714, 19.01857427957906 ], [ -103.648701619899029, 19.018012679939464 ], [ -103.648613919534739, 19.017449630146302 ], [ -103.648499570439952, 19.016912490384932 ], [ -103.64838862046669, 19.016657339849715 ], [ -103.648091119670426, 19.016583679857693 ], [ -103.647875430007744, 19.016586049907684 ], [ -103.647636779555896, 19.016921919783584 ], [ -103.64756024956985, 19.017281679880846 ], [ -103.647282350116996, 19.017364200181749 ], [ -103.646817020006168, 19.020510080126154 ], [ -103.646903199813977, 19.021891400346224 ], [ -103.636005920292931, 19.028300199618609 ], [ -103.634668349706232, 19.02856717981005 ], [ -103.633848649933284, 19.028501909825476 ], [ -103.63274877969549, 19.028659799800153 ], [ -103.63259846003757, 19.029265110104632 ], [ -103.632545880337702, 19.029243629781945 ], [ -103.631942550259453, 19.028997260063303 ], [ -103.629512459987282, 19.029701280093512 ], [ -103.628756970421577, 19.029705920058383 ], [ -103.628301800174953, 19.029443520282854 ], [ -103.628274599991684, 19.02920989043254 ], [ -103.626997599740591, 19.029416249688492 ], [ -103.622460059821236, 19.028472779761195 ], [ -103.620461630465712, 19.028487780427767 ], [ -103.61612068031495, 19.030166890429019 ], [ -103.611786539525781, 19.028477550138451 ], [ -103.608256369635967, 19.023006710072607 ], [ -103.608731019977924, 19.022147109942388 ], [ -103.608445689933205, 19.018841969624116 ], [ -103.605837109617951, 19.015340230333138 ], [ -103.604491060163099, 19.013023739545876 ], [ -103.603071139765248, 19.010225550300703 ], [ -103.597810019714913, 19.007406599584417 ], [ -103.595677260284418, 19.006259830221829 ], [ -103.592228799779349, 19.004532769857441 ], [ -103.593426449923157, 19.001666249820676 ], [ -103.592902400038355, 19.000000399552306 ], [ -103.591942339895084, 18.997274449939376 ], [ -103.591516579793606, 18.996849319742758 ], [ -103.591018170395017, 18.99492911041213 ], [ -103.590473319718129, 18.994576599933851 ], [ -103.589508600472328, 18.989399999751178 ], [ -103.589028780278355, 18.988009260423905 ], [ -103.58893279958393, 18.987123980313918 ], [ -103.588924539787769, 18.987068019654895 ], [ -103.588871119829165, 18.985342259576669 ], [ -103.589829369978972, 18.981962290305837 ], [ -103.592323429972041, 18.980956370212464 ], [ -103.591461680171705, 18.980529769939221 ], [ -103.585420430438433, 18.977156580055329 ], [ -103.586352429869038, 18.970805059992024 ], [ -103.586765290005033, 18.967991429637419 ], [ -103.586946279954958, 18.966757879975866 ], [ -103.58702687965858, 18.966208620101568 ], [ -103.58718582989772, 18.965115909757341 ], [ -103.587644320257482, 18.962077339981757 ], [ -103.587870199853015, 18.960580339772111 ], [ -103.587935970094918, 18.960144419921775 ], [ -103.589195780021072, 18.952175090036537 ], [ -103.589265620448757, 18.951545460052504 ], [ -103.587982200057056, 18.950029509938403 ], [ -103.589952319846532, 18.947015909741793 ], [ -103.5879900197518, 18.944403200226994 ], [ -103.587406169630981, 18.940190090301186 ], [ -103.589471260456335, 18.934066770421747 ], [ -103.588000080288907, 18.926867520321196 ], [ -103.584778180100642, 18.928999979747058 ], [ -103.579713230251272, 18.92835473998468 ], [ -103.580821109640652, 18.927474999647451 ], [ -103.581376019845507, 18.92100153964719 ], [ -103.579956060132858, 18.917110249571895 ], [ -103.58515657003646, 18.91733750995175 ], [ -103.586617540158656, 18.916148950155037 ], [ -103.586342569947533, 18.912547949661931 ], [ -103.587858229893897, 18.909933199596878 ], [ -103.588698779976937, 18.908991049802452 ], [ -103.589555030176555, 18.906945280133883 ], [ -103.596208860463904, 18.904239139842254 ], [ -103.590711949880543, 18.903462280119001 ], [ -103.589642050281654, 18.901347419594391 ], [ -103.589600850325439, 18.901266019748224 ], [ -103.58768349035293, 18.897515770317217 ], [ -103.586435709661743, 18.891674749628159 ], [ -103.584852260162961, 18.891299080330437 ], [ -103.583347260250605, 18.889750970241121 ], [ -103.583137979733451, 18.889523569839454 ], [ -103.582013650169685, 18.887949140009468 ], [ -103.581395259992689, 18.887174120193265 ], [ -103.580551279629276, 18.886202279847147 ], [ -103.580361520173071, 18.884096150044641 ], [ -103.578464370107355, 18.880236380357267 ], [ -103.57826185009452, 18.878798290427621 ], [ -103.579676170384317, 18.876898379631015 ], [ -103.581167000299644, 18.875929059567937 ], [ -103.581544770296972, 18.875925089779294 ], [ -103.582344029711763, 18.875624859620007 ], [ -103.583021619815767, 18.875011540402451 ], [ -103.583723279788998, 18.873907480215014 ], [ -103.583575780383129, 18.872939709705395 ], [ -103.583403509532729, 18.872438349701142 ], [ -103.583364910338744, 18.871979879840236 ], [ -103.583411880276387, 18.871355710100794 ], [ -103.583653370394785, 18.870447170435309 ], [ -103.583998450409595, 18.869444109582293 ], [ -103.584148799557454, 18.867237219632372 ], [ -103.584376880169685, 18.866156249715658 ], [ -103.584905170142278, 18.865618740312417 ], [ -103.585826370202113, 18.865500380353513 ], [ -103.58643989037131, 18.865505249636538 ], [ -103.586964019915328, 18.865592540249501 ], [ -103.587575689598921, 18.865846950411228 ], [ -103.587922480039069, 18.866224660179107 ], [ -103.588441550327062, 18.867103180394011 ], [ -103.588780479928857, 18.86843914021965 ], [ -103.589165890013817, 18.869274879554187 ], [ -103.589689200085147, 18.869861779559756 ], [ -103.589853969548983, 18.870779719628658 ], [ -103.589456380051431, 18.871972350208107 ], [ -103.589208120341482, 18.872962860400399 ], [ -103.58897551030951, 18.873257169758624 ], [ -103.588487310317106, 18.873913430433326 ], [ -103.587989860293519, 18.875281449842447 ], [ -103.588207820470728, 18.875750660177435 ], [ -103.588670910435084, 18.876352250057923 ], [ -103.589164049861978, 18.877041449562675 ], [ -103.589730140059615, 18.877462119744607 ], [ -103.590118320011229, 18.877651419834873 ], [ -103.590435939570057, 18.87801023025624 ], [ -103.590887540341186, 18.878346290043229 ], [ -103.591686349724824, 18.879059979587257 ], [ -103.592295799722848, 18.879689090189121 ], [ -103.592903829979889, 18.880276829622229 ], [ -103.593437889686228, 18.880803150300444 ], [ -103.593566750406907, 18.880930629715206 ], [ -103.593765080196746, 18.88112682976405 ], [ -103.59511996987942, 18.882459919952776 ], [ -103.595434980095519, 18.882870430439837 ], [ -103.595637690462269, 18.883213309745479 ], [ -103.595942460202977, 18.883570369558083 ], [ -103.596290090106848, 18.883945370351913 ], [ -103.596753630107017, 18.884222570158212 ], [ -103.597121920073747, 18.884367140048596 ], [ -103.597336579953023, 18.884350950009811 ], [ -103.597646139631209, 18.883978689640795 ], [ -103.5978557996891, 18.883656080328574 ], [ -103.598485860192611, 18.882985089595714 ], [ -103.59888248984079, 18.882738120299699 ], [ -103.599719940058534, 18.882119680388744 ], [ -103.600953579585394, 18.881462599992897 ], [ -103.601609919601927, 18.881300520366008 ], [ -103.601960980024202, 18.881386779616715 ], [ -103.602526600065488, 18.881599259921938 ], [ -103.603268320454518, 18.882146519933695 ], [ -103.604315379733919, 18.882612459775348 ], [ -103.604838690054819, 18.882866029759754 ], [ -103.605100799718102, 18.882909689925846 ], [ -103.60536289042382, 18.882953260200644 ], [ -103.605625059795614, 18.883163800426814 ], [ -103.605840170323532, 18.88349877981836 ], [ -103.606055349945819, 18.884000200047787 ], [ -103.606616920011263, 18.884837399828562 ], [ -103.607006279879585, 18.885589940165197 ], [ -103.607519119765598, 18.887135090256564 ], [ -103.608039289974215, 18.887847139752754 ], [ -103.608669019771853, 18.88841194980786 ], [ -103.609844749686005, 18.889295819747428 ], [ -103.61089052046934, 18.88988677013845 ], [ -103.612546290426366, 18.890898509866041 ], [ -103.613459380371467, 18.891530449616759 ], [ -103.614682630018251, 18.892164220302291 ], [ -103.615556110246331, 18.89242087992816 ], [ -103.616342969902519, 18.892592910397145 ], [ -103.617173079909833, 18.892641220317159 ], [ -103.618267229575849, 18.892815649563332 ], [ -103.618793379883016, 18.892902800366059 ], [ -103.618965690279097, 18.893153939666362 ], [ -103.619577479654239, 18.893241800152705 ], [ -103.620170198066631, 18.893071173374718 ], [ -103.620281889531839, 18.893039020224595 ], [ -103.620897250227671, 18.892627180374603 ], [ -103.621383630409753, 18.892088890432504 ], [ -103.621828030163712, 18.891300879674038 ], [ -103.622451090126617, 18.89009775014787 ], [ -103.623156689909322, 18.88943649012613 ], [ -103.624036510148997, 18.88902633982374 ], [ -103.624474570000643, 18.888726259716215 ], [ -103.625091820372063, 18.888575799982195 ], [ -103.625663490307744, 18.888413449865375 ], [ -103.626013139757887, 18.888457849991621 ], [ -103.626266259809853, 18.888482429977351 ], [ -103.626528620167335, 18.888704090107279 ], [ -103.626753920373375, 18.888754820086284 ], [ -103.627152369715489, 18.888424540285627 ], [ -103.627903520321681, 18.887596969959393 ], [ -103.628022043181744, 18.887452902081815 ], [ -103.628400490297409, 18.886992889901578 ], [ -103.630280090060623, 18.885324849575785 ], [ -103.630359296495485, 18.885200164458432 ], [ -103.631139230048163, 18.883972400302156 ], [ -103.631453220347694, 18.883183510266782 ], [ -103.631704610831676, 18.882178989651951 ], [ -103.631723770469577, 18.882102430199698 ], [ -103.631960980046784, 18.880063180046101 ], [ -103.63227782340914, 18.879380804755314 ], [ -103.632313309540336, 18.879304380088907 ], [ -103.632757309819581, 18.878685919824605 ], [ -103.63342982022904, 18.878310460303709 ], [ -103.634304309869592, 18.877164549983871 ], [ -103.634506118319237, 18.87689659783997 ], [ -103.635146979574941, 18.87604567996577 ], [ -103.635236590487011, 18.875908745722381 ], [ -103.635260498475802, 18.875872212466877 ], [ -103.635987660302177, 18.874761030086372 ], [ -103.636888979693765, 18.873572080427071 ], [ -103.637717000269319, 18.872232399829763 ], [ -103.638543220229465, 18.871569749901134 ], [ -103.639283800233585, 18.870826550237776 ], [ -103.639450830318395, 18.870652890419816 ], [ -103.639760090351359, 18.870331339746311 ], [ -103.64034311008389, 18.869537250161837 ], [ -103.640445140044321, 18.869012279664968 ], [ -103.640573380322692, 18.867936629969087 ], [ -103.640572369776734, 18.867244490444644 ], [ -103.640261979979343, 18.866743090247937 ], [ -103.639794770377478, 18.866091170439343 ], [ -103.63921986032237, 18.865738059862892 ], [ -103.638618139888166, 18.865220149865205 ], [ -103.637867150072211, 18.864530949770451 ], [ -103.637505000201656, 18.863993619869166 ], [ -103.637297679908031, 18.863678689963017 ], [ -103.636833200041607, 18.862777199933792 ], [ -103.636367170029544, 18.861825849895226 ], [ -103.635763480400101, 18.861051999557645 ], [ -103.635026570002992, 18.86003458034692 ], [ -103.634289249629077, 18.859219799843434 ], [ -103.633175180388918, 18.858553890134434 ], [ -103.631481289665132, 18.857833229649515 ], [ -103.630429489832636, 18.856993819702616 ], [ -103.628737860358186, 18.856033080045748 ], [ -103.627625860450976, 18.855137369745119 ], [ -103.625921200264742, 18.853794169646587 ], [ -103.624439259785362, 18.852658049937791 ], [ -103.623507979576829, 18.851515999928775 ], [ -103.622995720099382, 18.850808879899951 ], [ -103.622242779678928, 18.849963579948685 ], [ -103.621496749891321, 18.84915775027196 ], [ -103.621077719985109, 18.848547120068432 ], [ -103.620389890331111, 18.847884510233616 ], [ -103.619656829777085, 18.846614019926584 ], [ -103.618917310139253, 18.846001199925418 ], [ -103.618335319989072, 18.845440379837193 ], [ -103.617813219536899, 18.844474920311864 ], [ -103.617187259544565, 18.842851340182662 ], [ -103.617131140409768, 18.842307290166485 ], [ -103.61693951036456, 18.841260879830074 ], [ -103.616957309992458, 18.840602369959814 ], [ -103.617183180218149, 18.840209860145816 ], [ -103.617407599912895, 18.839695400321602 ], [ -103.617710620285521, 18.839326430121638 ], [ -103.618091260045517, 18.839029740009082 ], [ -103.618498310138676, 18.838689969740184 ], [ -103.618623889530468, 18.83858514002889 ], [ -103.619083660322019, 18.838376290188386 ], [ -103.619946949886568, 18.837839479849961 ], [ -103.620378480346915, 18.837517859637721 ], [ -103.621331980024181, 18.836722909555256 ], [ -103.62213895006785, 18.835413319905385 ], [ -103.623084830291262, 18.834112619840049 ], [ -103.623792569543852, 18.833324770037596 ], [ -103.624553909922867, 18.832731420379851 ], [ -103.625312320449851, 18.831894220104999 ], [ -103.626199650404118, 18.830974369822254 ], [ -103.626076249612339, 18.829858539582631 ], [ -103.62617759979004, 18.829124290286906 ], [ -103.625966459591311, 18.828714049958393 ], [ -103.625805579907592, 18.828106219795753 ], [ -103.625285549651352, 18.827453509982377 ], [ -103.624624229827702, 18.826109429863632 ], [ -103.6248894800068, 18.826185800289835 ], [ -103.625818150324974, 18.826721279896212 ], [ -103.644059570023558, 18.837237859730028 ], [ -103.650287429692199, 18.840827519559429 ], [ -103.65146591020347, 18.844702230026012 ], [ -103.653256430098651, 18.845484630137669 ], [ -103.65222337008548, 18.848889540288901 ], [ -103.658592180352215, 18.85263610978263 ], [ -103.668637820456865, 18.858544890246726 ], [ -103.671042049539139, 18.854466170215041 ], [ -103.671508490416613, 18.854718110423455 ], [ -103.671752800288985, 18.85484742977329 ], [ -103.675655000292707, 18.856890999996125 ], [ -103.678649079968352, 18.858028570417321 ], [ -103.686947319670892, 18.861180999923445 ], [ -103.69417171037999, 18.865463630416947 ], [ -103.691292850247009, 18.8715780297028 ], [ -103.688952179717361, 18.876737549955614 ], [ -103.688943999609862, 18.876799380085131 ], [ -103.688614419911616, 18.876825690394973 ], [ -103.688566400158777, 18.876890400036775 ], [ -103.687973090084014, 18.878462820013397 ], [ -103.687374580460926, 18.879981229582516 ], [ -103.686714089987873, 18.881607749807266 ], [ -103.687863489819449, 18.882214859761206 ], [ -103.687851909827586, 18.882261740031293 ], [ -103.689031690176733, 18.882854369597592 ], [ -103.689056710253269, 18.882796220194496 ], [ -103.691557709916935, 18.883253819748909 ], [ -103.691648770278519, 18.883211520324235 ], [ -103.691727149962773, 18.883133480143169 ], [ -103.693508180184438, 18.883205739875503 ], [ -103.693754649565335, 18.882468119857517 ], [ -103.693850319997239, 18.882440819918454 ], [ -103.695299219716716, 18.882787319974835 ], [ -103.69557067984951, 18.882209679636425 ], [ -103.697420679965731, 18.883616570280651 ], [ -103.696597080089148, 18.884338680123694 ], [ -103.698296379591142, 18.885752310193158 ], [ -103.698340650053566, 18.885789150406595 ], [ -103.705069690118748, 18.890070030352994 ], [ -103.702724110423787, 18.891662549936296 ], [ -103.704565429683612, 18.892213280210633 ], [ -103.706310319945146, 18.892771429892676 ], [ -103.708552710465582, 18.893423120074203 ], [ -103.710852620277365, 18.89421218005122 ], [ -103.71098045974675, 18.900886259770672 ], [ -103.711324180357821, 18.90088427961679 ], [ -103.711742779689985, 18.900899109781953 ], [ -103.71309947959621, 18.900677859745642 ], [ -103.714737689616442, 18.900736170126315 ], [ -103.715366830300283, 18.90125129035356 ], [ -103.715568220322339, 18.901440649891299 ], [ -103.716142879785465, 18.901730000265875 ], [ -103.716816599946711, 18.901844339628038 ], [ -103.717474280289565, 18.901902509615748 ], [ -103.718202539902393, 18.901868479891327 ], [ -103.719695890099345, 18.901903460030713 ], [ -103.72076782031796, 18.901490430160095 ], [ -103.720744740173359, 18.901577980224712 ], [ -103.723602370199757, 18.905562279787837 ], [ -103.72884317980207, 18.912868650051564 ], [ -103.730364830450569, 18.912183819970071 ], [ -103.730751110291862, 18.912171179829354 ], [ -103.730641690313291, 18.911681570370195 ], [ -103.730520170408738, 18.910911879827957 ], [ -103.730349620083047, 18.910663050003826 ], [ -103.730107260289202, 18.9102474600395 ], [ -103.72988993960017, 18.90986391006156 ], [ -103.729599569831777, 18.909104219801069 ], [ -103.729575259705044, 18.908753110012892 ], [ -103.729316880119541, 18.908527519875104 ], [ -103.729007430116368, 18.907859090290088 ], [ -103.72807722020805, 18.906727090000899 ], [ -103.728386910014152, 18.905230420448298 ], [ -103.728065939970577, 18.904044879988014 ], [ -103.727962630122519, 18.90391205039656 ], [ -103.728202120339517, 18.903728120028202 ], [ -103.729404490117759, 18.906438019589874 ], [ -103.730029120221388, 18.907845749898335 ], [ -103.73198974957765, 18.907690090025206 ], [ -103.734183089702952, 18.905267580196874 ], [ -103.735631490417148, 18.902506509983731 ], [ -103.737640280003518, 18.903877580439776 ], [ -103.737659320042937, 18.9039833201265 ], [ -103.738901970003582, 18.90215335036584 ], [ -103.740088379968739, 18.901299580142165 ], [ -103.740285089922764, 18.901114060442612 ], [ -103.74110310960144, 18.900806620227158 ], [ -103.741506799701625, 18.901792200199857 ], [ -103.741424600362976, 18.901863740361325 ], [ -103.738345219769712, 18.904176020230448 ], [ -103.739528109661208, 18.905385199928791 ], [ -103.739568549587318, 18.907494749863403 ], [ -103.739778059916389, 18.910006430145916 ], [ -103.740509819558355, 18.913309740406103 ], [ -103.740672820424336, 18.916258309948411 ], [ -103.740730169929918, 18.916939229955137 ], [ -103.740783169840711, 18.917568230323798 ], [ -103.741559349546563, 18.91760177971376 ], [ -103.742424259686004, 18.917639150032926 ], [ -103.742498460264869, 18.917653310086433 ], [ -103.742687950121876, 18.917636450333834 ], [ -103.745175630447861, 18.917415120316544 ], [ -103.745753350165572, 18.915684859620875 ], [ -103.747462709999766, 18.910565149565041 ], [ -103.747971739873407, 18.909040540299358 ], [ -103.76733676972384, 18.910835780326693 ], [ -103.767391629834421, 18.910840859728154 ], [ -103.76922064994767, 18.911010320010153 ], [ -103.768581089933733, 18.913565680332884 ], [ -103.768044860370921, 18.914624089751623 ], [ -103.766938690020766, 18.916050849654766 ], [ -103.763910119870133, 18.921203079786942 ], [ -103.766959620062465, 18.922664280255745 ], [ -103.768547000393568, 18.920480369635928 ], [ -103.769262310410681, 18.919362689874955 ], [ -103.770047420305147, 18.919004849917847 ], [ -103.770829549789269, 18.918785680163488 ], [ -103.772172879597605, 18.918331249594829 ], [ -103.772294279957649, 18.915956260124755 ], [ -103.773603979667456, 18.915334150127084 ], [ -103.775349920058332, 18.916064549665851 ], [ -103.776181079577327, 18.917786020003607 ], [ -103.771419740439001, 18.922104820276282 ], [ -103.770691629936721, 18.923747850167416 ], [ -103.765291630022574, 18.92889479961422 ], [ -103.765146920204103, 18.92903821978404 ], [ -103.763770059849776, 18.930529750193347 ], [ -103.76050217025913, 18.934361290050095 ], [ -103.754209370422288, 18.941922880405208 ], [ -103.751467180172668, 18.944926689715466 ], [ -103.762219149710717, 18.948680580198079 ], [ -103.765117690365486, 18.940634150318179 ], [ -103.776344709973856, 18.942954550010981 ], [ -103.776211520101597, 18.943064679923641 ], [ -103.775257379925307, 18.943845139682793 ], [ -103.77508192023268, 18.943988659858142 ], [ -103.774265250269494, 18.944651940078394 ], [ -103.773345740443091, 18.945412980132858 ], [ -103.772077539770194, 18.946453089704463 ], [ -103.769864720099037, 18.948332519557649 ], [ -103.774076600379729, 18.950654429862979 ], [ -103.774175680175944, 18.95070905967254 ], [ -103.775334520251661, 18.951347880402103 ], [ -103.783978970347974, 18.956112769812282 ], [ -103.778240800238081, 18.975629290391399 ], [ -103.777570890370683, 18.977907379887316 ], [ -103.777710450335675, 18.978005260439286 ], [ -103.778159050196479, 18.978319879693213 ], [ -103.777939649618602, 18.983761419852115 ], [ -103.78059382012394, 18.998578580293653 ], [ -103.780716169970987, 18.999909399742169 ], [ -103.769944970428696, 19.000104260088282 ], [ -103.770037600142345, 19.001864289897817 ], [ -103.770809690065605, 19.016532490056207 ], [ -103.770897649668839, 19.018203369986367 ], [ -103.770917859666795, 19.018587289962241 ], [ -103.771050800286773, 19.021112680318662 ], [ -103.771622179779271, 19.021479890451577 ], [ -103.771884739916999, 19.021837539905096 ], [ -103.767871460086397, 19.027003249901519 ], [ -103.769222829928779, 19.029362460225432 ], [ -103.769337630342747, 19.029796290169099 ], [ -103.769823649896111, 19.031633110032075 ], [ -103.769937680257456, 19.031937080300079 ], [ -103.770691710148753, 19.033947020265284 ], [ -103.771475000020899, 19.035378979899637 ], [ -103.771600060387584, 19.036429150364111 ], [ -103.772030979680466, 19.0378590200446 ], [ -103.771797550328685, 19.039536689803295 ], [ -103.771298399622083, 19.041579110277059 ], [ -103.771071179721986, 19.042417250162213 ], [ -103.770667229525387, 19.043211649943991 ], [ -103.770702089741349, 19.044429349858248 ], [ -103.770740059624458, 19.04552077963017 ], [ -103.771245339650378, 19.047613739574576 ], [ -103.771422880046799, 19.048328400245119 ], [ -103.77164028997511, 19.049203620370932 ], [ -103.772287000119107, 19.050452089755687 ], [ -103.772325940193824, 19.051396340442277 ], [ -103.772475690219323, 19.051850889745364 ], [ -103.772722570003594, 19.052600220353899 ], [ -103.773256420107657, 19.053590180085038 ], [ -103.773705939562362, 19.054612829727525 ], [ -103.773697770302292, 19.055449599809002 ], [ -103.773576889736376, 19.056628400059047 ], [ -103.773948579992521, 19.058110969903563 ], [ -103.77413872024313, 19.059913939736653 ], [ -103.772358850324068, 19.064228910395919 ], [ -103.771716940007664, 19.064981629637639 ], [ -103.771032249984387, 19.065733050390612 ], [ -103.768649820309605, 19.068074399554519 ], [ -103.76748915046916, 19.069201149937868 ], [ -103.767315619827784, 19.069968949727965 ], [ -103.766907710439085, 19.070681199869306 ], [ -103.752883429658326, 19.071825200299497 ], [ -103.75247694022066, 19.071124720262478 ], [ -103.752440649856908, 19.070815509687673 ], [ -103.752436380169556, 19.070332380101949 ], [ -103.752397980146583, 19.069743139729379 ], [ -103.75224894009331, 19.069004709935932 ], [ -103.752230550042725, 19.068852950372747 ], [ -103.752228539841084, 19.068669830283387 ], [ -103.752112169970843, 19.06827121998117 ], [ -103.752150970225756, 19.067861770324924 ], [ -103.752170249803839, 19.067415090116999 ], [ -103.752161740003231, 19.066452970307175 ], [ -103.752128119563025, 19.066148279709719 ], [ -103.752082379710501, 19.065987430091301 ], [ -103.751970259599474, 19.065481599832342 ], [ -103.751954059885435, 19.065281999695813 ], [ -103.752001399979292, 19.065037800026328 ], [ -103.752138889637351, 19.064582860455239 ], [ -103.75225289029845, 19.064230940358748 ], [ -103.752581769998898, 19.063585909916149 ], [ -103.75261982031202, 19.06350102981208 ], [ -103.752749779998169, 19.063307850332873 ], [ -103.752913450183087, 19.063088659888688 ], [ -103.753144150000281, 19.062824420335986 ], [ -103.753542680345518, 19.062450819709397 ], [ -103.753433379654098, 19.062332679596775 ], [ -103.752766619892142, 19.061722080378523 ], [ -103.752295490032949, 19.061353740370517 ], [ -103.751810169989355, 19.0612711700341 ], [ -103.751571339645309, 19.061233219818785 ], [ -103.75109409021573, 19.061176629888593 ], [ -103.750945969944766, 19.06118034021268 ], [ -103.750874379700662, 19.061217180340474 ], [ -103.751074140280835, 19.061916000347598 ], [ -103.751035539722864, 19.062036399944294 ], [ -103.750733050470046, 19.062121170309801 ], [ -103.750598089910554, 19.062049880020776 ], [ -103.750437119531441, 19.062048320281605 ], [ -103.750340539610661, 19.062059600189293 ], [ -103.750212980084484, 19.06206896989168 ], [ -103.75019764979524, 19.062261780373792 ], [ -103.750159109538643, 19.062508879753612 ], [ -103.750139709998763, 19.062882770279071 ], [ -103.75011598011973, 19.063048769611662 ], [ -103.750126019745352, 19.063341200191388 ], [ -103.750145109786857, 19.06357274984499 ], [ -103.750209450241869, 19.063715740036269 ], [ -103.750305219653569, 19.064292620131017 ], [ -103.742091680384007, 19.06565820015485 ], [ -103.741592619721175, 19.067000659884531 ], [ -103.740927619597414, 19.06868492012622 ], [ -103.740568860004672, 19.069870370430884 ], [ -103.73944652010529, 19.069433109590495 ], [ -103.737171509918667, 19.068567509946984 ], [ -103.736005749543523, 19.068128290045216 ], [ -103.734761060081738, 19.06771231986167 ], [ -103.733368319805678, 19.067226480080816 ], [ -103.73210574971101, 19.066838090263268 ], [ -103.731168090242306, 19.066559309816597 ], [ -103.730570480281372, 19.066382710047726 ], [ -103.729593250225861, 19.066091180016478 ], [ -103.72845528038134, 19.065712249591481 ], [ -103.7270449200592, 19.065273619877292 ], [ -103.725120420195381, 19.064678169730286 ], [ -103.726360740146006, 19.067489369665015 ], [ -103.726714049528908, 19.068348570402314 ], [ -103.727355579643415, 19.069599549967293 ], [ -103.727654549726395, 19.071527420181663 ], [ -103.726878230145928, 19.072715999785743 ], [ -103.726431510245092, 19.073132350179623 ], [ -103.726350280101585, 19.073208050388686 ], [ -103.725949769975003, 19.073160139779443 ], [ -103.725712739575272, 19.073190480043717 ], [ -103.725461689759143, 19.073262420345074 ], [ -103.725216799912232, 19.073435619757618 ], [ -103.724858420078874, 19.073684350086587 ], [ -103.72454005971656, 19.073970460198304 ], [ -103.724246459558927, 19.074256290307375 ], [ -103.72404013969927, 19.07458820040555 ], [ -103.723882319689153, 19.074837170341343 ], [ -103.723601969812776, 19.075193479645719 ], [ -103.723381629967633, 19.075396080087668 ], [ -103.723075850110831, 19.075670739890228 ], [ -103.722929029598802, 19.075850060368595 ], [ -103.722770739602566, 19.076052079895572 ], [ -103.722773540373481, 19.076273979943945 ], [ -103.722740690472961, 19.076615689872593 ], [ -103.722657309753586, 19.076875570288401 ], [ -103.722609260184541, 19.076993819925484 ], [ -103.722511090323835, 19.077211580402405 ], [ -103.722489150047366, 19.07743545966947 ], [ -103.722479279956161, 19.077635650275301 ], [ -103.722543880312358, 19.077846770036935 ], [ -103.722607569888922, 19.077987290105497 ], [ -103.722609490313644, 19.07814027972692 ], [ -103.722575340351298, 19.078376060112351 ], [ -103.722552950356061, 19.078564649719869 ], [ -103.722493709721306, 19.078777150417444 ], [ -103.722237399732421, 19.079074339990559 ], [ -103.722017029681808, 19.079276939652843 ], [ -103.7217341803305, 19.079433170254852 ], [ -103.721536800132228, 19.079494289998017 ], [ -103.721414909676469, 19.079648680216994 ], [ -103.721254849592583, 19.079721119732568 ], [ -103.720995120436868, 19.079747619743149 ], [ -103.720710309672228, 19.079750859915734 ], [ -103.720479970022026, 19.079954969591913 ], [ -103.720371629806721, 19.080005539722073 ], [ -103.720266860157906, 19.080124310029944 ], [ -103.720245509581019, 19.080395259557701 ], [ -103.720136149680783, 19.080561290072044 ], [ -103.720114650420285, 19.080820479969802 ], [ -103.720118369537047, 19.081114680314037 ], [ -103.720134889815412, 19.08144404995096 ], [ -103.720138150183018, 19.081702939668471 ], [ -103.720141429624178, 19.081961830156278 ], [ -103.720170690359026, 19.082366089691064 ], [ -103.720247510126327, 19.082565309918198 ], [ -103.720336849552666, 19.082776149756288 ], [ -103.72033877962825, 19.082929120239886 ], [ -103.720342199650503, 19.083199799978235 ], [ -103.720247740302781, 19.08356573958666 ], [ -103.720065860105024, 19.083873829760901 ], [ -103.719922309827169, 19.084275649942455 ], [ -103.719764749794734, 19.084548150122757 ], [ -103.719582710308615, 19.084844480367799 ], [ -103.719409710445106, 19.084967569828184 ], [ -103.71916456998575, 19.085170459838551 ], [ -103.719069369836262, 19.085477549690467 ], [ -103.719075889690828, 19.085995339926242 ], [ -103.719104229869643, 19.086277509984082 ], [ -103.719222819662022, 19.08684338009494 ], [ -103.719362720314663, 19.087136050400421 ], [ -103.719366430326787, 19.087430250406271 ], [ -103.719370739641889, 19.08777151976356 ], [ -103.719326320223004, 19.088594060439981 ], [ -103.719199979916382, 19.088591850354987 ] ] ] } },
{ "type": "Feature", "properties": { "CVEGEO": "06003", "CVE_ENT": "06", "CVE_MUN": "003", "NOMGEO": "Comala" }, "geometry": { "type": "Polygon", "coordinates": [ [ [ -103.606199309631705, 19.500557860219612 ], [ -103.60632905974623, 19.500217860300779 ], [ -103.607764629747265, 19.499033690212766 ], [ -103.608733089711734, 19.498105289564485 ], [ -103.609590710100591, 19.497098879976782 ], [ -103.610727920258483, 19.495496520401492 ], [ -103.611388380343584, 19.495189909571213 ], [ -103.614076250452655, 19.495028139760027 ], [ -103.614545249928767, 19.494694120183691 ], [ -103.614824220466275, 19.494046619571172 ], [ -103.614557079875084, 19.493275350329085 ], [ -103.614488850382756, 19.492760140054862 ], [ -103.614381709998767, 19.492587939707803 ], [ -103.613732739797186, 19.492411369856136 ], [ -103.613512859886072, 19.491999169876223 ], [ -103.613453679991025, 19.491842399716237 ], [ -103.613426749560674, 19.49158724979927 ], [ -103.613383309914639, 19.491388369860712 ], [ -103.613309460445805, 19.491203939983347 ], [ -103.613249940074368, 19.491018819916999 ], [ -103.613207450208733, 19.490820549715348 ], [ -103.613181200069747, 19.490621490146086 ], [ -103.613078349734138, 19.490408479670712 ], [ -103.612958630029539, 19.490223449947003 ], [ -103.61282571012184, 19.490052150114405 ], [ -103.612691819904313, 19.489880779903299 ], [ -103.612573379543917, 19.489724109843809 ], [ -103.612441539788747, 19.48948249021927 ], [ -103.612368580162382, 19.489212619566725 ], [ -103.612445599622589, 19.488858949896297 ], [ -103.626030679904659, 19.486076120302666 ], [ -103.626737229542741, 19.483752980058302 ], [ -103.628123980451576, 19.483960089636224 ], [ -103.630083180257131, 19.475047000074664 ], [ -103.63067077036925, 19.474634549947776 ], [ -103.631886030202651, 19.473999659802612 ], [ -103.634853459744278, 19.471539779767046 ], [ -103.635089020090106, 19.469836020141685 ], [ -103.635284110170602, 19.468820149597782 ], [ -103.636299310394662, 19.467840280085966 ], [ -103.637374109997708, 19.470781370340916 ], [ -103.637217889787806, 19.472725569954186 ], [ -103.636683399683406, 19.47610263013425 ], [ -103.637293739908927, 19.479025580295957 ], [ -103.638565770409826, 19.480089549838485 ], [ -103.645989519880246, 19.476157919883377 ], [ -103.64308492046159, 19.471393379809061 ], [ -103.645916910309097, 19.470552149633576 ], [ -103.646303120149355, 19.470494119601703 ], [ -103.647163770230321, 19.470168800243606 ], [ -103.654056509836934, 19.466627689830144 ], [ -103.654497950244959, 19.466400230153013 ], [ -103.660274689966116, 19.466639230172131 ], [ -103.660514720434279, 19.466649150235902 ], [ -103.660538860114329, 19.464556950164127 ], [ -103.666665310344456, 19.462848319854345 ], [ -103.668810089890002, 19.462237969897732 ], [ -103.669878519907485, 19.456123600431873 ], [ -103.66829842040309, 19.45385378017793 ], [ -103.669860319786267, 19.450127179756077 ], [ -103.670599200239181, 19.446357049895056 ], [ -103.670859279710371, 19.445368799887515 ], [ -103.674825379769459, 19.445154480139394 ], [ -103.674820570271109, 19.444559369986553 ], [ -103.674807079922417, 19.442892279801285 ], [ -103.672173060036798, 19.441672770426003 ], [ -103.672033000222072, 19.440379169967244 ], [ -103.672210340446483, 19.437322630194537 ], [ -103.672305909647449, 19.43460897009853 ], [ -103.673472259650353, 19.431439030380218 ], [ -103.672283450228704, 19.430683119863307 ], [ -103.669182119990822, 19.430276229969412 ], [ -103.667534909889199, 19.430142090025495 ], [ -103.666667799814476, 19.430071289751172 ], [ -103.665443549895045, 19.42992731044508 ], [ -103.662733339948772, 19.429322350003755 ], [ -103.661375272322175, 19.429287417155482 ], [ -103.660975553831619, 19.430292523086305 ], [ -103.66081444572275, 19.431357508424586 ], [ -103.660795900470887, 19.431876899394634 ], [ -103.660456368717263, 19.432050585371808 ], [ -103.660277985422425, 19.432072123008332 ], [ -103.660103631092582, 19.432093154093497 ], [ -103.659835214634199, 19.432193537636355 ], [ -103.659511338373889, 19.432314676933093 ], [ -103.659282077258183, 19.432410507949655 ], [ -103.658937922980812, 19.432554385379248 ], [ -103.658134399873347, 19.432669584676447 ], [ -103.658098815449861, 19.432674676587315 ], [ -103.658048123027982, 19.432661308095387 ], [ -103.657335722961008, 19.432473399716336 ], [ -103.657253014792175, 19.432451584919377 ], [ -103.656827585367566, 19.432068938445266 ], [ -103.656400062002788, 19.431939292268041 ], [ -103.655673461670844, 19.432277246438939 ], [ -103.654792984588809, 19.432794768762161 ], [ -103.653762969220892, 19.432967845574026 ], [ -103.653745692170418, 19.432961984743088 ], [ -103.653136138143594, 19.432755385370093 ], [ -103.653063095970765, 19.432651272910071 ], [ -103.656752527438499, 19.429168418271246 ], [ -103.674309785092532, 19.412590722774553 ], [ -103.674367498007655, 19.412480143163165 ], [ -103.67451224615742, 19.412284999798263 ], [ -103.675489814644123, 19.411515077113929 ], [ -103.675907640136231, 19.410553969379698 ], [ -103.676014960685393, 19.410345737984272 ], [ -103.676708846097384, 19.40914766237702 ], [ -103.677129430534237, 19.408951937772795 ], [ -103.677284631120585, 19.408600692149104 ], [ -103.677397861466559, 19.40755341477632 ], [ -103.677712939071242, 19.406272677127689 ], [ -103.677839087875157, 19.405471614059941 ], [ -103.677921845320569, 19.4049460946975 ], [ -103.678034138432565, 19.404233014683498 ], [ -103.678117322585194, 19.403366214775509 ], [ -103.678292572013532, 19.402854910913575 ], [ -103.678614676948726, 19.401915138281062 ], [ -103.678996246062326, 19.400652954205416 ], [ -103.679164708979584, 19.400311949285776 ], [ -103.6796545075685, 19.399320491660646 ], [ -103.680093954430774, 19.399142985224078 ], [ -103.68014079663935, 19.398920120889489 ], [ -103.680183077170085, 19.398718968862848 ], [ -103.680452814540146, 19.398332399779125 ], [ -103.680551015202312, 19.397962662084836 ], [ -103.680623415295841, 19.397249384937798 ], [ -103.68115029241595, 19.396855645603381 ], [ -103.681076308424849, 19.396584046153233 ], [ -103.681081414687782, 19.395951614581108 ], [ -103.681407969335282, 19.395601600217564 ], [ -103.681660045819058, 19.395043230569584 ], [ -103.682138446080117, 19.394757568838948 ], [ -103.682470739371496, 19.393693799862813 ], [ -103.682179877052405, 19.39315860042246 ], [ -103.682185984593005, 19.392399661716667 ], [ -103.682343304057497, 19.391886425936164 ], [ -103.682567339051928, 19.391155538386496 ], [ -103.68281816922547, 19.390750769015202 ], [ -103.682640462131303, 19.390351922772208 ], [ -103.683118821174091, 19.389048555555174 ], [ -103.683156414655159, 19.388946122619952 ], [ -103.68373159996321, 19.388462384672781 ], [ -103.683836323173452, 19.387279492107968 ], [ -103.683963937667357, 19.386801538400672 ], [ -103.683998015473335, 19.386115092436082 ], [ -103.68422648997263, 19.385090746930594 ], [ -103.684323968660834, 19.384653708006123 ], [ -103.684792738473575, 19.384376999948199 ], [ -103.685188446003764, 19.383711246170705 ], [ -103.685147523464536, 19.382879691999349 ], [ -103.68569832338224, 19.38187169212064 ], [ -103.686121138442957, 19.381386831250168 ], [ -103.686616277220836, 19.38138138482487 ], [ -103.687333660697377, 19.380970923247357 ], [ -103.687961292394363, 19.381065799803686 ], [ -103.688276337631791, 19.380959645657608 ], [ -103.688645658299379, 19.379982853439859 ], [ -103.688947507920318, 19.379184508315024 ], [ -103.68898415447336, 19.378172800419144 ], [ -103.689741907932543, 19.377473492197666 ], [ -103.690337368674165, 19.376827231290232 ], [ -103.690484799990372, 19.376250014599012 ], [ -103.690688907578377, 19.375727430971796 ], [ -103.690911046459448, 19.375331476794106 ], [ -103.691516600119883, 19.374612984607783 ], [ -103.691641291839161, 19.374496430804161 ], [ -103.691747891933673, 19.374262262315963 ], [ -103.691809337655258, 19.373720584693444 ], [ -103.692013091911917, 19.373243169370202 ], [ -103.692234214976338, 19.372973692300182 ], [ -103.692454768612961, 19.372776492142723 ], [ -103.692703291670398, 19.372651784633025 ], [ -103.692960415061478, 19.372644599777633 ], [ -103.693217737725448, 19.372610307990911 ], [ -103.693380815411587, 19.3724578769536 ], [ -103.693613031432662, 19.371989692302876 ], [ -103.693852769472116, 19.371774569092771 ], [ -103.694216045668654, 19.371587430700401 ], [ -103.694441333012591, 19.371370974639291 ], [ -103.694561431392046, 19.371255584693358 ], [ -103.694896277238641, 19.37105016859924 ], [ -103.695030999775696, 19.370870430687365 ], [ -103.695051691764718, 19.370662769309583 ], [ -103.695004307746999, 19.370635323220263 ], [ -103.694695691633228, 19.369937368967836 ], [ -103.694679461319467, 19.369584876880818 ], [ -103.694718692296874, 19.369440585312692 ], [ -103.694900707995146, 19.36929732335868 ], [ -103.695224830803866, 19.369245430802227 ], [ -103.695601414598428, 19.368579507742645 ], [ -103.695822599534807, 19.368301000341486 ], [ -103.696119738408669, 19.368050123242014 ], [ -103.696206353761468, 19.367933291655969 ], [ -103.696188599718468, 19.367770522845738 ], [ -103.69649919970098, 19.367022800196942 ], [ -103.696522212315315, 19.366358132058959 ], [ -103.696553907531666, 19.366128677220569 ], [ -103.696679108348491, 19.365948861752361 ], [ -103.696755831168048, 19.365877137948726 ], [ -103.697186014717673, 19.365654322888279 ], [ -103.697252431316628, 19.365681907690607 ], [ -103.697643600439491, 19.365576277401093 ], [ -103.697863785159115, 19.365424245627597 ], [ -103.697979660848816, 19.365217262323597 ], [ -103.6980990022155, 19.36462339875343 ], [ -103.698128338320259, 19.364477415306425 ], [ -103.698244369082261, 19.364252353675742 ], [ -103.698349953755056, 19.364144691607059 ], [ -103.698674614740014, 19.364020508397726 ], [ -103.698952338721199, 19.363814676813831 ], [ -103.699290830889538, 19.363148477150538 ], [ -103.699274508393088, 19.362805014791309 ], [ -103.699181322634473, 19.362551353721134 ], [ -103.698974477087631, 19.362224585198121 ], [ -103.698557907877188, 19.361932476756763 ], [ -103.698411716750869, 19.361754008743503 ], [ -103.698255937591398, 19.361595999894615 ], [ -103.6980921086801, 19.361356339254353 ], [ -103.697964214580836, 19.361169245851578 ], [ -103.697870954310901, 19.360924630832372 ], [ -103.69793973757973, 19.360654045593957 ], [ -103.69833617196565, 19.360290781704425 ], [ -103.698781676875058, 19.360126984574382 ], [ -103.699317276553501, 19.359814569326222 ], [ -103.699404092288432, 19.359670616289129 ], [ -103.699439172633348, 19.359554925187691 ], [ -103.699425999632098, 19.359309353718221 ], [ -103.69950496385664, 19.359044166718576 ], [ -103.699562923264267, 19.358849523305128 ], [ -103.699574231267817, 19.358623708303167 ], [ -103.699508600403291, 19.35849673790927 ], [ -103.699225676951627, 19.358160415248179 ], [ -103.699142292249519, 19.357870677216219 ], [ -103.699259169188196, 19.357537199817365 ], [ -103.69945098484412, 19.357357862147296 ], [ -103.699490783651612, 19.357244906014319 ], [ -103.699492646153573, 19.356906384797966 ], [ -103.699314937968225, 19.356507554438423 ], [ -103.699297692185354, 19.356281538428753 ], [ -103.699366045571054, 19.356065168993904 ], [ -103.699529938424547, 19.355804323287437 ], [ -103.699885091558457, 19.355436399870605 ], [ -103.700448861440066, 19.355169354435233 ], [ -103.700640599829541, 19.354999045695834 ], [ -103.70068906117443, 19.354890968660555 ], [ -103.700719769434698, 19.354620123014655 ], [ -103.700701584670028, 19.354511569447197 ], [ -103.700750538452255, 19.354340245813979 ], [ -103.700933691666734, 19.354052414667105 ], [ -103.701163723429232, 19.353855277347524 ], [ -103.701373569106565, 19.353802554037067 ], [ -103.70187127695641, 19.353462754289769 ], [ -103.702369691715163, 19.353032600356858 ], [ -103.702512830862744, 19.352988445769384 ], [ -103.702645953902561, 19.353007461908138 ], [ -103.702836768675866, 19.352954614924471 ], [ -103.702990354178112, 19.352793062331418 ], [ -103.703139354188494, 19.352008031349435 ], [ -103.703255445848669, 19.351773938157798 ], [ -103.703305108014575, 19.351512261664453 ], [ -103.703273246319085, 19.350725938216236 ], [ -103.703236031115111, 19.350617245706918 ], [ -103.70300026066711, 19.350335476792232 ], [ -103.702879523270312, 19.349955123305516 ], [ -103.702909077365632, 19.349828831409209 ], [ -103.703197646005762, 19.349451399801346 ], [ -103.703255814866381, 19.349316277198348 ], [ -103.7032574613321, 19.349108477364005 ], [ -103.703192476810699, 19.348900184776095 ], [ -103.70327247738507, 19.34841284610739 ], [ -103.703425999568665, 19.348260338130757 ], [ -103.703827922636862, 19.34799212305677 ], [ -103.704021508193378, 19.347586907801801 ], [ -103.704014414738225, 19.347279646218947 ], [ -103.703949707943991, 19.347035231384403 ], [ -103.70359570829109, 19.346056877139532 ], [ -103.703350861448612, 19.345720814595634 ], [ -103.702942999729061, 19.345537200178867 ], [ -103.702676969396364, 19.34547206201713 ], [ -103.702411600250883, 19.345325600193327 ], [ -103.702345461202427, 19.345261877358411 ], [ -103.702336445781498, 19.345198569077819 ], [ -103.702260722529616, 19.345143815637002 ], [ -103.702214062019692, 19.345026016152914 ], [ -103.70224440034589, 19.344800354257956 ], [ -103.702370804926815, 19.344514038865395 ], [ -103.702399492007586, 19.344449061910929 ], [ -103.702495892441419, 19.344296153645239 ], [ -103.702870538443165, 19.343865108275356 ], [ -103.70308258512749, 19.343532307988898 ], [ -103.703264785043544, 19.343361923382222 ], [ -103.70347996914424, 19.342631584952166 ], [ -103.703633261445958, 19.342506169146606 ], [ -103.704042908087644, 19.342463907696775 ], [ -103.704243446056893, 19.34238401489867 ], [ -103.704321091995951, 19.342194830744361 ], [ -103.704351214686781, 19.341996262198244 ], [ -103.704524399531493, 19.34176256931287 ], [ -103.704877861411489, 19.341602430805647 ], [ -103.705040738215914, 19.341468062258656 ], [ -103.705148860802723, 19.341035123217488 ], [ -103.70547518491756, 19.340694091846157 ], [ -103.705859985268077, 19.340181800053291 ], [ -103.706260599558519, 19.340076215125968 ], [ -103.706442584778017, 19.339932938404029 ], [ -103.706683030916153, 19.339618399789256 ], [ -103.70668481473605, 19.33939252271211 ], [ -103.706600291569217, 19.339247353994736 ], [ -103.706601292325146, 19.339120861735594 ], [ -103.706697322880274, 19.339013123358963 ], [ -103.707136368796441, 19.338862631204698 ], [ -103.707376460948865, 19.338593276956946 ], [ -103.707397199868851, 19.338376569122666 ], [ -103.707314031181951, 19.338059739153312 ], [ -103.707324461373602, 19.337942337977267 ], [ -103.707439676535202, 19.33781666244834 ], [ -103.707658677309169, 19.337809185354246 ], [ -103.708085784769196, 19.337965815030657 ], [ -103.708267260904961, 19.33788578481434 ], [ -103.708324860788139, 19.337822938178526 ], [ -103.708365000357574, 19.33756119957512 ], [ -103.708320046376372, 19.337226554431563 ], [ -103.708370045727264, 19.336919708291301 ], [ -103.70852361517403, 19.336758153849594 ], [ -103.708703956803603, 19.336480136773925 ], [ -103.709159553780054, 19.335777785241259 ], [ -103.709339052733014, 19.335685522046045 ], [ -103.709751154418313, 19.335592230952908 ], [ -103.71012243138496, 19.33558581457196 ], [ -103.710198430596705, 19.335604430940535 ], [ -103.710341630973332, 19.335551230881496 ], [ -103.710456553624198, 19.33546167697137 ], [ -103.710554723473933, 19.335082877273098 ], [ -103.71047132308243, 19.334793154118113 ], [ -103.710540154069733, 19.334513537702104 ], [ -103.710703662279485, 19.334297845680119 ], [ -103.710818446234356, 19.334226369167805 ], [ -103.712069615027659, 19.333684045639874 ], [ -103.712241999968427, 19.333549738371367 ], [ -103.712444923203833, 19.333162630894712 ], [ -103.712598046154653, 19.333055292276221 ], [ -103.71293153766851, 19.333012462223788 ], [ -103.713237661174844, 19.332815845829543 ], [ -103.71339107729743, 19.332672353910748 ], [ -103.713574185055606, 19.332384508128865 ], [ -103.713622969069533, 19.332231262271769 ], [ -103.713722969155995, 19.331617538053706 ], [ -103.71378391366315, 19.331452260742576 ], [ -103.713926230954399, 19.331185261972717 ], [ -103.714179922646053, 19.330391922634327 ], [ -103.71414764602585, 19.32965078532688 ], [ -103.71420595446304, 19.329497584784505 ], [ -103.714330891728707, 19.329344862105394 ], [ -103.714655831037348, 19.329175477262613 ], [ -103.714809738278717, 19.328968754033532 ], [ -103.714918738366251, 19.328418337779041 ], [ -103.715015615423397, 19.328202169401866 ], [ -103.715217676715383, 19.327923491843542 ], [ -103.715399354015318, 19.327816354014168 ], [ -103.715819338121818, 19.32766570840926 ], [ -103.715915139389182, 19.327585061876992 ], [ -103.716152458432461, 19.327176414094374 ], [ -103.716319891969135, 19.326946385021678 ], [ -103.716540137707085, 19.326776261620239 ], [ -103.716758908317587, 19.326795862235517 ], [ -103.716777585434727, 19.326841169369239 ], [ -103.717033153818136, 19.327023691764207 ], [ -103.717166322807103, 19.32703366217396 ], [ -103.71730972310452, 19.326953354352991 ], [ -103.717482584706161, 19.326755784705583 ], [ -103.717656585075119, 19.32641364598193 ], [ -103.717944292042418, 19.326135568734479 ], [ -103.718184674312312, 19.325963289794057 ], [ -103.718231446080779, 19.325929768901212 ], [ -103.718680168836286, 19.325752214917618 ], [ -103.719251784848325, 19.32568393835086 ], [ -103.719375230801774, 19.325720953605622 ], [ -103.719636338797699, 19.325741649968982 ], [ -103.720355245999102, 19.325763968745072 ], [ -103.742228993404126, 19.311197163392908 ], [ -103.742819280640802, 19.309543754953815 ], [ -103.743353739351235, 19.307649151283776 ], [ -103.743759965791469, 19.306467220166205 ], [ -103.744088393340775, 19.305974565771876 ], [ -103.74403976886056, 19.30567014298402 ], [ -103.744765281712489, 19.302712527600455 ], [ -103.745198739261909, 19.301072412364913 ], [ -103.745729399338003, 19.298903596913323 ], [ -103.747137521530121, 19.293433270317337 ], [ -103.747601044912713, 19.2916882791455 ], [ -103.747886581047382, 19.290679388294567 ], [ -103.857247490026523, 19.345048595995589 ], [ -103.864619716252548, 19.345369624951697 ], [ -103.877278689525994, 19.339223279952567 ], [ -103.877865570030878, 19.338938289915756 ], [ -103.87792024984256, 19.339807489728656 ], [ -103.878154459771594, 19.34002077000007 ], [ -103.879299179756785, 19.343433999877117 ], [ -103.879943850415302, 19.34740160004689 ], [ -103.882437909886391, 19.350227890060093 ], [ -103.889225709923096, 19.34632210956682 ], [ -103.889513059786353, 19.346394890246927 ], [ -103.889696219884343, 19.346386449586344 ], [ -103.889932890434054, 19.346383480229484 ], [ -103.89022104995351, 19.346514049575131 ], [ -103.890422849713445, 19.346611740238668 ], [ -103.890728749992235, 19.346645860322351 ], [ -103.890982290126715, 19.346550910291402 ], [ -103.891289949677613, 19.346504660341921 ], [ -103.891543920256709, 19.346441420356641 ], [ -103.891968710111883, 19.34644405989939 ], [ -103.892255680434303, 19.346144849835593 ], [ -103.893219309908432, 19.344743779607345 ], [ -103.893218979532392, 19.344514479917216 ], [ -103.893145799779617, 19.344399890196591 ], [ -103.89300105002819, 19.344285550316432 ], [ -103.893120340301692, 19.344147620402548 ], [ -103.893409859864491, 19.344170079725313 ], [ -103.893580399783687, 19.344283999934937 ], [ -103.893771920259326, 19.344329709798789 ], [ -103.893990170313458, 19.344374539841887 ], [ -103.893942770404067, 19.344260150104013 ], [ -103.893893769952228, 19.344168540021915 ], [ -103.893772229534051, 19.344008620010971 ], [ -103.893722279995345, 19.343847879630694 ], [ -103.893676139732904, 19.343756770025799 ], [ -103.893626819616529, 19.343641879770491 ], [ -103.893672150263498, 19.343470260098425 ], [ -103.893756279533093, 19.343342370445271 ], [ -103.893859489833389, 19.343214229802374 ], [ -103.89402997023366, 19.343118679832461 ], [ -103.894430029569648, 19.342923419990008 ], [ -103.895608000285492, 19.343208710431227 ], [ -103.896161490310277, 19.34333766010365 ], [ -103.896355250231039, 19.343543059655417 ], [ -103.896476460412956, 19.343680250182718 ], [ -103.896694399548139, 19.343771549752585 ], [ -103.896863030120912, 19.343886030178066 ], [ -103.897057420047076, 19.343931169828256 ], [ -103.897250539812148, 19.343953649846924 ], [ -103.897516180319897, 19.343838249953112 ], [ -103.897731550041314, 19.343676979769526 ], [ -103.897924980205175, 19.343516020242649 ], [ -103.898141629768816, 19.343309429914321 ], [ -103.898454999677554, 19.343193969656724 ], [ -103.898817350153891, 19.343032490002482 ], [ -103.898950290408933, 19.342983259707125 ], [ -103.886299999130216, 19.354093050377909 ], [ -103.881794369756093, 19.357312820525006 ], [ -103.885437379550879, 19.367983741010104 ], [ -103.885330079230059, 19.368489321367949 ], [ -103.88399347862368, 19.374689620414888 ], [ -103.883902750098315, 19.376549200892139 ], [ -103.883883679733003, 19.376757280417106 ], [ -103.883083429237288, 19.385851980590189 ], [ -103.883135579980006, 19.386584569913378 ], [ -103.881117430332154, 19.393480820596654 ], [ -103.882652148879259, 19.394844151194736 ], [ -103.886917218714785, 19.40564270992531 ], [ -103.886856950107259, 19.405773110650578 ], [ -103.883647969955518, 19.412581400541047 ], [ -103.883753289354317, 19.414035000867017 ], [ -103.884092798817676, 19.41496792123111 ], [ -103.883972149881004, 19.415358490048682 ], [ -103.884045030042444, 19.41565657969139 ], [ -103.884239830419034, 19.416069230086414 ], [ -103.884339138770443, 19.41634435127142 ], [ -103.884291379597926, 19.416688710443381 ], [ -103.884315889778748, 19.417285860161563 ], [ -103.88446388902284, 19.417767049995245 ], [ -103.884657428935299, 19.418156510233452 ], [ -103.884852880049024, 19.418477450984788 ], [ -103.885023488846684, 19.418867200656639 ], [ -103.885023480075617, 19.419211511013554 ], [ -103.884929569146706, 19.41967080100812 ], [ -103.884928919311776, 19.420175940889898 ], [ -103.884955340119404, 19.420703400834114 ], [ -103.884970539417409, 19.420766631217646 ], [ -103.885004029340436, 19.420910111244236 ], [ -103.885126260468581, 19.421322481053746 ], [ -103.885104619348027, 19.421621200125099 ], [ -103.88517942044524, 19.422194541152422 ], [ -103.885203919908903, 19.422447310489513 ], [ -103.885325200444385, 19.422722149987525 ], [ -103.885396828691555, 19.422928571023643 ], [ -103.885494859115084, 19.423111911105714 ], [ -103.886124849782178, 19.42343141980826 ], [ -103.886729348780364, 19.42363626089076 ], [ -103.887675449142066, 19.423817540055722 ], [ -103.888110289097511, 19.423839280708659 ], [ -103.888690619593959, 19.423883581321807 ], [ -103.889417370026308, 19.423950350688443 ], [ -103.88947784895575, 19.423972781316241 ], [ -103.889657399938571, 19.424041399577519 ], [ -103.890461690213314, 19.425014429848481 ], [ -103.89057008000222, 19.425254831296634 ], [ -103.890768509831446, 19.425444889965949 ], [ -103.891018739582023, 19.425789510472924 ], [ -103.891234349183279, 19.425979350120379 ], [ -103.891396250440181, 19.426289381088296 ], [ -103.891663920353821, 19.426651280951987 ], [ -103.892113060172662, 19.427219850222997 ], [ -103.892496429092986, 19.427659661077712 ], [ -103.892803079580119, 19.428075971196389 ], [ -103.893111680137864, 19.428427199580454 ], [ -103.893393279905553, 19.428622460531546 ], [ -103.893798019107081, 19.428882431339176 ], [ -103.894640449509808, 19.429366230009787 ], [ -103.895249549172902, 19.429692121344825 ], [ -103.895801969154448, 19.42992586000797 ], [ -103.896391538596745, 19.430288320602866 ], [ -103.89683672022224, 19.43050246128848 ], [ -103.897214489449269, 19.43074400061278 ], [ -103.897541138814532, 19.430882060393614 ], [ -103.897662118866691, 19.430996620655829 ], [ -103.897880219055025, 19.431225571147554 ], [ -103.898074430270881, 19.431454179836596 ], [ -103.898196368650886, 19.431637769869763 ], [ -103.898414778896765, 19.431889349988321 ], [ -103.898509140421012, 19.431977920303492 ], [ -103.898779629464499, 19.432163940949593 ], [ -103.89911933920682, 19.432415111055413 ], [ -103.899312579638277, 19.432575139703438 ], [ -103.899530679303524, 19.432804081043066 ], [ -103.899555539468949, 19.433011000529401 ], [ -103.899581659751405, 19.433171490650349 ], [ -103.899556829483757, 19.433308890527311 ], [ -103.899521599860208, 19.434547250354409 ], [ -103.898596199901988, 19.43496551968504 ], [ -103.898066890040354, 19.435706649604604 ], [ -103.897628880388908, 19.436282449843898 ], [ -103.89753154959287, 19.437522109999133 ], [ -103.897962079563001, 19.438599490030445 ], [ -103.908385509820519, 19.453100220425959 ], [ -103.908765460436541, 19.45362830999904 ], [ -103.905959000006376, 19.455678630391841 ], [ -103.904643660336703, 19.456910580036414 ], [ -103.899478710282722, 19.459524550034367 ], [ -103.899288200236569, 19.459700279906357 ], [ -103.898962850375682, 19.460002750101765 ], [ -103.898496649822462, 19.460138369837416 ], [ -103.898115259948341, 19.460191259593952 ], [ -103.897791460022745, 19.460604819729014 ], [ -103.897613630367417, 19.46107422995798 ], [ -103.897317709894054, 19.461431879949949 ], [ -103.89664610974468, 19.461704799584432 ], [ -103.895883720068781, 19.461838419874848 ], [ -103.895357720309164, 19.462001310178799 ], [ -103.895034819997491, 19.462137830450569 ], [ -103.894449170185283, 19.462272569998738 ], [ -103.893983890177395, 19.462269339736206 ], [ -103.893603660375646, 19.462405489571406 ], [ -103.893394859546603, 19.462708850085363 ], [ -103.893131199626836, 19.462983980293028 ], [ -103.892603649720371, 19.463174080448812 ], [ -103.892076090441634, 19.463364709889376 ], [ -103.891609490381725, 19.463472490334262 ], [ -103.891052119884819, 19.46357977000952 ], [ -103.89038182014572, 19.463603370361209 ], [ -103.88933089009889, 19.463597310039887 ], [ -103.888660169939996, 19.463316259567343 ], [ -103.886860110199024, 19.461644849796272 ], [ -103.885084709602637, 19.458786710384057 ], [ -103.883262280472763, 19.456044059978488 ], [ -103.882241250126285, 19.453154950023855 ], [ -103.882158950436377, 19.452937970209224 ], [ -103.881061380015566, 19.450036769599077 ], [ -103.879418169765103, 19.444488660105083 ], [ -103.875564850268134, 19.443216980054721 ], [ -103.875517019895355, 19.443241430114249 ], [ -103.874997519981193, 19.443686599902481 ], [ -103.874626889769957, 19.444035059909865 ], [ -103.874108540035806, 19.444563179726583 ], [ -103.873657119861846, 19.44488433981439 ], [ -103.873262940032717, 19.445181710110965 ], [ -103.872808949727201, 19.445479799554203 ], [ -103.872664110159903, 19.445562820228542 ], [ -103.872452169775485, 19.445579460028622 ], [ -103.872194570451583, 19.445503169880922 ], [ -103.871746830262353, 19.445232939568587 ], [ -103.871168260094919, 19.445049019644806 ], [ -103.870703060251302, 19.444865229694862 ], [ -103.870370179684684, 19.444756779997277 ], [ -103.870145370394411, 19.44477142016072 ], [ -103.869965400049125, 19.444874370202918 ], [ -103.869664449929616, 19.444883170175547 ], [ -103.869290419841974, 19.44492160016198 ], [ -103.869114879653338, 19.445019049667096 ], [ -103.868953659657436, 19.445233120046716 ], [ -103.868765060325828, 19.445351419598111 ], [ -103.868468120252416, 19.445435769892566 ], [ -103.868286689738426, 19.445659919709001 ], [ -103.868146950290864, 19.445823030287908 ], [ -103.867821819833409, 19.445921199590821 ], [ -103.867554600371406, 19.445998780229861 ], [ -103.867395569704428, 19.446097879573287 ], [ -103.867247889817193, 19.446057480257416 ], [ -103.867055969821621, 19.445910279607478 ], [ -103.866812979750449, 19.445902550247265 ], [ -103.866532020309279, 19.446002339631537 ], [ -103.8663485402475, 19.446218650282312 ], [ -103.866063289559705, 19.44630002002102 ], [ -103.86579374977822, 19.446484690188516 ], [ -103.865475230094191, 19.446589980019176 ], [ -103.865087030328539, 19.446581150023352 ], [ -103.86470805035087, 19.446722020075324 ], [ -103.864488030241731, 19.446928999728833 ], [ -103.864267709869708, 19.447108749921078 ], [ -103.863911110227946, 19.447310649798634 ], [ -103.863754999584117, 19.447384739957418 ], [ -103.86232313999227, 19.442802479887998 ], [ -103.85825385958789, 19.437190020135983 ], [ -103.858212970411572, 19.437132250224575 ], [ -103.859326260212598, 19.434937690056671 ], [ -103.859160490461008, 19.433430550363489 ], [ -103.858268709997361, 19.432123170211195 ], [ -103.856452770283511, 19.431330539898262 ], [ -103.854780849891085, 19.430941599846765 ], [ -103.852731740261106, 19.431260119945758 ], [ -103.85167923030231, 19.431821200024363 ], [ -103.851275599887018, 19.432339170018565 ], [ -103.85104891954218, 19.432527149780569 ], [ -103.850673570352896, 19.432667120089111 ], [ -103.850471399856161, 19.432760199975913 ], [ -103.850295980390186, 19.432854050346727 ], [ -103.850097000070789, 19.432970919856285 ], [ -103.849796459820283, 19.433134780190745 ], [ -103.849553750191006, 19.433202950090447 ], [ -103.849241429727826, 19.433265849642567 ], [ -103.848774429563022, 19.433311889783049 ], [ -103.848438050306868, 19.43333309024214 ], [ -103.848055920179547, 19.433525749849245 ], [ -103.847731980399075, 19.433580979680656 ], [ -103.847317179669318, 19.433580369829915 ], [ -103.846928720377676, 19.433613860146068 ], [ -103.846643019733492, 19.433703170432945 ], [ -103.84626234006015, 19.434096229700945 ], [ -103.84599725017712, 19.434400519913144 ], [ -103.845774940413989, 19.434688970006761 ], [ -103.845500199663547, 19.43479223042268 ], [ -103.845048719993713, 19.434856200390545 ], [ -103.844776659533679, 19.43500885024725 ], [ -103.844498119982546, 19.435187569818041 ], [ -103.844359060165971, 19.435437679565865 ], [ -103.844066150035047, 19.435587549915834 ], [ -103.843789970374942, 19.435797489568699 ], [ -103.843577119736537, 19.43601910973975 ], [ -103.843519709597388, 19.436373600400593 ], [ -103.843295710378626, 19.436543829681735 ], [ -103.843073479651579, 19.436873479836169 ], [ -103.842819939748807, 19.437082060075809 ], [ -103.842506939927645, 19.437263380056567 ], [ -103.842216579739102, 19.437395400436429 ], [ -103.841877109573957, 19.437538180428739 ], [ -103.841522029921194, 19.437657460093305 ], [ -103.84122737023489, 19.438071029715289 ], [ -103.840999949984891, 19.438232800196655 ], [ -103.840630310052148, 19.438320979607248 ], [ -103.840364819884499, 19.438282370408231 ], [ -103.839764849902949, 19.438323119660133 ], [ -103.83942378003583, 19.438427059621265 ], [ -103.839028319963901, 19.438592019725526 ], [ -103.838684889741231, 19.438925860247643 ], [ -103.838299459710598, 19.438966449655748 ], [ -103.837926600365506, 19.438798280421857 ], [ -103.83763498014153, 19.438801020038202 ], [ -103.837389580184123, 19.438714450257251 ], [ -103.83713371992873, 19.438496110300978 ], [ -103.836797029886625, 19.438523859549228 ], [ -103.836719680076769, 19.438808690273184 ], [ -103.836521260264732, 19.439075980283917 ], [ -103.836198630090138, 19.439355509675902 ], [ -103.835899319915228, 19.439471859911308 ], [ -103.835648109776699, 19.439470379984435 ], [ -103.835448779960103, 19.439563400311492 ], [ -103.835248179785381, 19.439704020115432 ], [ -103.835023379935194, 19.439679029827317 ], [ -103.834898890167054, 19.439654449968895 ], [ -103.834673149799272, 19.439771620052003 ], [ -103.834521260191607, 19.43984142019627 ], [ -103.834337399616729, 19.439795030353821 ], [ -103.834122649876193, 19.439674539758681 ], [ -103.833970719965535, 19.439473180162661 ], [ -103.833678860138605, 19.439428059824262 ], [ -103.833301150083898, 19.439604980267081 ], [ -103.83306297007266, 19.439976109558117 ], [ -103.832933320293591, 19.440133200447555 ], [ -103.832513419545975, 19.44009648024619 ], [ -103.832197420189516, 19.440121200322032 ], [ -103.831778880085821, 19.440112519633264 ], [ -103.831116200336439, 19.439843020059623 ], [ -103.830697550114891, 19.439608599557765 ], [ -103.830463970035268, 19.439425890408195 ], [ -103.830123819787957, 19.439204910285419 ], [ -103.829844569776427, 19.439037860400902 ], [ -103.829354519542406, 19.438747709892102 ], [ -103.828913169816403, 19.438632829944357 ], [ -103.828469599599345, 19.438575969879572 ], [ -103.828069979812014, 19.43858795002626 ], [ -103.827557200048858, 19.438608449829403 ], [ -103.82708180025908, 19.438593309934589 ], [ -103.826602920415965, 19.438509829806286 ], [ -103.826137290142881, 19.438413420416463 ], [ -103.825685340045894, 19.438336019973406 ], [ -103.825316430041994, 19.438246749743254 ], [ -103.824928000240917, 19.43813375001583 ], [ -103.824452779638378, 19.437958460241987 ], [ -103.824134889600288, 19.437788250283116 ], [ -103.823968370203914, 19.437570739556396 ], [ -103.82386189024399, 19.437249180384864 ], [ -103.823911540375676, 19.436887029543602 ], [ -103.824081369954015, 19.43637440002091 ], [ -103.824454749758075, 19.435887120126345 ], [ -103.824848679835, 19.435636880162523 ], [ -103.825383170191301, 19.435239680065465 ], [ -103.825749289963468, 19.434936939814385 ], [ -103.826207109819222, 19.434674889659522 ], [ -103.826733680137835, 19.434413110120715 ], [ -103.827225030185076, 19.434018649669312 ], [ -103.827576350195898, 19.433722820041222 ], [ -103.827891890325944, 19.433393909867693 ], [ -103.827964740349088, 19.433129169886467 ], [ -103.827968059956675, 19.432665309754295 ], [ -103.827835080353267, 19.432364459679494 ], [ -103.827761250372333, 19.432200629992387 ], [ -103.827555320378721, 19.431801539985916 ], [ -103.827346849952974, 19.431568480398617 ], [ -103.827069150360273, 19.431301740123025 ], [ -103.826861570004468, 19.431134350260322 ], [ -103.82678926016473, 19.43108431043602 ], [ -103.826491179799163, 19.430695879581464 ], [ -103.826159149735119, 19.43036428015396 ], [ -103.82583554989931, 19.430007420068137 ], [ -103.825526820023171, 19.429757449635712 ], [ -103.82530000027397, 19.429567570336463 ], [ -103.825091519969988, 19.429334510241326 ], [ -103.824917379970003, 19.429167889585255 ], [ -103.824322679718335, 19.428407719720372 ], [ -103.82408048022765, 19.428009149750146 ], [ -103.823802939979487, 19.427609849822637 ], [ -103.823528259995243, 19.427210489709548 ], [ -103.8234957401082, 19.42677942039543 ], [ -103.823464319763389, 19.426216309893459 ], [ -103.823502420286417, 19.425852229840686 ], [ -103.823575919907185, 19.425422140173485 ], [ -103.823612480011846, 19.425157220015876 ], [ -103.823579380374596, 19.424825819780786 ], [ -103.823406909747547, 19.42442695015033 ], [ -103.823234449677301, 19.42402865030752 ], [ -103.822957349909714, 19.423662219617032 ], [ -103.822645799869193, 19.423361800123018 ], [ -103.822299450346875, 19.42302845974077 ], [ -103.822195020090135, 19.422862089591206 ], [ -103.822058340311671, 19.422496780166011 ], [ -103.822201709549589, 19.42193502004298 ], [ -103.822441280084703, 19.42155351045189 ], [ -103.822667399976027, 19.421229829765323 ], [ -103.822770780079921, 19.420721109619919 ], [ -103.822793109895315, 19.420234059933659 ], [ -103.82285115005314, 19.419856579549979 ], [ -103.822970490286082, 19.41954288038071 ], [ -103.823096979527094, 19.419126719969629 ], [ -103.823137450054105, 19.418928619845666 ], [ -103.823219460183651, 19.418584719614898 ], [ -103.823406260270318, 19.418141120080985 ], [ -103.823464459870081, 19.417691430173956 ], [ -103.823450220324744, 19.417282770380513 ], [ -103.823396849570031, 19.416910889860691 ], [ -103.823302779856107, 19.416663450427851 ], [ -103.823112110219341, 19.416323979916676 ], [ -103.822871319896691, 19.415957659938289 ], [ -103.822595139528076, 19.41565799992172 ], [ -103.822214799588963, 19.415205950027882 ], [ -103.821874479971015, 19.414797680171343 ], [ -103.82141669026278, 19.414159630234479 ], [ -103.821280089598631, 19.41372807958976 ], [ -103.821180490311349, 19.413065049678746 ], [ -103.821042489958288, 19.41260062977241 ], [ -103.820907349546189, 19.412135630090525 ], [ -103.820909799697276, 19.411605549600289 ], [ -103.820914820017592, 19.41091009041153 ], [ -103.82084742987692, 19.410512249867104 ], [ -103.820535969700742, 19.410073199824581 ], [ -103.820224599812917, 19.409640320374592 ], [ -103.819843720107855, 19.409008399839777 ], [ -103.819564569553989, 19.40884133994971 ], [ -103.81925285967074, 19.408739710205523 ], [ -103.818970979644945, 19.408870490116943 ], [ -103.818794540126319, 19.409100849679856 ], [ -103.818619490148706, 19.409364629591565 ], [ -103.81854708992968, 19.409662779796605 ], [ -103.818542850022752, 19.410059770283997 ], [ -103.818575919773281, 19.410391259617491 ], [ -103.818538259629207, 19.410788659778806 ], [ -103.818431980313008, 19.411053249768617 ], [ -103.818325250157599, 19.411284490338854 ], [ -103.818182540025134, 19.411680880298029 ], [ -103.818005060280711, 19.411977489793689 ], [ -103.817827580171112, 19.41227463012773 ], [ -103.817657060405764, 19.412442770230967 ], [ -103.817300400217093, 19.412541580193537 ], [ -103.816941630186562, 19.41249029006088 ], [ -103.816722799532471, 19.412359430225131 ], [ -103.816510029743526, 19.412250770081812 ], [ -103.816277339896374, 19.412105540249044 ], [ -103.816050480200772, 19.412102029692459 ], [ -103.815847859978433, 19.412705910076916 ], [ -103.815773970427855, 19.413155029799682 ], [ -103.815567249561909, 19.413595149774363 ], [ -103.815286400067549, 19.413859950442468 ], [ -103.814747749644397, 19.414043419925214 ], [ -103.814173970025834, 19.414104740418736 ], [ -103.813551649600527, 19.414234450073415 ], [ -103.812947519794534, 19.41429317990875 ], [ -103.81232178006546, 19.414202740160476 ], [ -103.811901510328084, 19.414372430414346 ], [ -103.811391630118749, 19.41446584997545 ], [ -103.810707629889535, 19.414610979812348 ], [ -103.809894630298174, 19.414986999727258 ], [ -103.809207829851772, 19.415387029655435 ], [ -103.808960200296482, 19.415684579647426 ], [ -103.808735000134405, 19.415945850259948 ], [ -103.808514259522326, 19.416131369988509 ], [ -103.808157019956482, 19.41650952012527 ], [ -103.807927479896662, 19.416792319958184 ], [ -103.807503569694703, 19.417087879996181 ], [ -103.807155260312285, 19.417251229702273 ], [ -103.806419199540144, 19.417411799619352 ], [ -103.805997260006407, 19.417641090372165 ], [ -103.805435149827773, 19.418100849868097 ], [ -103.804943780459837, 19.418495140202893 ], [ -103.804592449820845, 19.418791000081399 ], [ -103.804133249619582, 19.419450569609438 ], [ -103.803883720340366, 19.420078110069188 ], [ -103.803777550247361, 19.420210199869693 ], [ -103.803494980449102, 19.420506319893164 ], [ -103.803319459843166, 19.42073720021417 ], [ -103.803073320192624, 19.42090097023247 ], [ -103.802828229821941, 19.420999030021989 ], [ -103.802616850196301, 19.42126268039922 ], [ -103.802335820209706, 19.421459109699683 ], [ -103.802090279822863, 19.42152373969498 ], [ -103.801849480282669, 19.421713879687694 ], [ -103.801592460030577, 19.42182676986868 ], [ -103.801335910179446, 19.421973419658229 ], [ -103.80096902018505, 19.421868000039915 ], [ -103.800586430169247, 19.421547370019958 ], [ -103.800168339757931, 19.421345579894414 ], [ -103.799854459608738, 19.421442830409624 ], [ -103.799624859894209, 19.421471770364615 ], [ -103.799265019528974, 19.421466580156135 ], [ -103.798925430157723, 19.421480090393707 ], [ -103.798594019928188, 19.421599909638605 ], [ -103.79813862955254, 19.421829029972805 ], [ -103.797892490129783, 19.421992779876586 ], [ -103.797610779523552, 19.422355749841291 ], [ -103.797397399690439, 19.422685570141397 ], [ -103.79709588020917, 19.423501260046738 ], [ -103.796995400307679, 19.423798780119142 ], [ -103.796754519986834, 19.424172539834213 ], [ -103.796494860236493, 19.424490950304573 ], [ -103.79612479985569, 19.424732019651152 ], [ -103.795755399562779, 19.425021029717321 ], [ -103.795266570006092, 19.425277979775398 ], [ -103.794774880427155, 19.425506350254331 ], [ -103.794389199749133, 19.425735719666381 ], [ -103.794037289799505, 19.426064370040212 ], [ -103.793790979689362, 19.426361220121684 ], [ -103.793613450472407, 19.426657800155564 ], [ -103.79315388978155, 19.427151980319294 ], [ -103.792733660132043, 19.427513690286357 ], [ -103.79171602031964, 19.42783781992566 ], [ -103.79119200035754, 19.42793409044031 ], [ -103.790771570037123, 19.428063659855184 ], [ -103.790210220441168, 19.428225430012201 ], [ -103.789755400342429, 19.428354850273919 ], [ -103.789020200435701, 19.428515319978487 ], [ -103.788564780438548, 19.428744420381637 ], [ -103.788143229619578, 19.429006459737277 ], [ -103.787686940264351, 19.429169339961813 ], [ -103.787597290376851, 19.429251939840096 ], [ -103.787348650136124, 19.42922715031208 ], [ -103.787000999533475, 19.42915425022148 ], [ -103.786728459776896, 19.429128569740765 ], [ -103.786580430105204, 19.429128049603033 ], [ -103.786207229712161, 19.429219079940989 ], [ -103.785885939703718, 19.429334419564839 ], [ -103.785513739821795, 19.429355849642665 ], [ -103.785140920370438, 19.429329630081657 ], [ -103.784719680139077, 19.429397480295837 ], [ -103.784222579889814, 19.42958174959475 ], [ -103.783922939733742, 19.429673630320558 ], [ -103.783453019845723, 19.429670659819074 ], [ -103.783030799911813, 19.429738519607437 ], [ -103.782584339695589, 19.429923289836825 ], [ -103.782011800121481, 19.430107259965808 ], [ -103.781294510085331, 19.430031909912554 ], [ -103.780773649743892, 19.430005250255231 ], [ -103.78010401965868, 19.43014171045056 ], [ -103.779680749544639, 19.430420770012361 ], [ -103.779429060078499, 19.430747660351827 ], [ -103.778881320347466, 19.43100264964291 ], [ -103.778286249744099, 19.430998319602441 ], [ -103.777740819678755, 19.431065349698933 ], [ -103.777665540058905, 19.43106138020358 ], [ -103.777221850006953, 19.431038020339713 ], [ -103.776578519964133, 19.430775479549776 ], [ -103.776134249699467, 19.430396800406431 ], [ -103.775609060358363, 19.430195859908576 ], [ -103.775057770184929, 19.430299939728823 ], [ -103.774374120160218, 19.43054938021583 ], [ -103.773950519978825, 19.43080462038694 ], [ -103.773625889656216, 19.431178289701769 ], [ -103.773375119794622, 19.431575920371547 ], [ -103.773085399649645, 19.431843799578875 ], [ -103.773011140241579, 19.432007770200357 ], [ -103.77278594016839, 19.432170599764671 ], [ -103.772586200473356, 19.43238080021252 ], [ -103.772436120328294, 19.432590950065478 ], [ -103.772286060393753, 19.432801660439853 ], [ -103.772033659859133, 19.433222600338922 ], [ -103.771883889978554, 19.4334564900192 ], [ -103.771435080033712, 19.433829340428957 ], [ -103.770912490110803, 19.434037619883661 ], [ -103.770292540117183, 19.434103770021782 ], [ -103.769869380193342, 19.434100750443889 ], [ -103.769400050070985, 19.434144750229169 ], [ -103.768754260164371, 19.434280879555793 ], [ -103.768354920428095, 19.434419200202207 ], [ -103.767808430035259, 19.434627200381758 ], [ -103.767132290393349, 19.435515180060182 ], [ -103.766971079591968, 19.435663599680566 ], [ -103.76665865993715, 19.435817459566671 ], [ -103.76643471975666, 19.436004090010801 ], [ -103.766210429549318, 19.436237229845588 ], [ -103.765985149834933, 19.436541139697418 ], [ -103.765561519801537, 19.436796339897505 ], [ -103.765213060454627, 19.437029199743161 ], [ -103.764863910144882, 19.437355479599375 ], [ -103.764464459565389, 19.43763485979569 ], [ -103.763941849686901, 19.437842569609302 ], [ -103.763569919709454, 19.437887050267086 ], [ -103.76307248027247, 19.438048060174246 ], [ -103.762525579758943, 19.4383732903359 ], [ -103.762027139639784, 19.438604980416404 ], [ -103.761418350189629, 19.439018719548777 ], [ -103.761019889713722, 19.439227779946133 ], [ -103.760621140023986, 19.439413109597879 ], [ -103.760298489700929, 19.439574880064349 ], [ -103.760024510167909, 19.439807940371963 ], [ -103.759750229858781, 19.440017819709656 ], [ -103.759426580254683, 19.440250369893022 ], [ -103.758952920061404, 19.440552630436287 ], [ -103.758578650107012, 19.44078467966364 ], [ -103.758104969958026, 19.441086939731374 ], [ -103.757732909810571, 19.441342689883278 ], [ -103.757232089783457, 19.441762509735607 ], [ -103.756857720007091, 19.442135460021557 ], [ -103.756284649631993, 19.442507449738731 ], [ -103.755860340336227, 19.442786480168991 ], [ -103.755189230241285, 19.443110770016965 ], [ -103.754691369846682, 19.443389550314919 ], [ -103.754067549867685, 19.443901919774998 ], [ -103.753818449924964, 19.444064479955411 ], [ -103.753546420025828, 19.444227370047276 ], [ -103.753245060109677, 19.444413169610719 ], [ -103.752973320147817, 19.444599260325141 ], [ -103.752623909675378, 19.444761339884987 ], [ -103.752276059556124, 19.444970319747984 ], [ -103.752001450251029, 19.445156450214981 ], [ -103.751528150188818, 19.445340890057494 ], [ -103.751105180167173, 19.445502629620247 ], [ -103.750658320343405, 19.445663570034391 ], [ -103.750088629549012, 19.445706939579225 ], [ -103.749419650398607, 19.445679080101915 ], [ -103.748577910000435, 19.445437919701771 ], [ -103.748180569823816, 19.445364949862377 ], [ -103.74738874974426, 19.445218349727465 ], [ -103.746968140362867, 19.445192050190684 ], [ -103.746349120333051, 19.445187860438025 ], [ -103.746024939650766, 19.445232379779625 ], [ -103.745653290388191, 19.44530064970068 ], [ -103.745107779946892, 19.445367019553498 ], [ -103.744611459844336, 19.445246449713387 ], [ -103.744241879766051, 19.445102919992724 ], [ -103.743725920095301, 19.444867580223026 ], [ -103.742983489914025, 19.444697830416089 ], [ -103.742489430024506, 19.444530179909833 ], [ -103.7421195501217, 19.444362830255514 ], [ -103.741845800058414, 19.444243659810052 ], [ -103.741425289786974, 19.444076350023629 ], [ -103.741006349747096, 19.443956049743107 ], [ -103.740460650332921, 19.443858140150112 ], [ -103.739966290217183, 19.443666750101578 ], [ -103.739175509763768, 19.443449860070157 ], [ -103.738681449813868, 19.443281769786914 ], [ -103.738260549558902, 19.443232230113363 ], [ -103.737419030094358, 19.443155829752648 ], [ -103.736995550389707, 19.443129520211585 ], [ -103.736549749916065, 19.443149320245592 ], [ -103.736177509531828, 19.443170649964564 ], [ -103.735679720270824, 19.443308280411728 ], [ -103.735308680126167, 19.443423000058459 ], [ -103.73493602032876, 19.443561459671937 ], [ -103.734588849979872, 19.44367645001001 ], [ -103.734363579969838, 19.443839309680321 ], [ -103.734161800430343, 19.444119710076617 ], [ -103.733987060300706, 19.444423519737672 ], [ -103.733861400135623, 19.444681480093621 ], [ -103.733560200128267, 19.445031519548095 ], [ -103.733187080302443, 19.44535800017934 ], [ -103.732604020178357, 19.445701659922118 ], [ -103.732106680198484, 19.446026219979739 ], [ -103.731214089540345, 19.446440740333742 ], [ -103.730520319994469, 19.44671714963243 ], [ -103.729627230378625, 19.447319140399539 ], [ -103.728485650442195, 19.448059880244021 ], [ -103.728037110137549, 19.448618890006578 ], [ -103.727586289884016, 19.449223780345118 ], [ -103.72689070980887, 19.449733979933999 ], [ -103.726206859601717, 19.450418019903108 ], [ -103.725919319538406, 19.450566819574323 ], [ -103.725758829917197, 19.450717059868591 ], [ -103.725597579607211, 19.450957290216834 ], [ -103.725435769897715, 19.451228170052854 ], [ -103.725115750364196, 19.451376779910561 ], [ -103.724764200458736, 19.451525779619772 ], [ -103.724413400278621, 19.451660813393328 ], [ -103.724379220230503, 19.451673970119415 ], [ -103.723963479716062, 19.45188257999548 ], [ -103.723676510217018, 19.452001380034826 ], [ -103.723227320399758, 19.452209830159152 ], [ -103.722845200133506, 19.452206850196429 ], [ -103.72220553992608, 19.452384020050161 ], [ -103.721626429676576, 19.452893509742822 ], [ -103.721307920301868, 19.453012020287161 ], [ -103.72067073973291, 19.4530073998456 ], [ -103.72019307974459, 19.453003779775727 ], [ -103.719855769930078, 19.452995200088221 ], [ -103.719830140058818, 19.453008260345754 ], [ -103.719504599562455, 19.453174169755048 ], [ -103.719280089767096, 19.45332341997608 ], [ -103.719087309954389, 19.45341277040837 ], [ -103.718671370480749, 19.453530770364608 ], [ -103.718257319660012, 19.453497510235021 ], [ -103.718033220354158, 19.453677370070974 ], [ -103.717744889732856, 19.453916779565077 ], [ -103.717488860367766, 19.454066379883173 ], [ -103.717200540277446, 19.454305780148086 ], [ -103.716908969841967, 19.454666459921516 ], [ -103.716716939743648, 19.454967030232179 ], [ -103.716554320373277, 19.455328509652865 ], [ -103.716424399714484, 19.455629539863889 ], [ -103.716357710061033, 19.455871050074943 ], [ -103.716290250199791, 19.45635430995971 ], [ -103.716156459945978, 19.45695804957116 ], [ -103.716224819643131, 19.457762510398265 ], [ -103.716325949673916, 19.458278739693558 ], [ -103.716334419557683, 19.458307549984685 ], [ -103.716452739788423, 19.45871061977525 ], [ -103.716458110178792, 19.458786770110649 ], [ -103.716491170321632, 19.459256079968458 ], [ -103.716520970239202, 19.459498120388911 ], [ -103.716517510426741, 19.459981200272484 ], [ -103.716534674165644, 19.460184484431831 ], [ -103.716545599935571, 19.460313879683032 ], [ -103.716479660417008, 19.460766490300152 ], [ -103.716455119773499, 19.460856550186868 ], [ -103.716381059609887, 19.461128430170401 ], [ -103.716376850025739, 19.461551450139385 ], [ -103.716407020219009, 19.461823569676145 ], [ -103.716308030285902, 19.462306019973067 ], [ -103.716314579775613, 19.462459489699519 ], [ -103.716335140029571, 19.462940519808978 ], [ -103.716300740158559, 19.463091600243136 ], [ -103.7162357696822, 19.463242379833581 ], [ -103.716202319710106, 19.463392819767712 ], [ -103.716195550397728, 19.463839780186731 ], [ -103.716291079642829, 19.463991569661431 ], [ -103.716289739811202, 19.464263419702284 ], [ -103.716381450130768, 19.464717140378667 ], [ -103.716378950206419, 19.464898400271526 ], [ -103.7163785197409, 19.464984740022118 ], [ -103.716377600023137, 19.465170249799865 ], [ -103.716373770454638, 19.465472659783405 ], [ -103.716372429818534, 19.465744510282441 ], [ -103.716275539646858, 19.466015799975171 ], [ -103.716210179909297, 19.466287200259451 ], [ -103.716014119682015, 19.46664852027957 ], [ -103.715789400317902, 19.4670095202444 ], [ -103.715403400280479, 19.467308940238617 ], [ -103.715084089586682, 19.467518149858154 ], [ -103.714603889539802, 19.467695749704806 ], [ -103.71415751982542, 19.467752920274755 ], [ -103.713805540101575, 19.467871260432709 ], [ -103.71335801965364, 19.467989059584326 ], [ -103.713133489661942, 19.467987620413602 ], [ -103.712599660144406, 19.468067979710391 ], [ -103.712368770400516, 19.468102739883008 ], [ -103.7117301697551, 19.468068110144131 ], [ -103.711443170129698, 19.468036200007973 ], [ -103.711218629940049, 19.468185449748944 ], [ -103.710929889736803, 19.468394850203016 ], [ -103.71070725988757, 19.468544620375145 ], [ -103.710385459727007, 19.468632619794231 ], [ -103.710066920140363, 19.468751200060115 ], [ -103.709715690362287, 19.468930140220557 ], [ -103.709297970000108, 19.469138739833667 ], [ -103.708978649601548, 19.46934794962484 ], [ -103.708625310443296, 19.469586980055926 ], [ -103.708273309763058, 19.469856539630584 ], [ -103.70801435007975, 19.470156769579948 ], [ -103.707725019641614, 19.470547399830117 ], [ -103.707531029687189, 19.470848059724478 ], [ -103.707305509914448, 19.471148539961199 ], [ -103.70714286027858, 19.471509920448618 ], [ -103.706980600064455, 19.471902020111749 ], [ -103.706881550134, 19.472384459876171 ], [ -103.706878459714503, 19.472746939779526 ], [ -103.706811740000362, 19.473139050406957 ], [ -103.70668708964584, 19.473484230375433 ], [ -103.706648310248696, 19.47359114029965 ], [ -103.706281619940142, 19.474061920184003 ], [ -103.705704090092468, 19.47448071995824 ], [ -103.705543940352342, 19.474660860165276 ], [ -103.705445890133376, 19.474841550287788 ], [ -103.705286480192953, 19.475081750261634 ], [ -103.705186709695298, 19.475352979918782 ], [ -103.70502540014887, 19.475593849943337 ], [ -103.704895820155301, 19.475774260212642 ], [ -103.704670279560986, 19.476074650340667 ], [ -103.70460489011559, 19.476346140167951 ], [ -103.704538939658562, 19.476647520164665 ], [ -103.704435710300189, 19.47680784989684 ], [ -103.704248420033096, 19.477098779980913 ], [ -103.703894649985912, 19.47745897042148 ], [ -103.703373119654259, 19.477939890367669 ], [ -103.703057340073855, 19.478337350311449 ], [ -103.702849050114224, 19.478778649832762 ], [ -103.702382259548358, 19.479291139569316 ], [ -103.701962720389744, 19.479740949940606 ], [ -103.701509739621287, 19.480115060352308 ], [ -103.70099069007027, 19.480413540227751 ], [ -103.700446940042426, 19.480633489782669 ], [ -103.70000837022279, 19.480845219850799 ], [ -103.699688820231373, 19.481114920288444 ], [ -103.699334650018471, 19.481444569553762 ], [ -103.69910793999037, 19.481805580387892 ], [ -103.698850860426091, 19.482105860365753 ], [ -103.698734220387507, 19.482465319828194 ], [ -103.698606310213322, 19.482776340381172 ], [ -103.698372919818027, 19.483528599780097 ], [ -103.698545280022927, 19.483884629577719 ], [ -103.69871466024081, 19.484183140220694 ], [ -103.698816030316564, 19.484443540208989 ], [ -103.6988274795292, 19.484761150195627 ], [ -103.698490479850193, 19.485131289967168 ], [ -103.69837217028244, 19.48523912038204 ], [ -103.698244060144489, 19.485355880112397 ], [ -103.697907400387734, 19.485617259769846 ], [ -103.697653169994382, 19.485827619937456 ], [ -103.697238709938091, 19.486059770049913 ], [ -103.69719108032595, 19.486085880069954 ], [ -103.696837740078593, 19.48627963011625 ], [ -103.696448579557568, 19.486369510359893 ], [ -103.696098659993439, 19.486427800429905 ], [ -103.695964229597308, 19.486458460092827 ], [ -103.695714709656968, 19.486515380403571 ], [ -103.695235020229774, 19.486512250095249 ], [ -103.694756859891569, 19.486478550122566 ], [ -103.694438289950455, 19.486445880376458 ], [ -103.69408876990822, 19.486382909640309 ], [ -103.693705380278942, 19.486440489916554 ], [ -103.693384289949847, 19.486589059953783 ], [ -103.692966219980079, 19.487160080074506 ], [ -103.69267174965772, 19.487779060082303 ], [ -103.69252591011724, 19.488158089789792 ], [ -103.692446150258661, 19.488365339851775 ], [ -103.692207769818992, 19.488718969713389 ], [ -103.691891079672104, 19.489184950337926 ], [ -103.691673370175224, 19.489636910025567 ], [ -103.691411289975235, 19.49004927955518 ], [ -103.691123600394917, 19.490349249583524 ], [ -103.690992050418799, 19.490680909542508 ], [ -103.690877339835708, 19.491050800311896 ], [ -103.690632919572252, 19.491614890180848 ], [ -103.690434349761588, 19.492031910399508 ], [ -103.690045289561212, 19.492447770232125 ], [ -103.689597280111073, 19.492650289880618 ], [ -103.689082369806997, 19.492717880075784 ], [ -103.688431450038379, 19.4931069203055 ], [ -103.687939849848561, 19.49334171987757 ], [ -103.687433400065842, 19.493625479832492 ], [ -103.687012860414754, 19.493643110418173 ], [ -103.686695979707778, 19.493671020047014 ], [ -103.686374489844255, 19.493789580262877 ], [ -103.685735740433614, 19.493905979755581 ], [ -103.685544199931527, 19.494025380332044 ], [ -103.685192510426816, 19.494173649731465 ], [ -103.684808150097254, 19.494231750376816 ], [ -103.684287599805288, 19.49424833999975 ], [ -103.683970749719634, 19.494124999719318 ], [ -103.683729019591439, 19.493893819753108 ], [ -103.683717380236004, 19.493881450123894 ], [ -103.683497150143054, 19.493456919724263 ], [ -103.683308599596742, 19.493123120236 ], [ -103.682957519647417, 19.493090779632947 ], [ -103.682830820042597, 19.493120019657429 ], [ -103.682701380354231, 19.49323980012932 ], [ -103.682509260233374, 19.493389179923124 ], [ -103.682189889824429, 19.493447649945537 ], [ -103.681966080090973, 19.493506229934283 ], [ -103.681837400260193, 19.493686619808532 ], [ -103.681802539547292, 19.493958310419558 ], [ -103.681738629704981, 19.494199679581051 ], [ -103.681608220309599, 19.494470710254525 ], [ -103.68141318017922, 19.494771349796096 ], [ -103.681187569583258, 19.495071710135075 ], [ -103.680961970440904, 19.495372149838222 ], [ -103.680705769980733, 19.495672309589871 ], [ -103.680448249951667, 19.495942479674262 ], [ -103.679967149944005, 19.496059910259078 ], [ -103.679597490268094, 19.496177400171753 ], [ -103.679310339559507, 19.496317380323017 ], [ -103.678945689782836, 19.496421740197693 ], [ -103.678474920402607, 19.49650908996615 ], [ -103.678157320274096, 19.496521720374783 ], [ -103.677800309759434, 19.49646181979934 ], [ -103.677481349789645, 19.496365049708832 ], [ -103.677114019561103, 19.496250540428747 ], [ -103.676826400409553, 19.496354059924659 ], [ -103.676456459978311, 19.496517420242739 ], [ -103.676009180453178, 19.496665089842541 ], [ -103.675721709909482, 19.496753820186552 ], [ -103.675560370229817, 19.496843399795061 ], [ -103.675271880026685, 19.497082739636173 ], [ -103.67504587964784, 19.497353089873151 ], [ -103.67478755018773, 19.497713879717505 ], [ -103.674498690410971, 19.497923230116282 ], [ -103.674243320375879, 19.497981600077505 ], [ -103.67392605952935, 19.497979399751465 ], [ -103.673475910236419, 19.498127110087605 ], [ -103.672757110190119, 19.498730849970954 ], [ -103.672499780440234, 19.498940379880125 ], [ -103.672243630044434, 19.499089919931322 ], [ -103.671987830397441, 19.499268889798543 ], [ -103.671793780201796, 19.499418829922664 ], [ -103.671601280472544, 19.49953822032149 ], [ -103.671503520468519, 19.499748800234446 ], [ -103.671375580169453, 19.499989800224679 ], [ -103.671084579984068, 19.500259769892544 ], [ -103.670700140431407, 19.500467909677713 ], [ -103.670220140156218, 19.500675909621556 ], [ -103.669773219947075, 19.500854180270725 ], [ -103.669357450345629, 19.501002050006033 ], [ -103.66897382010022, 19.501120089904504 ], [ -103.668336379660445, 19.501115249962417 ], [ -103.667920689626428, 19.501112489868081 ], [ -103.667411320465888, 19.501108509742359 ], [ -103.666964019798655, 19.501256149669906 ], [ -103.666611480352017, 19.501495629811338 ], [ -103.666320850470626, 19.501795599740884 ], [ -103.665936400068688, 19.502004259664329 ], [ -103.665520630312372, 19.502152109894393 ], [ -103.6651042798388, 19.502330570315785 ], [ -103.66487861974106, 19.502630909735299 ], [ -103.663666029637767, 19.502712219674002 ], [ -103.66331428994657, 19.502861060360072 ], [ -103.662803379836433, 19.502887710083797 ], [ -103.662324429973609, 19.502793289680319 ], [ -103.662071849645741, 19.502610310317252 ], [ -103.661818659862874, 19.502457319677216 ], [ -103.661372429659934, 19.502303110242771 ], [ -103.660913180368013, 19.502142679586871 ], [ -103.660627509917418, 19.501846540072474 ], [ -103.660197969739343, 19.501750220404329 ], [ -103.659990770090204, 19.501780950339 ], [ -103.659646220066392, 19.501806509972791 ], [ -103.659317449560348, 19.501860920280595 ], [ -103.658826249974311, 19.501709719567867 ], [ -103.658625829613499, 19.501701569621151 ], [ -103.658357820137297, 19.501711749655364 ], [ -103.657718200363746, 19.501979029979271 ], [ -103.657367479750235, 19.501976079630353 ], [ -103.65704843032681, 19.502064480163583 ], [ -103.656506000000775, 19.502090819666549 ], [ -103.656155709918721, 19.501967249959588 ], [ -103.655773079532224, 19.501934110230277 ], [ -103.655169179789567, 19.50177869012931 ], [ -103.654979519785911, 19.501505570077928 ], [ -103.654853080453591, 19.501322829680525 ], [ -103.654561489721928, 19.501031059861706 ], [ -103.654075740090718, 19.501152679962253 ], [ -103.653784999534452, 19.501178570118775 ], [ -103.653579579851595, 19.501125150325358 ], [ -103.653360230226653, 19.5009710500855 ], [ -103.653189259807093, 19.500734310026733 ], [ -103.652847979585744, 19.500824910005555 ], [ -103.652624879598179, 19.500943970017971 ], [ -103.652367949873025, 19.501032859723693 ], [ -103.651540949566808, 19.500996029799925 ], [ -103.648381679605919, 19.50192704958846 ], [ -103.618276509891629, 19.512518770443396 ], [ -103.606199309631705, 19.500557860219612 ] ] ] } },
{ "type": "Feature", "properties": { "CVEGEO": "06001", "CVE_ENT": "06", "CVE_MUN": "001", "NOMGEO": "Armería" }, "geometry": { "type": "Polygon", "coordinates": [ [ [ -104.050592830270148, 19.15392751003764 ], [ -104.050092680469746, 19.153868819966711 ], [ -104.049783920299006, 19.154158510112321 ], [ -104.049547750335876, 19.154184180129477 ], [ -104.049383889704814, 19.154046540300602 ], [ -104.049344909774817, 19.153449600352182 ], [ -104.049662680442268, 19.152696689702537 ], [ -104.048247419911249, 19.151682889877048 ], [ -104.046335879983772, 19.151467379594894 ], [ -104.045419799988821, 19.151364109665575 ], [ -104.04506802976303, 19.151656019864561 ], [ -104.045250400437226, 19.152581650370511 ], [ -104.0447494200005, 19.153682859948685 ], [ -104.044438340366597, 19.153641819562377 ], [ -104.044327660465129, 19.153352380411754 ], [ -104.044211540413727, 19.153122419710261 ], [ -104.042490120085304, 19.152495319619451 ], [ -104.041804200239611, 19.151326080057938 ], [ -104.040593800080529, 19.150624319655996 ], [ -104.038598219604921, 19.150739999922433 ], [ -104.037905089608941, 19.151085460232721 ], [ -104.036780520331149, 19.151967450447881 ], [ -104.036144569900927, 19.151411219866571 ], [ -104.035553680234926, 19.150116999749599 ], [ -104.034128910047002, 19.149513150144426 ], [ -104.033493089818052, 19.147529510150594 ], [ -104.028333580041078, 19.143744349716894 ], [ -104.025545630108979, 19.144336950200486 ], [ -104.025521399846028, 19.143698980319243 ], [ -104.024919279783589, 19.14242191027736 ], [ -104.024424909767859, 19.141686849928615 ], [ -104.02280461990641, 19.141127749752076 ], [ -104.022582060181122, 19.141106689703967 ], [ -104.019991280468091, 19.141275719545582 ], [ -104.019881149757552, 19.141289120375756 ], [ -104.019777849748905, 19.141301689661432 ], [ -104.018495260326588, 19.141218680381193 ], [ -104.01660007996, 19.139434980188842 ], [ -104.013406709709926, 19.138058059698359 ], [ -104.012844090460277, 19.137026119924574 ], [ -104.011498019579079, 19.136702940437587 ], [ -104.011189620452853, 19.13679671977857 ], [ -104.010495969803031, 19.137160150278127 ], [ -104.010471600207538, 19.137172919601586 ], [ -104.010309310453806, 19.137132579564899 ], [ -104.009369030284489, 19.13710923014925 ], [ -104.008701619715382, 19.137412169553901 ], [ -104.006643139923227, 19.136943000145038 ], [ -104.005063939534381, 19.136878909716078 ], [ -104.006069519987861, 19.134840580167754 ], [ -104.006088850001646, 19.13404048994154 ], [ -104.006088000036627, 19.133991740160354 ], [ -104.005913339596034, 19.133555150100243 ], [ -104.005365799828013, 19.133262860160016 ], [ -104.003749690332128, 19.133035049741167 ], [ -104.002682080086061, 19.132983829654062 ], [ -104.002301489946447, 19.132727079555064 ], [ -104.001737140241531, 19.13194856975165 ], [ -104.000709650196114, 19.131366110099876 ], [ -103.999574820083126, 19.132123850442298 ], [ -103.999186620273008, 19.132102849943987 ], [ -103.99870805995441, 19.132461680274801 ], [ -103.998232339760989, 19.132117709897496 ], [ -103.997403340097463, 19.131785030162469 ], [ -103.996071450012337, 19.132011969765077 ], [ -103.995129420047277, 19.13217247970665 ], [ -103.993267319754878, 19.131670890384317 ], [ -103.991910340022301, 19.131305340283181 ], [ -103.990631490467678, 19.131806829792232 ], [ -103.990370770438972, 19.131976850404484 ], [ -103.989176290124462, 19.132816279592806 ], [ -103.988947400465022, 19.132977140201209 ], [ -103.987056740132118, 19.132938719916844 ], [ -103.986516220304935, 19.132927739598912 ], [ -103.985126059631327, 19.132648110412791 ], [ -103.983111370145508, 19.132958370440296 ], [ -103.982074650391283, 19.131707219740736 ], [ -103.98116017023105, 19.130893029716471 ], [ -103.980597309915325, 19.130743089932526 ], [ -103.979578800158166, 19.129775169792207 ], [ -103.973941420412501, 19.126112650356784 ], [ -103.97245267994829, 19.126834169952701 ], [ -103.971729150257985, 19.12590494992838 ], [ -103.971131619630867, 19.125137539799116 ], [ -103.970964749802988, 19.124434450171684 ], [ -103.970386339871311, 19.124072449675314 ], [ -103.96944825979098, 19.123353740371041 ], [ -103.968256539566852, 19.122720380432401 ], [ -103.967093119751638, 19.122268650448277 ], [ -103.966281020389047, 19.122254320251407 ], [ -103.965612690396043, 19.122364380412346 ], [ -103.964774519784186, 19.122392319705842 ], [ -103.963818429854214, 19.122305679751705 ], [ -103.963102089864591, 19.122359820164554 ], [ -103.962755490011133, 19.121548169777409 ], [ -103.962542220149459, 19.121031570306741 ], [ -103.96182982990203, 19.120199020103364 ], [ -103.961772819829548, 19.119836309598782 ], [ -103.961271649908852, 19.118932489605896 ], [ -103.961017830080181, 19.118235570396891 ], [ -103.960853119700261, 19.117707399798416 ], [ -103.960711450236545, 19.117340979799966 ], [ -103.960399489785559, 19.117123650042068 ], [ -103.959917120240391, 19.117109310038018 ], [ -103.959415219638487, 19.117244549638034 ], [ -103.958843250317813, 19.117406430013929 ], [ -103.958237020152225, 19.117445199747973 ], [ -103.957750620404624, 19.117360889724964 ], [ -103.957171370050617, 19.117170320396053 ], [ -103.956259879956463, 19.116899110366155 ], [ -103.955192149644816, 19.116639450207849 ], [ -103.954250509570343, 19.116621710242899 ], [ -103.953628490019682, 19.11643836970395 ], [ -103.952680939831524, 19.116604820368934 ], [ -103.952058519796708, 19.117081940158585 ], [ -103.951500569647749, 19.117465019969874 ], [ -103.950804620415212, 19.117669660151339 ], [ -103.94972906015677, 19.117988340325706 ], [ -103.948466980160134, 19.118038540151748 ], [ -103.947662109563737, 19.1181065797042 ], [ -103.946771079859346, 19.118208660210442 ], [ -103.945807059798156, 19.118311970279997 ], [ -103.944510749777635, 19.118407350233106 ], [ -103.94332531982549, 19.118203940242921 ], [ -103.942041940220648, 19.118138119752956 ], [ -103.940766750375417, 19.118220689803753 ], [ -103.939247249633027, 19.118610799564436 ], [ -103.938149750285561, 19.118850970222464 ], [ -103.937056169987954, 19.118928770093849 ], [ -103.936150139632915, 19.118242749798668 ], [ -103.93547980000514, 19.117562749931871 ], [ -103.934871750329023, 19.117172119804057 ], [ -103.93405237983221, 19.116586599784249 ], [ -103.933457780415637, 19.11626472032302 ], [ -103.932919650110733, 19.116122620147927 ], [ -103.932182369834621, 19.116207950312845 ], [ -103.931669429813212, 19.116456819738794 ], [ -103.930987749983217, 19.116587890358311 ], [ -103.925831089531812, 19.1148399795796 ], [ -103.924110289911511, 19.113856260370028 ], [ -103.923169690235611, 19.11236910973691 ], [ -103.922659750175939, 19.111779019649703 ], [ -103.921992179918718, 19.111660950345559 ], [ -103.921258910107284, 19.111175520261614 ], [ -103.920704109558443, 19.110469180243591 ], [ -103.919928860212437, 19.109581549848759 ], [ -103.919683349656978, 19.109343029931136 ], [ -103.919493059904553, 19.109587089771754 ], [ -103.919189419674879, 19.109970519968023 ], [ -103.919015449845006, 19.110271399631717 ], [ -103.916304629879662, 19.10814560023265 ], [ -103.912093059838369, 19.104842740370128 ], [ -103.911473819713251, 19.104425000334665 ], [ -103.90588714974902, 19.100656059898736 ], [ -103.898659249549397, 19.097353139908709 ], [ -103.896251510191519, 19.097697919849228 ], [ -103.895637236732256, 19.097785875403524 ], [ -103.895010050525926, 19.096990137851531 ], [ -103.894998746750247, 19.096040903644209 ], [ -103.894913006706545, 19.093802553679609 ], [ -103.895555200997322, 19.0910138922006 ], [ -103.896608440650908, 19.089949101143077 ], [ -103.897096465373053, 19.089167823397389 ], [ -103.897185548927226, 19.087867733398177 ], [ -103.897368634837832, 19.08756279929808 ], [ -103.897413554951981, 19.086855376081353 ], [ -103.89812032935518, 19.086457940074386 ], [ -103.898370973988065, 19.085063179703244 ], [ -103.898678299366679, 19.084223435749372 ], [ -103.899146179443392, 19.083442031405561 ], [ -103.899375303624765, 19.082257535048971 ], [ -103.899347991908243, 19.081525914201595 ], [ -103.899300408000073, 19.081012493642952 ], [ -103.899208367241044, 19.080691893146973 ], [ -103.899568741055191, 19.079220953928555 ], [ -103.90003819057462, 19.077817932231053 ], [ -103.900665799651051, 19.077144184981382 ], [ -103.901409994581215, 19.076305850032153 ], [ -103.902016258421398, 19.075888670856063 ], [ -103.902995393150647, 19.075533155181702 ], [ -103.903520523347112, 19.075173200423059 ], [ -103.903900016518591, 19.074484166694219 ], [ -103.904852276128835, 19.072902618131305 ], [ -103.905271189916476, 19.072462471424547 ], [ -103.906109159176069, 19.070989892067633 ], [ -103.906331917771681, 19.070381543689937 ], [ -103.906452508116075, 19.069708035269837 ], [ -103.906594779655023, 19.068719061072116 ], [ -103.906493594691753, 19.068044238076105 ], [ -103.905996791669807, 19.065581092979158 ], [ -103.906097800460515, 19.064778677181287 ], [ -103.906220485827802, 19.064340009185969 ], [ -103.906370669569441, 19.063782989432735 ], [ -103.906706797076069, 19.06313944833374 ], [ -103.906843837393751, 19.062717077446695 ], [ -103.906832182649111, 19.062193409706111 ], [ -103.906956161347566, 19.061692061906669 ], [ -103.908119582380678, 19.06027160453279 ], [ -103.908680976133098, 19.059612980070046 ], [ -103.908845268865818, 19.05909752483111 ], [ -103.909861819710812, 19.058001019752869 ], [ -103.909923452423371, 19.057248584140005 ], [ -103.909849993883071, 19.056177040974386 ], [ -103.909770264194975, 19.055449745825427 ], [ -103.909846037601312, 19.054644147154079 ], [ -103.909931630944925, 19.054242986433692 ], [ -103.910203306296978, 19.053068283040741 ], [ -103.910252974329637, 19.052623874941926 ], [ -103.91054197114407, 19.049950197386771 ], [ -103.910726548471274, 19.049406168334787 ], [ -103.911370719447731, 19.048152694931389 ], [ -103.911738168012732, 19.047418148467578 ], [ -103.912310001638303, 19.045996882823552 ], [ -103.912768532418141, 19.045559338968932 ], [ -103.913279027200218, 19.045447906919957 ], [ -103.913122109419945, 19.044834919730917 ], [ -103.91303606473673, 19.044320051479112 ], [ -103.912245467265549, 19.042952597592429 ], [ -103.912211132728274, 19.042649078413266 ], [ -103.912177101089796, 19.041869129119004 ], [ -103.912265136979556, 19.04155405279047 ], [ -103.912363484141821, 19.041045375837303 ], [ -103.912407590157827, 19.040278488742203 ], [ -103.912735486222672, 19.039343197173778 ], [ -103.912954498134567, 19.038775134592136 ], [ -103.913052654566187, 19.038295145684444 ], [ -103.91321052448636, 19.037679229136597 ], [ -103.913460030471455, 19.037121232372527 ], [ -103.913659851741969, 19.036548598310425 ], [ -103.913600682571044, 19.036368934627308 ], [ -103.913348676046638, 19.036152273264772 ], [ -103.913012325945274, 19.035684072792783 ], [ -103.912718406968651, 19.035448183342421 ], [ -103.912401727922315, 19.034284583070804 ], [ -103.912039480223015, 19.033354414341858 ], [ -103.91178633121055, 19.03285083959533 ], [ -103.911694298741182, 19.032451345240045 ], [ -103.911368783910447, 19.03165054994723 ], [ -103.911441577353628, 19.031110965587001 ], [ -103.911547020947197, 19.030580326762902 ], [ -103.911919728833709, 19.029738704820414 ], [ -103.912027248454564, 19.028283294050027 ], [ -103.912078613667305, 19.027343982206244 ], [ -103.91220052105642, 19.026613777889704 ], [ -103.912418038963622, 19.026315835896003 ], [ -103.912478423438486, 19.026170023709696 ], [ -103.912374570793588, 19.025904025496764 ], [ -103.911759021775865, 19.024884653493935 ], [ -103.910924907260352, 19.023844113977134 ], [ -103.910880094924678, 19.023163136938965 ], [ -103.91095777793403, 19.02250302571515 ], [ -103.910920769348166, 19.021812261361553 ], [ -103.910781776926811, 19.021256665099386 ], [ -103.910576476587352, 19.020836727119256 ], [ -103.908836244039122, 19.019399107657957 ], [ -103.908711780561575, 19.019130985662329 ], [ -103.908607947314778, 19.018558562063607 ], [ -103.90873234973229, 19.01798548582941 ], [ -103.90871328410924, 19.01744025345344 ], [ -103.908601615392698, 19.016062448436035 ], [ -103.908261521262176, 19.015020408806055 ], [ -103.90820348914194, 19.014668607052442 ], [ -103.908536764422053, 19.013982002388271 ], [ -103.909017191452492, 19.013378858638454 ], [ -103.909242880983797, 19.01324738808983 ], [ -103.909416553927883, 19.013212549514165 ], [ -103.910396532642423, 19.013268535634587 ], [ -103.910826779831567, 19.013206517298176 ], [ -103.911243111744568, 19.012965099871121 ], [ -103.911691286375444, 19.012465653497554 ], [ -103.91240044618813, 19.011971323032672 ], [ -103.912428198481763, 19.011630790779712 ], [ -103.912377338138327, 19.011139831003526 ], [ -103.913244115756171, 19.010473620072034 ], [ -103.913426956490554, 19.010187788708784 ], [ -103.913559107338457, 19.009578890169369 ], [ -103.913727516675991, 19.009192556729378 ], [ -103.914081284954477, 19.008828828706637 ], [ -103.914449183390005, 19.008379112405382 ], [ -103.914600329715256, 19.00786356872149 ], [ -103.914606889670878, 19.006852263664317 ], [ -103.914395279388856, 19.006227000871277 ], [ -103.91408682553174, 19.005651377517726 ], [ -103.913742339911209, 19.005111730258964 ], [ -103.913498951608275, 19.004442919773492 ], [ -103.913594828147538, 19.004077677829645 ], [ -103.913778218192192, 19.003705777268074 ], [ -103.914028820204663, 19.003434687718912 ], [ -103.914301352664154, 19.002805094501397 ], [ -103.914119092632163, 19.001869692261533 ], [ -103.914100349974362, 19.001317175045049 ], [ -103.914220501948321, 19.000568132257044 ], [ -103.914066285389083, 18.999984861046979 ], [ -103.914312341880049, 18.999635236887553 ], [ -103.914282529457964, 18.99919713822786 ], [ -103.913820738454731, 18.99807266153822 ], [ -103.91371519954491, 18.997149600481233 ], [ -103.913653024135115, 18.995882457457284 ], [ -103.913566967659932, 18.995512952835195 ], [ -103.913417646530391, 18.995361862230023 ], [ -103.913161332435934, 18.995353183495254 ], [ -103.912983923067955, 18.995275492757628 ], [ -103.91306700911791, 18.995015514922553 ], [ -103.913153301075013, 18.994499590583196 ], [ -103.913275803272484, 18.99421340392287 ], [ -103.913663133560448, 18.993785318676942 ], [ -103.913948138125974, 18.993076277305235 ], [ -103.914262433776116, 18.992752494645742 ], [ -103.914760466991154, 18.992608592058094 ], [ -103.915162392575397, 18.992115711515432 ], [ -103.915304818190791, 18.991779431099818 ], [ -103.915491485184745, 18.991364098696991 ], [ -103.915543105190338, 18.991077906195926 ], [ -103.915537470363645, 18.990783794442248 ], [ -103.915847604343043, 18.989932063465044 ], [ -103.9163033793956, 18.988944905105377 ], [ -103.916629026789678, 18.988724459273197 ], [ -103.917179717578136, 18.988510434496813 ], [ -103.917929221814106, 18.988172971808225 ], [ -103.918293938855669, 18.987960015711987 ], [ -103.918812690914379, 18.986843641879563 ], [ -103.919019964346191, 18.986271038290258 ], [ -103.919191972158927, 18.985554775647458 ], [ -103.919348084668982, 18.984730829535632 ], [ -103.919296668575981, 18.984285823476874 ], [ -103.919161759372102, 18.983910197954547 ], [ -103.919129568915125, 18.983591261885007 ], [ -103.919897430361104, 18.982357754234144 ], [ -103.919755929658265, 18.982050628202522 ], [ -103.919593558906655, 18.981741254859291 ], [ -103.9192621490579, 18.98051996566107 ], [ -103.918864016384887, 18.980058589338949 ], [ -103.918722527475353, 18.979785201433302 ], [ -103.91860842705745, 18.979200764811733 ], [ -103.918646171573798, 18.977597088073377 ], [ -103.918628736901624, 18.97679364643168 ], [ -103.918704853110512, 18.975746879136345 ], [ -103.918645484525584, 18.97536638087599 ], [ -103.918527626416449, 18.974640750871011 ], [ -103.91828356548848, 18.974202292475059 ], [ -103.918007814288231, 18.973705766347329 ], [ -103.917851901002763, 18.973331876419298 ], [ -103.917596385028261, 18.972422323640693 ], [ -103.917581859227198, 18.971912873473144 ], [ -103.917163761450581, 18.970499801952016 ], [ -103.916960250743543, 18.97014199373038 ], [ -103.916863361986856, 18.96901803121904 ], [ -103.916989065456434, 18.968167674015763 ], [ -103.916937334939391, 18.967853773913777 ], [ -103.916976464828409, 18.967631649242207 ], [ -103.917140059503652, 18.966814918711954 ], [ -103.917114674940393, 18.966075984544606 ], [ -103.917013292741345, 18.965641584366836 ], [ -103.916687516115616, 18.965678989440782 ], [ -103.916123714813736, 18.965661346171736 ], [ -103.915740494179957, 18.965465441902619 ], [ -103.915221601229618, 18.965032043299395 ], [ -103.915133689270263, 18.964637031027241 ], [ -103.915116849220851, 18.963977045097813 ], [ -103.915004628722471, 18.963610581020127 ], [ -103.914730549731829, 18.963092543341116 ], [ -103.914491125711592, 18.962811405568406 ], [ -103.914409943369535, 18.962308842842642 ], [ -103.914513677028239, 18.961497307516687 ], [ -103.91462193452719, 18.961220160586688 ], [ -103.914940958329993, 18.960633544660961 ], [ -103.915145702282871, 18.96044825297631 ], [ -103.915425877199837, 18.960256230334974 ], [ -103.915701572738527, 18.959590783485464 ], [ -103.915748240084582, 18.959368703289876 ], [ -103.915651631125783, 18.959152957560985 ], [ -103.91548110039578, 18.958943951504395 ], [ -103.915217233900577, 18.958712881438988 ], [ -103.914826259038435, 18.958552793244301 ], [ -103.91455119993357, 18.958632969111584 ], [ -103.914267972014031, 18.958071735423886 ], [ -103.914206051871076, 18.957702783732813 ], [ -103.914480540401328, 18.957223821545689 ], [ -103.915011118773677, 18.956995335100977 ], [ -103.915597540855345, 18.956463206794421 ], [ -103.916314028567257, 18.955807185392192 ], [ -103.917210471969995, 18.955439443585821 ], [ -103.918163846113771, 18.955129877085344 ], [ -103.918664287846383, 18.954673670639078 ], [ -103.91874137526338, 18.954178812764642 ], [ -103.918775086309708, 18.953626711759021 ], [ -103.918431335251427, 18.953158481693531 ], [ -103.918092443039313, 18.953106295112313 ], [ -103.917619685952829, 18.952066276296275 ], [ -103.917760942370364, 18.951440294104746 ], [ -103.918224877081087, 18.950804631182589 ], [ -103.918687608399765, 18.95035545053917 ], [ -103.919691270855537, 18.950189156257768 ], [ -103.920392230331259, 18.949766184306164 ], [ -103.921493811093725, 18.949812716350905 ], [ -103.922306234666905, 18.950082438987611 ], [ -103.922869882041098, 18.950351105130629 ], [ -103.923306166578058, 18.950497093091212 ], [ -103.923856800641602, 18.950679608105578 ], [ -103.925094953289644, 18.950684723829788 ], [ -103.926697073880987, 18.950718971284573 ], [ -103.927314478952482, 18.950584882495534 ], [ -103.928376049620923, 18.950548209302784 ], [ -103.929363754158416, 18.950261000470892 ], [ -103.93012765063115, 18.950144769962705 ], [ -103.930571097799628, 18.95010160527486 ], [ -103.930962709444643, 18.950161245550081 ], [ -103.931225763872789, 18.950284697823282 ], [ -103.93145288970176, 18.95058583783495 ], [ -103.931171766844272, 18.951424850111181 ], [ -103.931274239662002, 18.951906013165821 ], [ -103.931374984332564, 18.952088923245384 ], [ -103.931634243041714, 18.952194996925748 ], [ -103.931920372222748, 18.952246854952719 ], [ -103.932258401200343, 18.952435293256993 ], [ -103.932513101538106, 18.952687805573277 ], [ -103.932744153808187, 18.953334815078851 ], [ -103.93286278793606, 18.953414264014121 ], [ -103.933160302378298, 18.95404717623277 ], [ -103.93320430065765, 18.95424109264744 ], [ -103.933431865460946, 18.954867116041505 ], [ -103.933640480403454, 18.955118675365728 ], [ -103.93403786631572, 18.955458078603456 ], [ -103.934519338850905, 18.956114671968116 ], [ -103.935115868310845, 18.956647774889998 ], [ -103.935749328342098, 18.957088949746435 ], [ -103.936341031233155, 18.957458155173917 ], [ -103.936635763393028, 18.957581782867749 ], [ -103.937162808156558, 18.957845562447183 ], [ -103.937718791456916, 18.95798249385615 ], [ -103.9383263968611, 18.958222675815414 ], [ -103.93911762332678, 18.958514115481222 ], [ -103.939922875673858, 18.958733904772252 ], [ -103.940238196622488, 18.958741551710407 ], [ -103.940759460492629, 18.958767379356569 ], [ -103.941475969657148, 18.958697678958849 ], [ -103.941714794240482, 18.958655478668422 ], [ -103.941834201733286, 18.958572682467192 ], [ -103.941879688710927, 18.95829320517673 ], [ -103.942506598017928, 18.958103118755638 ], [ -103.943073809839348, 18.958038956189856 ], [ -103.944008368331737, 18.957853463125044 ], [ -103.944831092439856, 18.957693176119836 ], [ -103.945494529673027, 18.957337844514345 ], [ -103.945869125471845, 18.956859870924475 ], [ -103.946008936686695, 18.956444646620778 ], [ -103.946039799779001, 18.954929015303204 ], [ -103.945529291982666, 18.954555615070724 ], [ -103.945423979676718, 18.95451902342344 ], [ -103.945120136259845, 18.954225981424781 ], [ -103.944832290459004, 18.95390597270578 ], [ -103.944668614923771, 18.953560749545932 ], [ -103.944540825917471, 18.953502640141448 ], [ -103.944137372135089, 18.952926522548129 ], [ -103.943875766062149, 18.95281026830272 ], [ -103.943523034033717, 18.952320512199929 ], [ -103.942707790769248, 18.951297334068155 ], [ -103.942450180438755, 18.950786600743747 ], [ -103.942262193208563, 18.950233226857083 ], [ -103.941998675571455, 18.949464239755741 ], [ -103.941949029045816, 18.948969036333636 ], [ -103.941770979251643, 18.9480355640334 ], [ -103.941840046425469, 18.94770300004889 ], [ -103.941952308083813, 18.947544217197517 ], [ -103.942363368884685, 18.947336014662348 ], [ -103.942573987045407, 18.947151047975169 ], [ -103.942682461361983, 18.94664149240527 ], [ -103.943157688084568, 18.946171385396948 ], [ -103.94329956274629, 18.945906801922121 ], [ -103.943425350247253, 18.94556322668933 ], [ -103.943615917848263, 18.945227192605984 ], [ -103.943766830739492, 18.944858446401931 ], [ -103.944251267095666, 18.944405944563915 ], [ -103.944909534842807, 18.944015189180348 ], [ -103.945727869476798, 18.943654628174432 ], [ -103.94595461297537, 18.943246474661699 ], [ -103.94597952197509, 18.942880805537978 ], [ -103.945883197194149, 18.942614865991654 ], [ -103.945642589538124, 18.942434570173745 ], [ -103.94517940202779, 18.942094426126072 ], [ -103.945022282368257, 18.941907040764288 ], [ -103.944978046706296, 18.941748988600477 ], [ -103.944901572842852, 18.941426103503915 ], [ -103.944687097299848, 18.941266759028331 ], [ -103.944516725498517, 18.941029088214492 ], [ -103.9442379933854, 18.940762110315546 ], [ -103.944069597043239, 18.940309492157326 ], [ -103.943993503429127, 18.939125329718166 ], [ -103.94397319087966, 18.938759404023948 ], [ -103.943626800234014, 18.938432676754122 ], [ -103.943474246183968, 18.937551539302461 ], [ -103.943244958159937, 18.936931376836469 ], [ -103.942941990628128, 18.936128301967855 ], [ -103.942756380970081, 18.935438659477505 ], [ -103.942803411105913, 18.935152017082039 ], [ -103.942856266478586, 18.934241701882463 ], [ -103.942699964374015, 18.933623630345139 ], [ -103.942560565663342, 18.933257025337799 ], [ -103.94247849504471, 18.932883574422043 ], [ -103.942400071753966, 18.93240972510802 ], [ -103.942387598380975, 18.931756932967094 ], [ -103.942226565104164, 18.930995702894361 ], [ -103.942151467166923, 18.929754387194322 ], [ -103.942200618039124, 18.929130637272547 ], [ -103.942311663314669, 18.928156098584868 ], [ -103.942450696557628, 18.927719028057986 ], [ -103.94264927696652, 18.927304139298485 ], [ -103.942846818960234, 18.927054218184768 ], [ -103.942943388932662, 18.926782527232884 ], [ -103.943092468063853, 18.92634551385374 ], [ -103.943459673657088, 18.925723573510197 ], [ -103.943567708132647, 18.925175753761359 ], [ -103.943599756941651, 18.925021439556271 ], [ -103.943578633125, 18.924784618845031 ], [ -103.943681976957961, 18.923931647764554 ], [ -103.943695487121659, 18.922741045011357 ], [ -103.943662364110921, 18.921055256129463 ], [ -103.943592419397035, 18.920911402347656 ], [ -103.943624307556988, 18.920702985065798 ], [ -103.942685028825309, 18.920181787018265 ], [ -103.941925852119454, 18.919854687502859 ], [ -103.941489987165966, 18.919651365343579 ], [ -103.940807447396224, 18.919123861120056 ], [ -103.940284823497805, 18.918575748962169 ], [ -103.93975120007039, 18.918099299857893 ], [ -103.939493765492202, 18.917330343892971 ], [ -103.93938251228019, 18.91680609661902 ], [ -103.939357658457681, 18.91596674123069 ], [ -103.939467389942138, 18.915537001835567 ], [ -103.93999790338674, 18.915061299803678 ], [ -103.940277123396768, 18.9147741382899 ], [ -103.940543023559371, 18.914438535317075 ], [ -103.940780915576568, 18.914002354072458 ], [ -103.941373723675909, 18.913216729224533 ], [ -103.941880899391052, 18.912624280000838 ], [ -103.94249531353482, 18.911996574861735 ], [ -103.943024705274695, 18.911705504888943 ], [ -103.943235903473806, 18.911678016117747 ], [ -103.943791750923126, 18.911014109700805 ], [ -103.944393024078806, 18.910379474426179 ], [ -103.945236849989698, 18.909637975380004 ], [ -103.945570287595316, 18.909345784657226 ], [ -103.945915443164694, 18.90886716715212 ], [ -103.94676277096643, 18.907867783660585 ], [ -103.947407832308997, 18.907154161681511 ], [ -103.948040139815987, 18.90659146837605 ], [ -103.948387523214294, 18.906072723152128 ], [ -103.948365543929924, 18.90585413802604 ], [ -103.949056378411868, 18.903842493774679 ], [ -103.94962411367672, 18.902231825599301 ], [ -103.950202694038737, 18.902263786154805 ], [ -103.950625466753991, 18.90214423731663 ], [ -103.950890967660612, 18.901865996919703 ], [ -103.950879081847276, 18.901512463695674 ], [ -103.950818437184481, 18.901169826871097 ], [ -103.951135116088508, 18.900418470424871 ], [ -103.951083551643208, 18.899743936520437 ], [ -103.951087399441221, 18.899328311287213 ], [ -103.951112057693123, 18.898797287861694 ], [ -103.951069614039, 18.898352334423286 ], [ -103.950969922174878, 18.898024589664928 ], [ -103.950452865760809, 18.896950156627604 ], [ -103.950162283200527, 18.896417728094061 ], [ -103.95008232573106, 18.896085238653587 ], [ -103.949962446362818, 18.895608246622668 ], [ -103.949977823909876, 18.895061026965188 ], [ -103.950439265041382, 18.894296143887026 ], [ -103.950783614461557, 18.893939447333636 ], [ -103.951997094972057, 18.893178803476719 ], [ -103.952601453659497, 18.892938334752259 ], [ -103.95363702851806, 18.892427724346479 ], [ -103.954634251819144, 18.89202448520583 ], [ -103.955332009887769, 18.891303954071564 ], [ -103.955574433659095, 18.891097304289527 ], [ -103.955734056915702, 18.890875843698222 ], [ -103.95599364505712, 18.890088292706057 ], [ -103.956134123508974, 18.889551120129614 ], [ -103.956167153417979, 18.889085072099999 ], [ -103.95610918460234, 18.888820245983165 ], [ -103.955663668208018, 18.888616011685379 ], [ -103.955198223188248, 18.888233561987068 ], [ -103.955031368975426, 18.888100292096603 ], [ -103.95501369522114, 18.887952460932016 ], [ -103.954476540094291, 18.887081530811603 ], [ -103.9541417285092, 18.886391057693441 ], [ -103.954060310205648, 18.886153896506595 ], [ -103.953994363780197, 18.885852267749659 ], [ -103.95374855321856, 18.885391824460619 ], [ -103.953391631636322, 18.884622324490081 ], [ -103.95316227559438, 18.883939616134427 ], [ -103.95304519806335, 18.883135601973461 ], [ -103.952926683456809, 18.881982418307068 ], [ -103.952739414518604, 18.881656280513244 ], [ -103.95243304819607, 18.880877875115882 ], [ -103.952346524629306, 18.880614009101976 ], [ -103.952326336808952, 18.879982687434758 ], [ -103.952496376515043, 18.879538931256771 ], [ -103.952723279447, 18.879160049132956 ], [ -103.953046219580784, 18.878829850668183 ], [ -103.953412785621069, 18.878547067954113 ], [ -103.953965992425438, 18.878040909605019 ], [ -103.954112174564031, 18.877797856090208 ], [ -103.954406351166142, 18.877505424121829 ], [ -103.954423016115129, 18.877491171927808 ], [ -103.954769713356058, 18.877234898747123 ], [ -103.955200887239613, 18.876964753863462 ], [ -103.955535841110489, 18.876414327595043 ], [ -103.955673377918487, 18.876106668154076 ], [ -103.955946850980126, 18.875749562679104 ], [ -103.9563556877238, 18.874948499731286 ], [ -103.956551774745975, 18.87418928043121 ], [ -103.957267799005379, 18.872938049672992 ], [ -103.957329897111237, 18.872156559444228 ], [ -103.957477531987095, 18.871920683159761 ], [ -103.958295433196284, 18.870763265247177 ], [ -103.958632491799747, 18.870356300502177 ], [ -103.958972693508812, 18.869683957449116 ], [ -103.959332351801535, 18.869277117902698 ], [ -103.959976896173373, 18.868613647243134 ], [ -103.960287134428839, 18.868400195657252 ], [ -103.960689200438935, 18.867957726048015 ], [ -103.961135543486819, 18.867666131424745 ], [ -103.961824530129718, 18.867124840234709 ], [ -103.96214198923272, 18.866961635720532 ], [ -103.962367579237892, 18.867034622517824 ], [ -103.962606637627303, 18.867159007776117 ], [ -103.963587656782352, 18.866876445477583 ], [ -103.964161414601449, 18.866693146210128 ], [ -103.964818896590387, 18.86661790277136 ], [ -103.966062859510856, 18.866495707449051 ], [ -103.966642346305861, 18.866606518402484 ], [ -103.967237605706941, 18.866602649680765 ], [ -103.967591282196281, 18.86667634096197 ], [ -103.969129687165534, 18.866415434889369 ], [ -103.96959153043926, 18.866092079605512 ], [ -103.969833050598638, 18.865777811204865 ], [ -103.970021392048125, 18.865534975688497 ], [ -103.970533245129118, 18.865616710030814 ], [ -103.971008040075631, 18.865597816451313 ], [ -103.971483665225378, 18.865442642473187 ], [ -103.972148577239111, 18.864985487997139 ], [ -103.972546821056341, 18.864711675873444 ], [ -103.972814929232371, 18.864864395022931 ], [ -103.973056443862887, 18.864989317102818 ], [ -103.973139726145092, 18.865030956650543 ], [ -103.973214678863982, 18.865064269835898 ], [ -103.97335625707322, 18.865114239366797 ], [ -103.97342288062832, 18.865130894838703 ], [ -103.97384761464312, 18.865289129256979 ], [ -103.974472224424531, 18.865647237617956 ], [ -103.97456383318368, 18.86570553493204 ], [ -103.974921941714854, 18.865938722377464 ], [ -103.975121816853843, 18.866071971653383 ], [ -103.975263394657404, 18.866155252949472 ], [ -103.975355003725326, 18.866196892639049 ], [ -103.975546550213124, 18.866255190044274 ], [ -103.975921315100763, 18.866321814962006 ], [ -103.976187815320969, 18.866346799193266 ], [ -103.976287752361102, 18.866380111860185 ], [ -103.976495955327039, 18.866463392669303 ], [ -103.976654189446634, 18.866530017920386 ], [ -103.976770782935247, 18.866613298816279 ], [ -103.976954002167474, 18.866838158046352 ], [ -103.97705393874763, 18.866996392031716 ], [ -103.977262141729753, 18.867362829065932 ], [ -103.977338337768117, 18.867493450470153 ], [ -103.977459309800977, 18.86757562040675 ], [ -103.977742670136905, 18.867983524875836 ], [ -103.978022579740326, 18.868386459801286 ], [ -103.979452718771412, 18.869494263154422 ], [ -103.981597550436959, 18.871155619813479 ], [ -103.981823762816092, 18.871358976081034 ], [ -103.981825948221783, 18.871360323669002 ], [ -103.982034150668213, 18.871501901717103 ], [ -103.982508852600816, 18.871810041893639 ], [ -103.983208414760838, 18.872251432137908 ], [ -103.983441602245946, 18.872359697173891 ], [ -103.983708101975097, 18.872476291053427 ], [ -103.983858008321562, 18.872534588061839 ], [ -103.984332709996551, 18.872701150089213 ], [ -103.98466583520171, 18.872776103335283 ], [ -103.984790755913139, 18.872792759274688 ], [ -103.984915677606111, 18.872809415098335 ], [ -103.985357067652956, 18.872867711839689 ], [ -103.985865082925443, 18.872934336957911 ], [ -103.987930454795787, 18.873292446361763 ], [ -103.988246923783407, 18.87337572656665 ], [ -103.98854673580189, 18.873459007767661 ], [ -103.988679984608424, 18.873508976685358 ], [ -103.988988126138494, 18.873625571372621 ], [ -103.989104718931173, 18.87369219535746 ], [ -103.989412858710978, 18.873842101265314 ], [ -103.989837593399486, 18.874041976254773 ], [ -103.989945859332593, 18.874083616701782 ], [ -103.990120748526067, 18.874125257118138 ], [ -103.990212357908163, 18.874125256646312 ], [ -103.99025010438065, 18.87413040370598 ], [ -103.990306919633952, 18.874089619615845 ], [ -103.990425097911711, 18.874154267640009 ], [ -103.99057879546163, 18.874175226345539 ], [ -103.991261701003793, 18.874525007094448 ], [ -103.991494887567811, 18.874691569157648 ], [ -103.991594824729589, 18.874766521984156 ], [ -103.991726149795824, 18.874865977968931 ], [ -103.992484740232811, 18.875280939784748 ], [ -103.995579750124421, 18.877889219774094 ], [ -103.997365519594027, 18.879178550457244 ], [ -103.998163080023218, 18.879425769988071 ], [ -103.998030800378402, 18.879648489905072 ], [ -103.999341450416068, 18.880551830373253 ], [ -104.000160019607833, 18.880909230055856 ], [ -104.000132029785632, 18.880320349951127 ], [ -104.00303129034215, 18.881894339972874 ], [ -104.005888479879317, 18.883767079881085 ], [ -104.012454420274153, 18.886609539879778 ], [ -104.02157951007743, 18.889963420361596 ], [ -104.03077625998877, 18.894471380403967 ], [ -104.03848817041245, 18.898291349912402 ], [ -104.04279825509137, 18.900582728953644 ], [ -104.044589182864669, 18.901534786560269 ], [ -104.044885743837312, 18.90169243558962 ], [ -104.045856648588696, 18.902174344267522 ], [ -104.046123147648387, 18.902307594104091 ], [ -104.04673110084947, 18.902632389967263 ], [ -104.047055896971372, 18.902815608421452 ], [ -104.048088583339464, 18.903381919748064 ], [ -104.048371739152074, 18.90348185779224 ], [ -104.048480005027329, 18.903523498146431 ], [ -104.048763160416854, 18.903665076224744 ], [ -104.049312815984152, 18.903956560083948 ], [ -104.049512690562366, 18.904073154044951 ], [ -104.049704236758117, 18.904189746959709 ], [ -104.049945752625433, 18.904339653411284 ], [ -104.050203923556182, 18.904522871908405 ], [ -104.050420454791038, 18.904697761631997 ], [ -104.05052039163985, 18.904756058888843 ], [ -104.050612002196573, 18.904806028046977 ], [ -104.051095031784541, 18.905055870833387 ], [ -104.051553078065609, 18.905280730071215 ], [ -104.051986140050829, 18.90551391684393 ], [ -104.052294280641021, 18.905688808001109 ], [ -104.052360905093707, 18.905738776010391 ], [ -104.052569107695135, 18.905863697807046 ], [ -104.052968858022197, 18.906071901170058 ], [ -104.05316873220228, 18.906163509774281 ], [ -104.053426903864562, 18.906280104172218 ], [ -104.05384331037159, 18.90649663474872 ], [ -104.053959902874382, 18.906588243795657 ], [ -104.054084824834149, 18.90669650877738 ], [ -104.05416810578879, 18.906763133567267 ], [ -104.054276371563589, 18.906829759077482 ], [ -104.05553391679922, 18.90753764896737 ], [ -104.056441680572107, 18.908037336035921 ], [ -104.057682569674967, 18.908703584671702 ], [ -104.058198912855445, 18.908970084100975 ], [ -104.058290522460396, 18.909003397052174 ], [ -104.058532038302403, 18.90910333430179 ], [ -104.058731912243488, 18.909203272360916 ], [ -104.058973428061819, 18.909353178237051 ], [ -104.059423145900752, 18.909636333230718 ], [ -104.060280940858846, 18.910136019877413 ], [ -104.061205361710847, 18.91067734824551 ], [ -104.061938235782279, 18.911152049730088 ], [ -104.062117977896989, 18.911268012772251 ], [ -104.062196407918407, 18.911318612188342 ], [ -104.062254704423609, 18.911351925095687 ], [ -104.062329656648728, 18.911393564650766 ], [ -104.062779375003331, 18.911618423701572 ], [ -104.063204108961969, 18.911809971026248 ], [ -104.063812061541881, 18.912184735946944 ], [ -104.063986952242189, 18.912301330267077 ], [ -104.064420014241378, 18.912592814376904 ], [ -104.064686512722389, 18.912817672595811 ], [ -104.06479541803651, 18.912960311648625 ], [ -104.066057109758503, 18.913681709566514 ], [ -104.068530170461628, 18.91503977971632 ], [ -104.071389096478683, 18.917004116995926 ], [ -104.071615504250275, 18.917089995337943 ], [ -104.072756454773767, 18.917672962584593 ], [ -104.072848065208561, 18.917722931957048 ], [ -104.072939673722914, 18.917781227811183 ], [ -104.073064595692159, 18.917864510292926 ], [ -104.073564282104783, 18.918214289620909 ], [ -104.073664219888016, 18.918289243022507 ], [ -104.073747501451606, 18.918355868156755 ], [ -104.073749375054135, 18.918358314518752 ], [ -104.074922779545517, 18.918988749744038 ], [ -104.077426169766369, 18.9205808300866 ], [ -104.080960620425529, 18.922719979876657 ], [ -104.083728920081185, 18.924212969704769 ], [ -104.09023274033018, 18.928194600436978 ], [ -104.095300460045848, 18.930715090056328 ], [ -104.098922139968437, 18.932926769654046 ], [ -104.102394850251272, 18.934966430405641 ], [ -104.105240060060439, 18.936666779778584 ], [ -104.108769429595625, 18.938602029954474 ], [ -104.111951380286641, 18.940174479904215 ], [ -104.115246799958499, 18.941878829987321 ], [ -104.116989249897543, 18.942731689797668 ], [ -104.119480780030443, 18.943957060012565 ], [ -104.119946110426142, 18.944198460002283 ], [ -104.119632229652368, 18.944823200420323 ], [ -104.119551109742716, 18.944993649916228 ], [ -104.119469889969537, 18.944960379977015 ], [ -104.118708769553379, 18.944718819813126 ], [ -104.118078909815935, 18.944440450375684 ], [ -104.117005859983493, 18.943972780304559 ], [ -104.116608460323548, 18.943806719840676 ], [ -104.115878549954715, 18.945682259950363 ], [ -104.115701260160662, 18.946159710162526 ], [ -104.115698860263038, 18.946328720370175 ], [ -104.116952849703139, 18.946796370243128 ], [ -104.117275150404069, 18.94703633988027 ], [ -104.117904200110644, 18.947320539881929 ], [ -104.118145819976235, 18.947429350027058 ], [ -104.118396580441072, 18.947540539801604 ], [ -104.118799950115189, 18.947719719655012 ], [ -104.11865717959077, 18.948201650200986 ], [ -104.118563710137195, 18.948517170031195 ], [ -104.118350229895796, 18.94898882010402 ], [ -104.118104020390703, 18.949559350289682 ], [ -104.118065520263713, 18.94965443019781 ], [ -104.117780120099525, 18.950275419848776 ], [ -104.117632020074879, 18.950728030352053 ], [ -104.117350320160753, 18.951588859683262 ], [ -104.116929180061348, 18.952049830017472 ], [ -104.116540280157153, 18.953054889664401 ], [ -104.115742139893428, 18.955289859756633 ], [ -104.109323339656868, 18.968589749822495 ], [ -104.104101419747536, 18.9807460303578 ], [ -104.103689229588227, 18.981103519556619 ], [ -104.103702400448441, 18.981750980192285 ], [ -104.102562889836946, 18.982631980350988 ], [ -104.102547119759606, 18.98296988045244 ], [ -104.102790169647108, 18.983279679833267 ], [ -104.102755879885876, 18.983490689691354 ], [ -104.102438020339704, 18.9842228602208 ], [ -104.102421260315751, 18.984315310237161 ], [ -104.102361079770375, 18.984555490227145 ], [ -104.102273600445258, 18.984625630165237 ], [ -104.101473849651484, 18.984837199655445 ], [ -104.10053813985553, 18.985813319735424 ], [ -104.100411940070828, 18.986036110148188 ], [ -104.100442910147549, 18.986423849836711 ], [ -104.099866569898268, 18.987097090322614 ], [ -104.098959079835609, 18.987045420435717 ], [ -104.098671799661261, 18.986975319670901 ], [ -104.098041940064277, 18.986790889997039 ], [ -104.097442519721241, 18.986735829802072 ], [ -104.096651060449005, 18.986745339724266 ], [ -104.096312449792947, 18.986859819926579 ], [ -104.096021350108757, 18.987024309624644 ], [ -104.094902200412093, 18.987117519849569 ], [ -104.094286349706522, 18.986690510207477 ], [ -104.093299820458256, 18.98697746000477 ], [ -104.092696279854479, 18.987772549902921 ], [ -104.09248348972028, 18.988192630136492 ], [ -104.092407149994614, 18.989641399605308 ], [ -104.092185949550554, 18.990018140347377 ], [ -104.091950319916577, 18.989919750387209 ], [ -104.089880849637026, 18.989063739717317 ], [ -104.089254029942026, 18.988851720414278 ], [ -104.077969749616301, 18.987408620010157 ], [ -104.077142649684589, 18.988733820210825 ], [ -104.075689889573567, 18.991986619943376 ], [ -104.075214220165336, 18.993066289924656 ], [ -104.074822970112763, 18.993793120178161 ], [ -104.07472883026314, 18.993965599661269 ], [ -104.073323230014651, 18.996540739722946 ], [ -104.073119459785147, 18.996910180159347 ], [ -104.072655379690417, 18.997751550237687 ], [ -104.071784919866019, 18.999329680264434 ], [ -104.071604859802093, 18.999656120215974 ], [ -104.07034139999449, 19.001946660165633 ], [ -104.069644940236202, 19.003202029553538 ], [ -104.068910089532807, 19.004526569571997 ], [ -104.068817180238739, 19.004694029607691 ], [ -104.068267659877478, 19.005941709966528 ], [ -104.066862920398393, 19.009131059715685 ], [ -104.061796739909411, 19.012696850209231 ], [ -104.060460879539434, 19.013637030166137 ], [ -104.058368880071598, 19.011574600167901 ], [ -104.058127859628698, 19.011895230271836 ], [ -104.057415909545227, 19.012785750308083 ], [ -104.056229079890898, 19.013256740155221 ], [ -104.055991909562934, 19.013657650116862 ], [ -104.053527970236331, 19.010607109966628 ], [ -104.054245919787235, 19.010037680089148 ], [ -104.054257979689595, 19.00999290976139 ], [ -104.054208509660185, 19.009857430068202 ], [ -104.053992479954957, 19.00980925013301 ], [ -104.053660619943301, 19.009856319971281 ], [ -104.053642510428404, 19.009805820324313 ], [ -104.052872580228112, 19.009837980271165 ], [ -104.051173320149061, 19.009073489719938 ], [ -104.050756949682963, 19.008742879731891 ], [ -104.049493449676561, 19.008726859926441 ], [ -104.042652089918676, 19.011645950072189 ], [ -104.040886909972485, 19.012483169861987 ], [ -104.03633962985414, 19.010733399642145 ], [ -104.030140829964751, 19.012597510043413 ], [ -104.036814220393765, 19.021772479654647 ], [ -104.035694250279661, 19.022050229951823 ], [ -104.031875690076248, 19.024306599662882 ], [ -104.034390979639909, 19.02472743024563 ], [ -104.03434601953326, 19.025887019610671 ], [ -104.034488490347712, 19.028271350046996 ], [ -104.032353619743731, 19.031463369997688 ], [ -104.031289830162876, 19.031408169747557 ], [ -104.03103657009116, 19.032635369567643 ], [ -104.030877479736631, 19.032772490302207 ], [ -104.029747819639184, 19.032808150228959 ], [ -104.028880720143732, 19.033212719696071 ], [ -104.02800856990676, 19.033554250245885 ], [ -104.027226599981475, 19.034079969741533 ], [ -104.026637629664037, 19.03446710995318 ], [ -104.026216719537672, 19.035614340451172 ], [ -104.024444649967833, 19.037159000021887 ], [ -104.024068310183239, 19.03779321970794 ], [ -104.023076340244316, 19.038804379832584 ], [ -104.023688549958635, 19.03978078004241 ], [ -104.025986119774174, 19.042334739651299 ], [ -104.027927540013863, 19.045795659736307 ], [ -104.027255479814684, 19.047269679706634 ], [ -104.027169220013931, 19.051098340027991 ], [ -104.026834830177236, 19.051969079936242 ], [ -104.029139200351196, 19.057619690238131 ], [ -104.026879120153765, 19.05992891019589 ], [ -104.030069509897345, 19.062249449815482 ], [ -104.030777849847553, 19.063838859914725 ], [ -104.02997974996218, 19.065561280435094 ], [ -104.029598479551083, 19.067132579841005 ], [ -104.0312871799795, 19.069980399816256 ], [ -104.033879249663201, 19.071640139613919 ], [ -104.039853079558767, 19.076286519886519 ], [ -104.040610459535856, 19.077630999956053 ], [ -104.041071569987508, 19.078568629578779 ], [ -104.041547719800803, 19.079476570355826 ], [ -104.041753879558016, 19.081402119965475 ], [ -104.042171369932348, 19.082000340064305 ], [ -104.042496430193779, 19.082194939554331 ], [ -104.043354200352326, 19.082822250102382 ], [ -104.044329049547471, 19.083158850110916 ], [ -104.046230850433986, 19.083810879709432 ], [ -104.051384019921741, 19.088127850272397 ], [ -104.056834339798556, 19.092693380069825 ], [ -104.063842400248262, 19.100859120392435 ], [ -104.067874019839152, 19.10193654980862 ], [ -104.063580340273148, 19.11674330985608 ], [ -104.062531259867058, 19.118699550293364 ], [ -104.069036910285917, 19.128567910156363 ], [ -104.069166949781788, 19.129892450113132 ], [ -104.069404309791338, 19.132309719609911 ], [ -104.067967539601966, 19.134506689599412 ], [ -104.066201379635345, 19.14265044957223 ], [ -104.065248490057584, 19.142785309848289 ], [ -104.064766029983772, 19.145336060308974 ], [ -104.061477084564856, 19.14566972924176 ], [ -104.06135625993133, 19.14593235225621 ], [ -104.060658003394252, 19.147450058342173 ], [ -104.060088302608818, 19.148537411686892 ], [ -104.059962021347161, 19.149512265940459 ], [ -104.059293844748694, 19.150216563055661 ], [ -104.060773633211582, 19.150723257203218 ], [ -104.060956753041339, 19.151563990993065 ], [ -104.06085101961834, 19.151661630031157 ], [ -104.054666459817227, 19.152137629746122 ], [ -104.053160120117425, 19.152803749791463 ], [ -104.051959690214304, 19.152290379762665 ], [ -104.051775279555841, 19.152501339982685 ], [ -104.05189962952953, 19.153179489562394 ], [ -104.05151765029521, 19.153475579986374 ], [ -104.051781510289374, 19.153759659712584 ], [ -104.051730849927324, 19.154089720050688 ], [ -104.0510590302396, 19.154298399913856 ], [ -104.050592830270148, 19.15392751003764 ] ] ] } },
{ "type": "Feature", "properties": { "CVEGEO": "06004", "CVE_ENT": "06", "CVE_MUN": "004", "NOMGEO": "Coquimatlán" }, "geometry": { "type": "Polygon", "coordinates": [ [ [ -104.048514629710851, 19.30254922002327 ], [ -104.046895919909304, 19.302269921232789 ], [ -104.046897720000231, 19.301627850102804 ], [ -104.04682645028538, 19.301329199821062 ], [ -104.046682368739965, 19.301076399733184 ], [ -104.046561909198971, 19.300869659581974 ], [ -104.046415479233161, 19.300777600604548 ], [ -104.046271999458639, 19.300754090442201 ], [ -104.046053909550224, 19.300845371184266 ], [ -104.045812488847361, 19.300845291046819 ], [ -104.045546000277071, 19.300890219603396 ], [ -104.045327569595315, 19.300958860185197 ], [ -104.045087089185643, 19.300958121104554 ], [ -104.044893049034499, 19.300934750613784 ], [ -104.044676449929142, 19.300934251073439 ], [ -104.044556118913107, 19.30086511127783 ], [ -104.044409108861871, 19.30079635062296 ], [ -104.044240380441764, 19.300680860498197 ], [ -104.044096569189861, 19.300634600328802 ], [ -104.04390382023189, 19.300634400221252 ], [ -104.043805878658006, 19.300657291147346 ], [ -104.043661169725368, 19.30067962979064 ], [ -104.043492348600481, 19.300748140032606 ], [ -104.043176768811151, 19.300701399719458 ], [ -104.042526890354793, 19.299805399551929 ], [ -104.042358520413174, 19.299713109849986 ], [ -104.042408089978821, 19.299391979844376 ], [ -104.042335259523526, 19.299116659936562 ], [ -104.042022689031199, 19.298633921273762 ], [ -104.04178202950726, 19.298174509933599 ], [ -104.041687249130547, 19.29789891971458 ], [ -104.041687199595557, 19.297577310778742 ], [ -104.041735549560514, 19.297302059918753 ], [ -104.041882598822539, 19.297118879571869 ], [ -104.042074770256576, 19.296889780086481 ], [ -104.042270488693134, 19.296706490428225 ], [ -104.04236507950219, 19.29652348088392 ], [ -104.042510549278788, 19.296362970465765 ], [ -104.042631850192024, 19.296179579683482 ], [ -104.042707598755896, 19.295950350846539 ], [ -104.042924949118046, 19.295492171212043 ], [ -104.041475629332325, 19.295557620054048 ], [ -104.0398333203173, 19.294842620189105 ], [ -104.039691550292645, 19.293213170995582 ], [ -104.039014089136742, 19.293211629862476 ], [ -104.038388080315045, 19.293141350237676 ], [ -104.037879000005162, 19.293553090766565 ], [ -104.036766178736755, 19.293596911013896 ], [ -104.03623408981305, 19.293618310783927 ], [ -104.036066428739332, 19.293572370456271 ], [ -104.035946580229577, 19.2933424304357 ], [ -104.035608370446454, 19.292928520015785 ], [ -104.035318690085035, 19.292698600010624 ], [ -104.03519884919514, 19.292468650495088 ], [ -104.03495909038169, 19.291940180584518 ], [ -104.034813949412509, 19.292123860033403 ], [ -104.033653419770246, 19.292166680309897 ], [ -104.032491979676067, 19.29285272046538 ], [ -104.031935170167046, 19.292943460819576 ], [ -104.031378350279084, 19.293033681052815 ], [ -104.030799709764111, 19.292940620365865 ], [ -104.030148289427046, 19.29289329003651 ], [ -104.029679708892928, 19.292502150005998 ], [ -104.029558848771501, 19.292267049569279 ], [ -104.029257260178809, 19.292198080034936 ], [ -104.0286605796326, 19.291981879720577 ], [ -104.025546780142136, 19.290666460383829 ], [ -104.022099370281737, 19.287377030000947 ], [ -104.011561909535189, 19.287926599736291 ], [ -104.0099853500314, 19.29003353964562 ], [ -104.005032030219652, 19.290710259819836 ], [ -104.002134969949481, 19.289677749906108 ], [ -103.990381619674437, 19.286664679985545 ], [ -103.987976979897041, 19.282156739621126 ], [ -103.986364250187435, 19.282070060088596 ], [ -103.982572319731233, 19.282657149723377 ], [ -103.967977860055484, 19.287292309688667 ], [ -103.963541180428635, 19.288676340379528 ], [ -103.957086710135073, 19.290689549973333 ], [ -103.956566030094606, 19.28953518026572 ], [ -103.952247339988588, 19.286873060302483 ], [ -103.949188450122222, 19.284987399562247 ], [ -103.948574780190768, 19.284609080297393 ], [ -103.94644465007751, 19.283393280294998 ], [ -103.944218680091751, 19.28213577017441 ], [ -103.941373250468146, 19.279960349907228 ], [ -103.939380420268606, 19.279495080265342 ], [ -103.938850449904891, 19.279349739566779 ], [ -103.937347260077416, 19.278230770326363 ], [ -103.935908710465014, 19.277191060008107 ], [ -103.935869170137792, 19.277157819984055 ], [ -103.934904229955549, 19.276794259580594 ], [ -103.934345349671887, 19.276321029886823 ], [ -103.931609309623582, 19.27295046023859 ], [ -103.934322680407419, 19.267862939614574 ], [ -103.931873059567877, 19.265987970177367 ], [ -103.931072000078359, 19.265669180443545 ], [ -103.92700950981019, 19.26596006033396 ], [ -103.918735909875679, 19.268262279742743 ], [ -103.913836340209826, 19.267435260053364 ], [ -103.913448399548827, 19.265488460010722 ], [ -103.912851379972807, 19.262492510229613 ], [ -103.905938150015658, 19.259694650339831 ], [ -103.90557471953565, 19.259626749601626 ], [ -103.905392090243566, 19.259526600137448 ], [ -103.89643523021816, 19.254604780150554 ], [ -103.892350750198233, 19.255285079678078 ], [ -103.890153939669489, 19.255071980208967 ], [ -103.888747150075218, 19.255427049785624 ], [ -103.887856350039812, 19.254815909842868 ], [ -103.886967490285627, 19.254204749995644 ], [ -103.886647599660222, 19.254179309791397 ], [ -103.885308850051473, 19.254073739913121 ], [ -103.884094260306554, 19.254187460123106 ], [ -103.883695769525502, 19.254203750057954 ], [ -103.883205280040329, 19.254256260184626 ], [ -103.882831850326866, 19.2542915201577 ], [ -103.882595780338406, 19.254327259941736 ], [ -103.882359660166671, 19.254288909771127 ], [ -103.882114510352352, 19.254357090055308 ], [ -103.881475140246295, 19.254474309893954 ], [ -103.880708290197276, 19.254409120414191 ], [ -103.87968734966698, 19.254523750413192 ], [ -103.878475029660748, 19.254455579622711 ], [ -103.877459449885677, 19.253783719984813 ], [ -103.876858090083559, 19.252757049990741 ], [ -103.870314650015928, 19.252657250115448 ], [ -103.863778169964192, 19.25205310991764 ], [ -103.863074769640932, 19.252132369837081 ], [ -103.86057301958914, 19.25241423024757 ], [ -103.860406650045547, 19.252397680180927 ], [ -103.851282620325776, 19.251490149581784 ], [ -103.850353539637553, 19.251397709812757 ], [ -103.849988720219216, 19.251365879676573 ], [ -103.845550369952903, 19.250895150039351 ], [ -103.845176949685424, 19.250865150053126 ], [ -103.842508060076298, 19.250597169802369 ], [ -103.841698649740991, 19.250565120236946 ], [ -103.841399650394195, 19.250603429986413 ], [ -103.841287720429875, 19.250649980101315 ], [ -103.840974650317833, 19.250956049652963 ], [ -103.840862720251565, 19.250907349900842 ], [ -103.841321659723192, 19.250048880351098 ], [ -103.841758020443777, 19.247963940378966 ], [ -103.842139350268241, 19.246802920297728 ], [ -103.842346970115244, 19.246383149711875 ], [ -103.844598350009463, 19.242542887081775 ], [ -103.844599569359659, 19.242540806761461 ], [ -103.844766990746862, 19.242255220343772 ], [ -103.845335679226267, 19.241285146660442 ], [ -103.845606150158147, 19.240823770408191 ], [ -103.845902910210071, 19.237614480033194 ], [ -103.844746539345067, 19.236056160055174 ], [ -103.843214110318769, 19.233991000186588 ], [ -103.843106350004959, 19.229846459746952 ], [ -103.842173090434486, 19.227005859842397 ], [ -103.84215674956674, 19.226960020151083 ], [ -103.841864909574653, 19.226760480038656 ], [ -103.840917170387414, 19.22337727969127 ], [ -103.840168450003858, 19.223069829718408 ], [ -103.840150920183589, 19.221583290291576 ], [ -103.836455919883235, 19.220167450055488 ], [ -103.837114850240468, 19.222037880261681 ], [ -103.837605549997704, 19.223069120146405 ], [ -103.837775540058189, 19.223298049643006 ], [ -103.837863449592078, 19.223453229735131 ], [ -103.83802858024444, 19.223676600029975 ], [ -103.83817898029676, 19.223868349998394 ], [ -103.838293800147781, 19.224250229925619 ], [ -103.838582650391302, 19.224948770256923 ], [ -103.840062319959216, 19.225768659574154 ], [ -103.841008370318931, 19.226476220309721 ], [ -103.84171562982462, 19.227437950454323 ], [ -103.84205591001124, 19.227918450399073 ], [ -103.842330679538421, 19.229548550327362 ], [ -103.841091230399996, 19.232748370303778 ], [ -103.840899770284722, 19.233047920441383 ], [ -103.840882169638391, 19.234426799865258 ], [ -103.841734059615135, 19.235502290133379 ], [ -103.841911019900721, 19.236810850202524 ], [ -103.842083459810695, 19.237361879638911 ], [ -103.843305600230721, 19.239929349781011 ], [ -103.841836599975679, 19.240970310019978 ], [ -103.840666749714799, 19.243893649878544 ], [ -103.84050662040616, 19.245594679563226 ], [ -103.839815829767119, 19.247413170102799 ], [ -103.839024079780387, 19.248818520294865 ], [ -103.838569800184445, 19.250000000428503 ], [ -103.836944660341288, 19.25291129009026 ], [ -103.836954489886679, 19.253036350241903 ], [ -103.836950150042597, 19.253487860271001 ], [ -103.836791419958217, 19.254925110089641 ], [ -103.836244710069479, 19.25600711966996 ], [ -103.836151770259761, 19.256074490231185 ], [ -103.835615880298207, 19.257964999838137 ], [ -103.835111999689872, 19.258975630240549 ], [ -103.834385199561282, 19.258961249892909 ], [ -103.834513660156404, 19.257545949762939 ], [ -103.832866880098194, 19.257385119801349 ], [ -103.832983879870724, 19.257190030373526 ], [ -103.832429660085182, 19.25707136997335 ], [ -103.832318550412666, 19.257093080204935 ], [ -103.831577679651403, 19.25686525007486 ], [ -103.831503709554326, 19.256871280103198 ], [ -103.831247850069261, 19.25694029024185 ], [ -103.830915830089651, 19.256802460247556 ], [ -103.830684349561778, 19.256346200259685 ], [ -103.830555060245715, 19.256223029570169 ], [ -103.829910690245768, 19.255708370396107 ], [ -103.829742799802034, 19.255582430114728 ], [ -103.829602859855996, 19.255499480223282 ], [ -103.829554229537877, 19.255473770246098 ], [ -103.828114050380378, 19.255060830424895 ], [ -103.827552629797864, 19.254978710364448 ], [ -103.826457080002697, 19.254749219904809 ], [ -103.826342089692332, 19.254717119639118 ], [ -103.825162769590619, 19.25440269045334 ], [ -103.82486131976394, 19.254313650378364 ], [ -103.824481219923484, 19.254250220395317 ], [ -103.82409428018876, 19.254250800440026 ], [ -103.823357660213475, 19.254319539719226 ], [ -103.822744520351861, 19.254380650179645 ], [ -103.822196170208585, 19.254438649973917 ], [ -103.821868289638786, 19.254482619809433 ], [ -103.821800139913407, 19.254478169703255 ], [ -103.821620659828142, 19.254466480163302 ], [ -103.820358819753906, 19.254330940263319 ], [ -103.817080850121116, 19.254106999713933 ], [ -103.813451309723106, 19.253860850085665 ], [ -103.812362349789325, 19.253421400403454 ], [ -103.81206270984508, 19.253198080260219 ], [ -103.811751340297775, 19.252968280039248 ], [ -103.811332919783013, 19.253450150059084 ], [ -103.811176279983229, 19.253720659952844 ], [ -103.810932979903868, 19.253997739588577 ], [ -103.810514399645768, 19.254388539877542 ], [ -103.810373479889421, 19.254686429909629 ], [ -103.810110310424818, 19.255779689559763 ], [ -103.809783029938785, 19.256430050376064 ], [ -103.809085910077755, 19.257265030314532 ], [ -103.80915248966113, 19.257929779905147 ], [ -103.808763109932215, 19.258698650356422 ], [ -103.80851049029468, 19.258920719547351 ], [ -103.808335829552718, 19.259390820390202 ], [ -103.808059140338813, 19.259762829675648 ], [ -103.807319089923922, 19.260757820008791 ], [ -103.806667090169029, 19.260765400021288 ], [ -103.806625400257971, 19.261029799550325 ], [ -103.806391820469301, 19.261198599930349 ], [ -103.806038260153315, 19.261340680360693 ], [ -103.805673849761263, 19.261505369743094 ], [ -103.805046339820137, 19.261990379764256 ], [ -103.805053950291637, 19.262107000193083 ], [ -103.804699859736488, 19.262255489591684 ], [ -103.804023489830357, 19.262865230407652 ], [ -103.803483920073575, 19.263351629921733 ], [ -103.802061200339381, 19.264605799951305 ], [ -103.801356630393386, 19.26431972003947 ], [ -103.801212819796277, 19.264521910037086 ], [ -103.79884032016831, 19.261308540233383 ], [ -103.794033430161235, 19.257970079668951 ], [ -103.793812479889937, 19.257829979982347 ], [ -103.793780369601009, 19.257683800418775 ], [ -103.79389927996661, 19.257248450199427 ], [ -103.79422199957159, 19.256517019756203 ], [ -103.794251710291405, 19.256319420031069 ], [ -103.794216920007031, 19.256131350413064 ], [ -103.793808399980449, 19.255605859574601 ], [ -103.793560219568846, 19.255337050133114 ], [ -103.793340320188364, 19.255179980275365 ], [ -103.792959280464018, 19.254987259628408 ], [ -103.792360710171295, 19.25475331019905 ], [ -103.791854750265983, 19.254540149639251 ], [ -103.791566420275146, 19.254377019983796 ], [ -103.791295090388189, 19.254104090158968 ], [ -103.791224429796912, 19.254059689749091 ], [ -103.790643780245389, 19.253282650038241 ], [ -103.790330509555488, 19.253003980049186 ], [ -103.789993749761749, 19.252799090407805 ], [ -103.789868939609718, 19.252718119919511 ], [ -103.789556889712088, 19.252532290009018 ], [ -103.789088569814339, 19.252236109839675 ], [ -103.788665080471006, 19.251939400030711 ], [ -103.788477939610331, 19.251827780337582 ], [ -103.7883283501899, 19.251781549667029 ], [ -103.788098430460124, 19.251984859874103 ], [ -103.782659230265935, 19.252700889898577 ], [ -103.781264350310934, 19.252744020391329 ], [ -103.781910880260938, 19.250746170030897 ], [ -103.782256030224502, 19.250764649660322 ], [ -103.782411880072118, 19.250511310167944 ], [ -103.784561829826842, 19.249548340317045 ], [ -103.784615520226282, 19.24952429031573 ], [ -103.784699650292396, 19.249486620098342 ], [ -103.78477264952528, 19.249453909795719 ], [ -103.786948689665351, 19.248765370083945 ], [ -103.789773889538196, 19.247910119900542 ], [ -103.789964420188497, 19.247848599953635 ], [ -103.790034349701273, 19.247886999585376 ], [ -103.79046567989063, 19.247559600250881 ], [ -103.790934419590982, 19.247191510178858 ], [ -103.791106779847084, 19.246891200234991 ], [ -103.791268570138527, 19.246696539737659 ], [ -103.791308059605768, 19.246649020356681 ], [ -103.785576179643442, 19.243629890298784 ], [ -103.781686860371479, 19.241581080379088 ], [ -103.781409260326143, 19.241503459669989 ], [ -103.781395807675338, 19.241514034212138 ], [ -103.776107552133567, 19.236998095712501 ], [ -103.781808066247663, 19.177790687410333 ], [ -103.782637039229726, 19.176243269547999 ], [ -103.782692304193844, 19.174972177206598 ], [ -103.782526509447408, 19.173922144438475 ], [ -103.782029125395951, 19.172595785950822 ], [ -103.781752801124924, 19.17044045470875 ], [ -103.781531741343642, 19.168671977915618 ], [ -103.781642270580704, 19.165190289896966 ], [ -103.781359814879906, 19.163785966714983 ], [ -103.781365945582309, 19.162150719628386 ], [ -103.780581833104975, 19.159205908075474 ], [ -103.780426443363936, 19.156624230242546 ], [ -103.78064750311286, 19.154026780250753 ], [ -103.780150119114609, 19.15286621707639 ], [ -103.780315913462431, 19.151705653993915 ], [ -103.778989556290867, 19.149550323083819 ], [ -103.778934290724237, 19.148776614455048 ], [ -103.779376410319799, 19.147892375885036 ], [ -103.780702768443447, 19.147063402274622 ], [ -103.780962911868187, 19.146829891985018 ], [ -103.781281351114373, 19.14688365040335 ], [ -103.781800682936264, 19.147258569902313 ], [ -103.782591946004189, 19.147601518166493 ], [ -103.783402614364945, 19.14769259457368 ], [ -103.78423424549726, 19.148229177165803 ], [ -103.78476294272285, 19.148740580164898 ], [ -103.785151458048603, 19.14894568313591 ], [ -103.793454479670373, 19.154904679589354 ], [ -103.793896079884732, 19.153963480237852 ], [ -103.796751619954478, 19.148547199894271 ], [ -103.797385830127652, 19.148958020219435 ], [ -103.798095509873576, 19.149644349663607 ], [ -103.798277600281466, 19.149752549643576 ], [ -103.798771999608022, 19.150057539614554 ], [ -103.800181510403604, 19.151539199606763 ], [ -103.804360200451171, 19.148336339770722 ], [ -103.805727339680516, 19.147300110012178 ], [ -103.806848400418303, 19.146438970119007 ], [ -103.807940910028591, 19.146137689774722 ], [ -103.808078749529244, 19.145817229744221 ], [ -103.824963200426538, 19.13728342026414 ], [ -103.82584016966814, 19.135985710389559 ], [ -103.817040049720958, 19.121842570355273 ], [ -103.810873180091534, 19.11687977023049 ], [ -103.797604150449018, 19.106199860091191 ], [ -103.790895649807311, 19.098403110120103 ], [ -103.786205889915848, 19.092951910190216 ], [ -103.782611169811361, 19.088773140185058 ], [ -103.783099999591371, 19.086075599768332 ], [ -103.784097979834769, 19.081079079990914 ], [ -103.784529029744121, 19.078230350105358 ], [ -103.785009059773898, 19.075057950243679 ], [ -103.785969600363529, 19.074913279933185 ], [ -103.788321880113642, 19.074558949699998 ], [ -103.790717749806149, 19.074198029713987 ], [ -103.788840520076505, 19.068390080014805 ], [ -103.787285830214316, 19.065736850321226 ], [ -103.785825489875336, 19.064405720070468 ], [ -103.785345379619372, 19.064106619742024 ], [ -103.782670059733462, 19.063072429778721 ], [ -103.783171220337749, 19.060889800441672 ], [ -103.783460220407534, 19.059631119563353 ], [ -103.783541280258319, 19.05927799965453 ], [ -103.783913399913786, 19.059351720208554 ], [ -103.785019480208845, 19.059353780129516 ], [ -103.785305369937731, 19.059354140365301 ], [ -103.785590829898752, 19.059353029789058 ], [ -103.788945479666566, 19.059360400130153 ], [ -103.84002780024845, 19.048948030305198 ], [ -103.846249180200488, 19.047021650294202 ], [ -103.851642999755413, 19.04710271986664 ], [ -103.852669119737712, 19.047133479590361 ], [ -103.853259259817335, 19.047151170072262 ], [ -103.854839739650345, 19.04557288033039 ], [ -103.857339350200604, 19.045606600099354 ], [ -103.856380029813778, 19.071173740141379 ], [ -103.856088150127547, 19.07895127977374 ], [ -103.856038179775808, 19.080594830294501 ], [ -103.861173619915022, 19.086766770287234 ], [ -103.856002780410947, 19.085113430169862 ], [ -103.852408549609265, 19.084212319708413 ], [ -103.850732720148144, 19.087924769706362 ], [ -103.850327659648272, 19.0903235998992 ], [ -103.849922569568321, 19.09272242988099 ], [ -103.848900449791657, 19.103082770136353 ], [ -103.848687980379452, 19.105155539599103 ], [ -103.848409860259366, 19.107868859996643 ], [ -103.852818799692841, 19.106656180404897 ], [ -103.853073619816996, 19.106580950045338 ], [ -103.853662199572597, 19.106419549556819 ], [ -103.855055149724564, 19.106037550342307 ], [ -103.856423820383057, 19.106319419890294 ], [ -103.857935600342486, 19.105142800292914 ], [ -103.867846720404629, 19.101090289928845 ], [ -103.869088830321829, 19.101809509908882 ], [ -103.869146909740763, 19.102966489853344 ], [ -103.871957880002242, 19.10380151976851 ], [ -103.876622339856596, 19.110905399703324 ], [ -103.882351200425035, 19.112015580110587 ], [ -103.882599799867918, 19.112066779702975 ], [ -103.883842230077136, 19.112318289786554 ], [ -103.883326580066907, 19.112860199861228 ], [ -103.882878600442993, 19.113414199899054 ], [ -103.88236829014366, 19.113853509604624 ], [ -103.88231311032753, 19.114258290125086 ], [ -103.882317489608837, 19.114575719718722 ], [ -103.882294309877381, 19.11509555040028 ], [ -103.882335029550987, 19.115845489755323 ], [ -103.882739430030739, 19.116533150034844 ], [ -103.883148599613008, 19.117567120273037 ], [ -103.883527800172544, 19.118630340439747 ], [ -103.883935020407677, 19.119520030310312 ], [ -103.883976949702713, 19.120356539750222 ], [ -103.88416637008855, 19.120873709626 ], [ -103.884281179710172, 19.121403109870613 ], [ -103.884740649535203, 19.120664490085844 ], [ -103.885032819893752, 19.119823820245227 ], [ -103.885173490435889, 19.119013880294752 ], [ -103.88516511036029, 19.118407849654165 ], [ -103.88518709016671, 19.117801450077888 ], [ -103.885669859926509, 19.117564509985957 ], [ -103.886300859544903, 19.117065949988074 ], [ -103.886656520062303, 19.116426509776861 ], [ -103.886953849753453, 19.115960969858108 ], [ -103.887474170231897, 19.116243109891666 ], [ -103.888052419991325, 19.11632245034151 ], [ -103.888354519791818, 19.116203200291029 ], [ -103.888440049619334, 19.115798060059728 ], [ -103.88833852012776, 19.115048880375625 ], [ -103.888175090128044, 19.11421388971501 ], [ -103.88801804966667, 19.113840649900069 ], [ -103.888012849816576, 19.113465480138199 ], [ -103.887853779903111, 19.112947939911596 ], [ -103.888152710055763, 19.112597830009815 ], [ -103.890408079734556, 19.110953260027774 ], [ -103.891198140368815, 19.110555949661453 ], [ -103.892249739830319, 19.110048939732003 ], [ -103.892813649525237, 19.109120149868939 ], [ -103.892762819865368, 19.108891020394505 ], [ -103.892906340053344, 19.108453820059047 ], [ -103.893121950375459, 19.107993170287173 ], [ -103.893216260236557, 19.107579320012412 ], [ -103.893358519675502, 19.107188620377332 ], [ -103.893598280271277, 19.106819950197991 ], [ -103.894080980428924, 19.10658799985325 ], [ -103.894900320441337, 19.106033089637723 ], [ -103.895332200428044, 19.105778049615228 ], [ -103.895731999783465, 19.105065449671326 ], [ -103.89617016986621, 19.104028479960462 ], [ -103.896531229586444, 19.103751679974639 ], [ -103.896746849637367, 19.103497629567727 ], [ -103.896890680215051, 19.103221290102294 ], [ -103.897010710361428, 19.102945150235989 ], [ -103.897153259796838, 19.102577170406395 ], [ -103.897319320086567, 19.102185620112717 ], [ -103.897463169921068, 19.101909820089677 ], [ -103.897558400314949, 19.101564450365725 ], [ -103.897677780317238, 19.101242490091121 ], [ -103.897724740301641, 19.100851890110111 ], [ -103.897844110007142, 19.100529400243349 ], [ -103.897818059945635, 19.100368950402938 ], [ -103.897696420217784, 19.100185979991128 ], [ -103.897695739955893, 19.099795350305307 ], [ -103.897692879818607, 19.099588780389681 ], [ -103.897676340152188, 19.099427680316506 ], [ -103.897684580005532, 19.099199429729303 ], [ -103.897648310060163, 19.098988120252582 ], [ -103.89754512032745, 19.098762449802649 ], [ -103.897349480447332, 19.098533399870785 ], [ -103.896251510191519, 19.097697919849228 ], [ -103.898659249549397, 19.097353139908709 ], [ -103.90588714974902, 19.100656059898736 ], [ -103.911473819713251, 19.104425000334665 ], [ -103.912093059838369, 19.104842740370128 ], [ -103.916304629879662, 19.10814560023265 ], [ -103.919015449845006, 19.110271399631717 ], [ -103.919189419674879, 19.109970519968023 ], [ -103.919493059904553, 19.109587089771754 ], [ -103.919683349656978, 19.109343029931136 ], [ -103.919928860212437, 19.109581549848759 ], [ -103.920704109558443, 19.110469180243591 ], [ -103.921258910107284, 19.111175520261614 ], [ -103.921992179918718, 19.111660950345559 ], [ -103.922659750175939, 19.111779019649703 ], [ -103.923169690235611, 19.11236910973691 ], [ -103.924110289911511, 19.113856260370028 ], [ -103.925831089531812, 19.1148399795796 ], [ -103.930987749983217, 19.116587890358311 ], [ -103.931669429813212, 19.116456819738794 ], [ -103.932182369834621, 19.116207950312845 ], [ -103.932919650110733, 19.116122620147927 ], [ -103.933457780415637, 19.11626472032302 ], [ -103.93405237983221, 19.116586599784249 ], [ -103.934871750329023, 19.117172119804057 ], [ -103.93547980000514, 19.117562749931871 ], [ -103.936150139632915, 19.118242749798668 ], [ -103.937056169987954, 19.118928770093849 ], [ -103.938149750285561, 19.118850970222464 ], [ -103.939247249633027, 19.118610799564436 ], [ -103.940766750375417, 19.118220689803753 ], [ -103.942041940220648, 19.118138119752956 ], [ -103.94332531982549, 19.118203940242921 ], [ -103.944510749777635, 19.118407350233106 ], [ -103.945807059798156, 19.118311970279997 ], [ -103.946771079859346, 19.118208660210442 ], [ -103.947662109563737, 19.1181065797042 ], [ -103.948466980160134, 19.118038540151748 ], [ -103.94972906015677, 19.117988340325706 ], [ -103.950804620415212, 19.117669660151339 ], [ -103.951500569647749, 19.117465019969874 ], [ -103.952058519796708, 19.117081940158585 ], [ -103.952680939831524, 19.116604820368934 ], [ -103.953628490019682, 19.11643836970395 ], [ -103.954250509570343, 19.116621710242899 ], [ -103.955192149644816, 19.116639450207849 ], [ -103.956259879956463, 19.116899110366155 ], [ -103.957171370050617, 19.117170320396053 ], [ -103.957750620404624, 19.117360889724964 ], [ -103.958237020152225, 19.117445199747973 ], [ -103.958843250317813, 19.117406430013929 ], [ -103.959415219638487, 19.117244549638034 ], [ -103.959917120240391, 19.117109310038018 ], [ -103.960399489785559, 19.117123650042068 ], [ -103.960711450236545, 19.117340979799966 ], [ -103.960853119700261, 19.117707399798416 ], [ -103.961017830080181, 19.118235570396891 ], [ -103.961271649908852, 19.118932489605896 ], [ -103.961772819829548, 19.119836309598782 ], [ -103.96182982990203, 19.120199020103364 ], [ -103.962542220149459, 19.121031570306741 ], [ -103.962755490011133, 19.121548169777409 ], [ -103.963102089864591, 19.122359820164554 ], [ -103.963818429854214, 19.122305679751705 ], [ -103.964774519784186, 19.122392319705842 ], [ -103.965612690396043, 19.122364380412346 ], [ -103.966281020389047, 19.122254320251407 ], [ -103.967093119751638, 19.122268650448277 ], [ -103.968256539566852, 19.122720380432401 ], [ -103.96944825979098, 19.123353740371041 ], [ -103.970386339871311, 19.124072449675314 ], [ -103.970964749802988, 19.124434450171684 ], [ -103.971131619630867, 19.125137539799116 ], [ -103.971729150257985, 19.12590494992838 ], [ -103.97245267994829, 19.126834169952701 ], [ -103.973941420412501, 19.126112650356784 ], [ -103.979578800158166, 19.129775169792207 ], [ -103.980597309915325, 19.130743089932526 ], [ -103.98116017023105, 19.130893029716471 ], [ -103.982074650391283, 19.131707219740736 ], [ -103.983111370145508, 19.132958370440296 ], [ -103.985126059631327, 19.132648110412791 ], [ -103.986516220304935, 19.132927739598912 ], [ -103.987056740132118, 19.132938719916844 ], [ -103.988947400465022, 19.132977140201209 ], [ -103.989176290124462, 19.132816279592806 ], [ -103.990370770438972, 19.131976850404484 ], [ -103.990631490467678, 19.131806829792232 ], [ -103.991910340022301, 19.131305340283181 ], [ -103.993267319754878, 19.131670890384317 ], [ -103.995129420047277, 19.13217247970665 ], [ -103.996071450012337, 19.132011969765077 ], [ -103.997403340097463, 19.131785030162469 ], [ -103.998232339760989, 19.132117709897496 ], [ -103.99870805995441, 19.132461680274801 ], [ -103.999186620273008, 19.132102849943987 ], [ -103.999574820083126, 19.132123850442298 ], [ -104.000709650196114, 19.131366110099876 ], [ -104.001737140241531, 19.13194856975165 ], [ -104.002301489946447, 19.132727079555064 ], [ -104.002682080086061, 19.132983829654062 ], [ -104.003749690332128, 19.133035049741167 ], [ -104.005365799828013, 19.133262860160016 ], [ -104.005913339596034, 19.133555150100243 ], [ -104.006088000036627, 19.133991740160354 ], [ -104.006088850001646, 19.13404048994154 ], [ -104.006069519987861, 19.134840580167754 ], [ -104.005063939534381, 19.136878909716078 ], [ -104.006643139923227, 19.136943000145038 ], [ -104.008701619715382, 19.137412169553901 ], [ -104.009369030284489, 19.13710923014925 ], [ -104.010309310453806, 19.137132579564899 ], [ -104.010471600207538, 19.137172919601586 ], [ -104.010495969803031, 19.137160150278127 ], [ -104.011189620452853, 19.13679671977857 ], [ -104.011498019579079, 19.136702940437587 ], [ -104.012844090460277, 19.137026119924574 ], [ -104.013406709709926, 19.138058059698359 ], [ -104.01660007996, 19.139434980188842 ], [ -104.018495260326588, 19.141218680381193 ], [ -104.019777849748905, 19.141301689661432 ], [ -104.019881149757552, 19.141289120375756 ], [ -104.019991280468091, 19.141275719545582 ], [ -104.022582060181122, 19.141106689703967 ], [ -104.02280461990641, 19.141127749752076 ], [ -104.024424909767859, 19.141686849928615 ], [ -104.024919279783589, 19.14242191027736 ], [ -104.025521399846028, 19.143698980319243 ], [ -104.025545630108979, 19.144336950200486 ], [ -104.028333580041078, 19.143744349716894 ], [ -104.033493089818052, 19.147529510150594 ], [ -104.034128910047002, 19.149513150144426 ], [ -104.035553680234926, 19.150116999749599 ], [ -104.036144569900927, 19.151411219866571 ], [ -104.036780520331149, 19.151967450447881 ], [ -104.037905089608941, 19.151085460232721 ], [ -104.038598219604921, 19.150739999922433 ], [ -104.040593800080529, 19.150624319655996 ], [ -104.041804200239611, 19.151326080057938 ], [ -104.042490120085304, 19.152495319619451 ], [ -104.044211540413727, 19.153122419710261 ], [ -104.044327660465129, 19.153352380411754 ], [ -104.044438340366597, 19.153641819562377 ], [ -104.0447494200005, 19.153682859948685 ], [ -104.045250400437226, 19.152581650370511 ], [ -104.04506802976303, 19.151656019864561 ], [ -104.045419799988821, 19.151364109665575 ], [ -104.046335879983772, 19.151467379594894 ], [ -104.048247419911249, 19.151682889877048 ], [ -104.049662680442268, 19.152696689702537 ], [ -104.049344909774817, 19.153449600352182 ], [ -104.049383889704814, 19.154046540300602 ], [ -104.049547750335876, 19.154184180129477 ], [ -104.049783920299006, 19.154158510112321 ], [ -104.050092680469746, 19.153868819966711 ], [ -104.050592830270148, 19.15392751003764 ], [ -104.0510590302396, 19.154298399913856 ], [ -104.051730849927324, 19.154089720050688 ], [ -104.051781510289374, 19.153759659712584 ], [ -104.05151765029521, 19.153475579986374 ], [ -104.05189962952953, 19.153179489562394 ], [ -104.051775279555841, 19.152501339982685 ], [ -104.051959690214304, 19.152290379762665 ], [ -104.053160120117425, 19.152803749791463 ], [ -104.054666459817227, 19.152137629746122 ], [ -104.06085101961834, 19.151661630031157 ], [ -104.060956753041339, 19.151563990993065 ], [ -104.063067551280312, 19.15201469697822 ], [ -104.063607837907185, 19.152572147812311 ], [ -104.063661958470618, 19.153681816935013 ], [ -104.063577775040315, 19.154368269567843 ], [ -104.063754714018771, 19.155078595318546 ], [ -104.062420068528141, 19.156181181955947 ], [ -104.0621554975463, 19.156696272492795 ], [ -104.060542187565218, 19.157242726148819 ], [ -104.060154570981425, 19.158158860406083 ], [ -104.059005037130021, 19.158554651735791 ], [ -104.057710152727893, 19.159733915865324 ], [ -104.054641733195567, 19.161305724937758 ], [ -104.052257966708467, 19.161408205503612 ], [ -104.05136622562442, 19.162474736081652 ], [ -104.04999315599278, 19.16323273466352 ], [ -104.048339052501277, 19.163855374671137 ], [ -104.048477643137261, 19.164257768604397 ], [ -104.048486721472756, 19.165481967496042 ], [ -104.048241452244184, 19.166131027542892 ], [ -104.047795007529999, 19.166759916490978 ], [ -104.047427644141791, 19.167637870592188 ], [ -104.046880110955215, 19.168342742040551 ], [ -104.045787560423179, 19.169312562608418 ], [ -104.044212241887749, 19.170222482613784 ], [ -104.04382328794253, 19.171348970307015 ], [ -104.043196535767251, 19.171823889408735 ], [ -104.041198803061306, 19.172674196835779 ], [ -104.039989627454162, 19.17291653294587 ], [ -104.039519567708552, 19.174138222866041 ], [ -104.037944754214777, 19.175641034947731 ], [ -104.037418060101658, 19.176212092854989 ], [ -104.037231228932683, 19.177186605841985 ], [ -104.036460415454883, 19.178196307698016 ], [ -104.03496339182125, 19.178443916469714 ], [ -104.033067153064252, 19.180148573142286 ], [ -104.032052729524054, 19.181501262160069 ], [ -104.03274129161386, 19.182174347601777 ], [ -104.033040228183935, 19.182692359172684 ], [ -104.033096565933107, 19.183612576057833 ], [ -104.033603152655417, 19.184301113933238 ], [ -104.034253222730342, 19.18526180223196 ], [ -104.033819884856996, 19.187076612143848 ], [ -104.034940178891389, 19.188287526756969 ], [ -104.035085177054142, 19.191042616783903 ], [ -104.035076149138547, 19.192591878116467 ], [ -104.035213947309245, 19.193128166194388 ], [ -104.035146196478678, 19.19439020915263 ], [ -104.034838870893992, 19.195306701168295 ], [ -104.034852312025862, 19.196454407252183 ], [ -104.034628296865108, 19.196893154893701 ], [ -104.033879065849064, 19.19763517229153 ], [ -104.032952661987252, 19.197687670804036 ], [ -104.032450482022242, 19.197493750059067 ], [ -104.031481017383868, 19.198024195329182 ], [ -104.03044383735876, 19.198953432151797 ], [ -104.031738664457308, 19.200322634988002 ], [ -104.032701993794319, 19.200844155113476 ], [ -104.03392760779218, 19.201271415646545 ], [ -104.03537167536264, 19.202216253996259 ], [ -104.035663742501825, 19.203920115066555 ], [ -104.03501246924408, 19.205121704517417 ], [ -104.035098425880165, 19.205512808441529 ], [ -104.035430352063813, 19.205965502248475 ], [ -104.035563924156207, 19.207228602905978 ], [ -104.034834222697697, 19.208066361216968 ], [ -104.034297807368375, 19.210282294224033 ], [ -104.034526457968866, 19.212502257354725 ], [ -104.03662047829711, 19.212494149854198 ], [ -104.038210933105375, 19.212521630676516 ], [ -104.038670341461327, 19.213155240494523 ], [ -104.039533652188638, 19.213580566279585 ], [ -104.040322869844999, 19.212896119605109 ], [ -104.041207095086463, 19.213187657246749 ], [ -104.042616354053422, 19.213214151931478 ], [ -104.042445427229282, 19.214915584762597 ], [ -104.04228025539787, 19.215622430138694 ], [ -104.043280434247805, 19.216756162517914 ], [ -104.044627222608028, 19.217145735016103 ], [ -104.046015831533964, 19.21726773411222 ], [ -104.046874774536334, 19.218458094583731 ], [ -104.048168339649791, 19.217604092435764 ], [ -104.051026113459486, 19.217848443293875 ], [ -104.051974658459883, 19.216763098253526 ], [ -104.053242575513138, 19.216865290768016 ], [ -104.054280154816695, 19.218515596894804 ], [ -104.055550381161169, 19.218216111703594 ], [ -104.056231462531699, 19.218831695553625 ], [ -104.056710219281413, 19.219618380557925 ], [ -104.056486117699933, 19.220076282071254 ], [ -104.056824152901669, 19.220823986898029 ], [ -104.05740251051941, 19.221094746671547 ], [ -104.057920568138897, 19.222053776183202 ], [ -104.058944080002405, 19.222651984142221 ], [ -104.058981736140623, 19.223111232657828 ], [ -104.059982620893507, 19.224149246538829 ], [ -104.059977943481087, 19.224971697259935 ], [ -104.060661677114496, 19.225128223500644 ], [ -104.060087986841495, 19.226865865226827 ], [ -104.060279771670849, 19.228550052357207 ], [ -104.060195420641918, 19.229219074783707 ], [ -104.060311993705554, 19.229965637928562 ], [ -104.060404624890438, 19.231381533841251 ], [ -104.060441198692132, 19.232032049611355 ], [ -104.060897261431563, 19.23256995372375 ], [ -104.061253085121251, 19.233738542722378 ], [ -104.061607826910603, 19.235098399700643 ], [ -104.062592894465467, 19.235390355858662 ], [ -104.063496334611585, 19.235873162000726 ], [ -104.063715128148402, 19.236352463514912 ], [ -104.064843872860052, 19.236166959162961 ], [ -104.065787057108352, 19.236745594679824 ], [ -104.066200821352396, 19.237646689166873 ], [ -104.067000790019662, 19.238626261152415 ], [ -104.067624715910512, 19.238686821422426 ], [ -104.068305817314695, 19.239321491168059 ], [ -104.06850492399343, 19.239724178129922 ], [ -104.069111420380921, 19.240090860650138 ], [ -104.069749230927215, 19.240476471774951 ], [ -104.070028029853958, 19.241032580669753 ], [ -104.069300495686619, 19.241487938300736 ], [ -104.068891706813048, 19.242556988401105 ], [ -104.068644552636471, 19.243531224132976 ], [ -104.068502992572476, 19.244235197266018 ], [ -104.068744520436766, 19.244947859999389 ], [ -104.06876674011383, 19.245831059754838 ], [ -104.05738644953567, 19.249244170946856 ], [ -104.05306821988431, 19.250582291036938 ], [ -104.052883549803909, 19.250974319656379 ], [ -104.048745910063388, 19.248641549645395 ], [ -104.044712148864008, 19.25016572005158 ], [ -104.044324520206658, 19.25183989018317 ], [ -104.04411773946137, 19.253950079893521 ], [ -104.041858219886507, 19.257951919970807 ], [ -104.041223169327623, 19.25838452034057 ], [ -104.040804349840883, 19.258378281054839 ], [ -104.040852198724281, 19.258450709615126 ], [ -104.039727180183434, 19.259834001201995 ], [ -104.039683539647413, 19.260292511212974 ], [ -104.038806379896641, 19.262285480839942 ], [ -104.036470739693357, 19.26316695098971 ], [ -104.034063248571812, 19.265895349591354 ], [ -104.033078919551016, 19.26863125094561 ], [ -104.032194339341899, 19.2702328909727 ], [ -104.032034319294567, 19.277003690447298 ], [ -104.035039819302298, 19.27512411086423 ], [ -104.040922339483458, 19.273768720321655 ], [ -104.043457689397826, 19.274031229574312 ], [ -104.050447550189276, 19.274754719913858 ], [ -104.051990889991629, 19.274310651109204 ], [ -104.052013750040189, 19.276900830487207 ], [ -104.05338048930308, 19.277328739978977 ], [ -104.055185750481428, 19.280505521090188 ], [ -104.055578620278069, 19.282514821335557 ], [ -104.056018519777325, 19.284795170679722 ], [ -104.061531679872999, 19.281235020314298 ], [ -104.062356618876066, 19.281214060145022 ], [ -104.062646979295891, 19.280984780235443 ], [ -104.062987658857935, 19.280801200578136 ], [ -104.063276918984727, 19.280686821322551 ], [ -104.063615779258399, 19.280572919774343 ], [ -104.063980149453343, 19.280504540553441 ], [ -104.064490909868809, 19.280527000812324 ], [ -104.065310738766271, 19.280673150951671 ], [ -104.065796048918799, 19.280715800532018 ], [ -104.066162920275346, 19.281050629872468 ], [ -104.06815024912656, 19.285726880907774 ], [ -104.068911598841296, 19.285971460892963 ], [ -104.069020338741709, 19.286215520805225 ], [ -104.06637528037848, 19.287451580459461 ], [ -104.065986520016509, 19.288554740535027 ], [ -104.062369969910421, 19.290915540743953 ], [ -104.059583849401974, 19.290909350662602 ], [ -104.059294219571242, 19.291000540019443 ], [ -104.059076138913952, 19.291091849606996 ], [ -104.058759289758328, 19.291275090135063 ], [ -104.058395420459661, 19.291504279621076 ], [ -104.057983479950906, 19.291710291161955 ], [ -104.0578138193911, 19.291847951182906 ], [ -104.057790489105273, 19.292009080275538 ], [ -104.057885120022235, 19.292147120103561 ], [ -104.058080569661826, 19.292262769694126 ], [ -104.058295859023403, 19.292493120298342 ], [ -104.059040848918187, 19.29361650971267 ], [ -104.059236659664521, 19.294135399790218 ], [ -104.059437230464695, 19.294463340822986 ], [ -104.059622250264567, 19.29470995001147 ], [ -104.059842149729278, 19.294866050714671 ], [ -104.060034719698805, 19.294981201160891 ], [ -104.060323119088693, 19.295313020457787 ], [ -104.060638599655704, 19.295478570047422 ], [ -104.061041019588799, 19.295589140257825 ], [ -104.061456539525409, 19.295809420271283 ], [ -104.061857258755097, 19.295934220705842 ], [ -104.062215338802474, 19.296140510228987 ], [ -104.062076019320813, 19.296706370981958 ], [ -104.0616656289681, 19.297330290132791 ], [ -104.061636418685652, 19.29760648074193 ], [ -104.061618829940969, 19.298020551066898 ], [ -104.061645230172545, 19.298503800439821 ], [ -104.061643780162825, 19.298849170753947 ], [ -104.061726378784527, 19.299263149745173 ], [ -104.061967828585125, 19.299770019885639 ], [ -104.06253841873675, 19.300461540089639 ], [ -104.062925510036493, 19.300945480076038 ], [ -104.063046458610572, 19.301245060817809 ], [ -104.063044660328117, 19.301566709721101 ], [ -104.06299634868185, 19.301842510573046 ], [ -104.06289877027028, 19.301888599982743 ], [ -104.062607379986261, 19.301864851299026 ], [ -104.062221260319177, 19.301887059715241 ], [ -104.061675250337828, 19.302187879908175 ], [ -104.060091380101554, 19.30282607994123 ], [ -104.05929216995824, 19.303168749875837 ], [ -104.058765169491139, 19.30397038133334 ], [ -104.058312059047537, 19.304611280097589 ], [ -104.057916948631856, 19.304985310939465 ], [ -104.057741020336678, 19.305151320872294 ], [ -104.057377488613355, 19.305279749656343 ], [ -104.057114018751378, 19.305335980510655 ], [ -104.056846919980572, 19.305341881011948 ], [ -104.056605278641726, 19.305325970128418 ], [ -104.056507620286837, 19.305304019914278 ], [ -104.056340489061185, 19.305295601215558 ], [ -104.056217689787189, 19.305251970707452 ], [ -104.056073230169417, 19.305163879926841 ], [ -104.05597571857848, 19.305025879617052 ], [ -104.055807279546443, 19.304929680406978 ], [ -104.05566304911045, 19.3048563498707 ], [ -104.055445089526913, 19.304767550153507 ], [ -104.055253138702199, 19.304693690853316 ], [ -104.055061399042913, 19.304634061256166 ], [ -104.054698579992248, 19.304620339569603 ], [ -104.054334649549347, 19.304722051069692 ], [ -104.053819249980236, 19.305029750106552 ], [ -104.053440949856977, 19.305255140639755 ], [ -104.053004399184886, 19.305540289921968 ], [ -104.052796079029989, 19.305646121199391 ], [ -104.052665999920563, 19.305752630239454 ], [ -104.052447088759934, 19.305917051076857 ], [ -104.052103749368797, 19.306119310434976 ], [ -104.051789969255282, 19.306319429869699 ], [ -104.048514629710851, 19.30254922002327 ] ] ] } }
]
}
